Trial,switch,t_pos,t_frequency,resp_speed,outcome_midLeft,outcome_midRight,outcome_downLeft,outcome_downRight,Pp_midLeft,Pp_midRight,Pp_downLeft,Pp_downRight
0,0,downLeft,lowB,6.259432845899358,0,0,1,0,0.08890969082086145,0.08890969082086145,0.7332709275374156,0.08890969082086145
1,0,downRight,lowC,6.210477034060286,0,0,0,1,0.0316197324874447,0.0316197324874447,0.26077956582111167,0.6759809692039989
2,0,midRight,high,6.304988982067116,0,1,0,0,0.011245202557188225,0.6556064392737424,0.09274332227821411,0.2404050358908552
3,0,midRight,high,6.870307022661486,0,1,0,0,0.003999229930310263,0.8775202999805315,0.03298312043782211,0.08549734965133615
4,0,downLeft,lowB,6.344788231124861,0,0,1,0,0.001422281186501683,0.3120802342411946,0.6560913128782903,0.030406171694013537
5,0,midRight,high,6.554178416847506,0,1,0,0,0.0005058183222087705,0.7553490652673007,0.23333150311304746,0.01081361329744309
6,0,downRight,lowC,6.416046620376738,0,0,0,1,0.00017988860255643466,0.2686314074189696,0.08298172720219169,0.6482069767762823
7,0,downRight,lowC,6.692220385360929,0,0,0,1,6.397536014195773e-05,0.09553574151357383,0.02951151883731172,0.8748887642889724
8,0,downRight,lowC,6.990093669108503,0,0,0,1,2.2752117961498894e-05,0.033976212961254346,0.010495440061917653,0.9555055948588664
9,0,downLeft,lowB,6.274895976150743,0,0,1,0,8.091535093906541e-06,0.012083258358595476,0.6480938220402901,0.3398148280660205
10,0,downLeft,lowB,6.776572223593911,0,0,1,0,2.8776635338615225e-06,0.004297275059085254,0.8748485220786046,0.12085132519877628
11,0,midRight,high,6.374799597317263,0,1,0,0,1.023408700328382e-06,0.6458895143040561,0.3111300464523853,0.04297941583485833
12,0,midRight,high,6.870500220425973,0,1,0,0,3.6396380451830435e-07,0.8740645848013942,0.11064990494064733,0.015285146294153961
13,0,midRight,high,6.985981089110261,0,1,0,0,1.2943963731882758e-07,0.9552124846851806,0.03935139535052265,0.00543599052465946
14,0,midLeft,lowA,6.376488791587872,1,0,0,0,0.6443612827503068,0.339710586726345,0.013994881575937815,0.00193324894741042
15,0,midLeft,lowA,6.85165388894612,1,0,0,0,0.8735210864216081,0.1208142529376511,0.004977122375964805,0.0006875382647760651
16,0,midRight,high,6.485209297778125,0,1,0,0,0.31065795887699266,0.6873274682183139,0.0017700576464984887,0.0002445152581950061
17,0,midRight,high,6.963912511166665,0,1,0,0,0.11048201229917323,0.8888015274844573,0.0006295011123411292,8.695910402840441e-05
18,0,midRight,high,6.958894422193904,0,1,0,0,0.03929168621914442,0.9604535127555641,0.0002238749970785527,3.092602821289825e-05
19,0,midRight,high,6.942101757982071,0,1,0,0,0.01397364669429773,0.9859357361841843,7.961862709110151e-05,1.0998494426904087e-05
20,0,midRight,high,7.040572599621426,0,1,0,0,0.004969570428919856,0.9949982026100512,2.8315470073005195e-05,3.9114909559640404e-06
21,0,midRight,high,6.9857657504610975,0,1,0,0,0.0017673718813910407,0.9982211669620442,1.0070078758552987e-05,1.3910778061734345e-06
22,0,midRight,high,6.919640314247682,0,1,0,0,0.0006285459501598465,0.9993673780182937,3.5813103558586817e-06,4.947211906185692e-07
23,0,midLeft,lowA,6.28822653567066,1,0,0,0,0.6445847720209359,0.3554137783842458,1.2736527858917786e-06,1.7594203240170181e-07
24,0,midLeft,lowA,6.875217550954255,1,0,0,0,0.8736005678694216,0.12639891659846986,4.529603016270675e-07,6.257180681291718e-08
25,0,midLeft,lowA,7.22870860624619,1,0,0,0,0.9550474622773513,0.044952354379447224,1.6109024148714686e-07,2.2252959991356553e-08
26,0,midRight,high,6.328140383249408,0,1,0,0,0.3396518983613106,0.66034803643474,5.7289934259520536e-08,7.914015170722044e-09
27,0,midRight,high,6.8362096225870275,0,1,0,0,0.12079338108009113,0.879206595730857,2.0374521368645797e-08,2.814530567922016e-09
28,0,midLeft,lowA,6.5632045966194275,1,0,0,0,0.6873200453767037,0.31267994637637053,7.245969582037331e-09,1.00095617039924e-09
29,0,downRight,lowC,6.233153230608841,0,0,0,1,0.2444376509176927,0.11120110943282657,2.576947660945223e-09,0.644361237072533
30,0,midRight,high,6.271844307377082,0,1,0,0,0.08693150387227888,0.6839086617509917,9.164624791847273e-10,0.22915983346026686
31,0,downLeft,lowB,6.298155467257049,0,0,1,0,0.030916212527507342,0.24322443066395916,0.6443612370424838,0.0814981197660497
32,0,midRight,high,6.436353405484316,0,1,0,0,0.010995003588690884,0.7308612724382049,0.22915983344958019,0.028983890523524063
33,0,midLeft,lowA,6.52453614906009,1,0,0,0,0.6482714861951333,0.25992259906168874,0.0814981197622491,0.010307794980928882
34,0,midRight,high,6.5135347066797955,0,1,0,0,0.2305504696223586,0.7367997883962721,0.02898389052217242,0.003665851459196857
35,0,midLeft,lowA,6.471989149274983,1,0,0,0,0.7263539206074674,0.2620345655327548,0.010307794980448187,0.0013037188793295854
36,0,midRight,high,6.482798129714411,0,1,0,0,0.25831961003092185,0.7375508855401383,0.0036658514590259036,0.00046365296991405364
37,0,downLeft,lowB,6.229988519223058,0,0,1,0,0.09186846664325904,0.262301684792105,0.6456649555958229,0.00016489296881293074
38,0,midRight,high,6.449410197711369,0,1,0,0,0.03267198786175514,0.7376458835031827,0.2296234863035594,5.864233150276648e-05
39,0,midRight,high,6.801682263517787,0,1,0,0,0.011619425357166351,0.9066967064667508,0.08166301268983112,2.085548625170172e-05
40,0,downRight,lowC,6.3278338556805735,0,0,0,1,0.004132318064086951,0.32245649536100873,0.029042532839011877,0.6443686537358925
41,0,midRight,high,6.457397911362587,0,1,0,0,0.0014696124858057263,0.7590392659394576,0.010328650461485046,0.22916247111325172
42,0,midRight,high,6.756016849830798,0,1,0,0,0.0005226511669578591,0.9143050225388374,0.0036732684765095336,0.0814990578176952
43,0,midRight,high,6.90927221393612,0,1,0,0,0.00018587501464554276,0.9695235441961094,0.0013063566581939176,0.028984224131051166
44,0,midRight,high,7.073443442848305,0,1,0,0,6.61043603338332e-05,0.9891613909486417,0.00046459106632717995,0.010307913624697244
45,0,downLeft,lowB,6.301028141967395,0,0,1,0,2.3509272956767704e-05,0.35178413376470796,0.6445264633088154,0.003665893653519909
46,0,midRight,high,6.358156047322156,0,1,0,0,8.360808760037823e-06,0.7694693109913733,0.2292185943146003,0.001303733885266453
47,0,midLeft,lowA,6.43468603382246,1,0,0,0,0.6443642101442416,0.2736531141455371,0.08151901740361434,0.00046365830660688315
48,0,midRight,high,6.457823718034989,0,1,0,0,0.22916089079981244,0.7416828917999366,0.028991322533503096,0.00016489486674776862
49,0,downRight,lowC,6.571383695932962,0,0,0,1,0.08149849579697807,0.2637711863882192,0.010310438091766537,0.6444198797230362
50,0,downLeft,lowB,6.326938894351285,0,0,1,0,0.028984024254698385,0.09380725851691354,0.6480280281684206,0.22918068905996747
51,0,midRight,high,6.458685614082407,0,1,0,0,0.010307842540918329,0.6777227341225198,0.2304638865108271,0.08150553682573478
52,0,downLeft,lowB,6.476302091034303,0,0,1,0,0.003665868373372686,0.24102447501240848,0.7263231282967613,0.028986528317457662
53,0,midRight,high,6.441603699436672,0,1,0,0,0.0013037248946661593,0.730078882931009,0.2583086590916237,0.010308733082701225
54,0,midRight,high,6.783646142987983,0,1,0,0,0.0004636551092009135,0.9040055877414979,0.09186457206475027,0.0036661850845510074
55,0,midLeft,lowA,6.2265327755224575,1,0,0,0,0.6445261304461805,0.32149942922571084,0.03267060279867077,0.0013038375294379353
56,0,downRight,lowC,6.351535022562727,0,0,0,1,0.22921847593574446,0.1143376594061655,0.011618932775043955,0.6448249318830461
57,0,midRight,high,6.455338279191928,0,1,0,0,0.08151897530350444,0.6850241405044868,0.004132142882790127,0.2293247413092187
58,0,downRight,lowC,6.50544263060553,0,0,0,1,0.02899130756107208,0.2436211381483211,0.0014695501845459731,0.7259180041060609
59,0,midRight,high,6.540909849123944,0,1,0,0,0.010310432766989685,0.7310023569973286,0.0005226290102148894,0.2581645812254668
60,0,midRight,high,6.762435374561572,0,1,0,0,0.0036667895581693278,0.9043340109163681,0.00018586713484887462,0.0918133323906137
61,0,midRight,high,6.9662615787737,0,1,0,0,0.0013040525036879923,0.9659774659540096,6.610155797269121e-05,0.032652379984329793
62,0,downLeft,lowB,6.302718477484367,0,0,1,0,0.0004637716196682787,0.34353903135156083,0.6443847449928828,0.011612452035888187
63,0,midRight,high,6.536473479510644,0,1,0,0,0.0001649351652647872,0.7665370329660162,0.22916819378798742,0.004129838080731607
64,0,midLeft,lowA,6.166408522066164,1,0,0,0,0.644419894054751,0.2726102824149959,0.0815010930226609,0.0014687305075922683
65,0,downLeft,lowB,6.312948530400487,0,0,1,0,0.2291806941568808,0.09695078369642005,0.6733461846453823,0.0005223375013167819
66,0,midLeft,lowA,6.579761712317697,1,0,0,0,0.7258667753549489,0.03447945681315569,0.23946800436891053,0.00018576346298486554
67,0,midRight,high,6.20266796171364,0,1,0,0,0.2581463622957768,0.6566234680962699,0.08516410491971413,6.606468823918774e-05
68,0,midRight,high,6.7487048649383805,0,1,0,0,0.09180685303299041,0.8778819948531987,0.03028765694978875,2.3495164022091134e-05
69,0,downLeft,lowB,6.343339641346308,0,0,1,0,0.032650075673597775,0.3122088669583959,0.6551327015769304,8.3557910759582e-06
70,0,midLeft,lowA,6.3684502835398575,1,0,0,0,0.6559728692502235,0.11103357533120978,0.23299058377536225,2.9716432045086273e-06
71,0,midRight,high,6.365800046710661,0,1,0,0,0.23328937996764298,0.683849080130285,0.0828604830705579,1.056831514171104e-06
72,0,downRight,lowC,6.217878955078451,0,0,0,1,0.08296674657885442,0.2432032411300566,0.029468399724282113,0.6443616125668069
73,0,midLeft,lowA,6.250272248465868,1,0,0,0,0.6738674278635091,0.08649249990201899,0.010480105233885924,0.22915996700058605
74,0,midLeft,lowA,6.768151238589529,1,0,0,0,0.8840146153789292,0.03076008569844759,0.0037271316644595575,0.08149816725816367
75,0,midRight,high,6.116990884751176,0,1,0,0,0.31438986453785334,0.6553007155528429,0.001325512495742968,0.028983907413560737
76,0,midLeft,lowA,6.600133152431554,1,0,0,0,0.7561704593296464,0.23305033605797015,0.0004714036247027828,0.010307800987680638
77,0,midRight,high,6.514979307192598,0,1,0,0,0.26892352698747063,0.7272429700150023,0.0001676494020966313,0.0036658535954306234
78,0,downRight,lowC,6.512901559827342,0,0,0,1,0.09563963055564642,0.25863579046271545,5.9622626026855076e-05,0.6456649563556113
79,0,downLeft,lowB,6.322043087463551,0,0,1,0,0.03401315993169575,0.09198091266099656,0.6443824408335381,0.22962348657376958
80,0,midRight,high,6.440045002997084,0,1,0,0,0.012096398133470326,0.6770732147409937,0.22916737433960765,0.08166301278592833
81,0,downRight,lowC,6.39567163848008,0,0,0,1,0.004301948072371569,0.2407934807428339,0.08150080159505255,0.673403769589742
82,0,downRight,lowC,6.7796417269944875,0,0,0,1,0.0015299394921678283,0.08563549569809767,0.028984844285873973,0.8838497205238606
83,0,midRight,high,6.699520165434205,0,1,0,0,0.0005441057888930696,0.6748165384997905,0.010308134175791472,0.31433122153552495
84,0,midRight,high,6.735181424328181,0,1,0,0,0.00019350510985729493,0.8843521559118355,0.0036659720900383006,0.1117883668882689
85,0,downRight,lowC,6.354138403960559,0,0,0,1,6.88179179586757e-05,0.31450990703553416,0.00130376178033285,0.6841175132661742
86,0,downRight,lowC,6.867117828514934,0,0,0,1,2.4474319234565055e-05,0.11185191437850889,0.0004636682271737983,0.8876599430750827
87,0,midRight,high,6.497699004404331,0,1,0,0,8.704016624784967e-06,0.6841401132170131,0.00016489839488591744,0.3156862843714763
88,0,midRight,high,6.8855465800007805,0,1,0,0,3.0954857080370777e-06,0.8876679804936494,5.8644261224652955e-05,0.112270279759418
89,0,midRight,high,7.079149068857599,0,1,0,0,1.1008747089678877e-06,0.9600503795056295,2.0856172535606914e-05,0.039927663447125894
90,0,downRight,lowC,6.40029888344789,0,0,0,1,3.9151372002736285e-07,0.3414311296571849,7.41726340738941e-06,0.6585610615656876
91,0,midRight,high,6.665837718019372,0,1,0,0,1.3923745519903257e-07,0.7657873814143052,2.6378663851515267e-06,0.23420984148185436
92,0,midRight,high,6.956173460057748,0,1,0,0,4.951823636971813e-08,0.9167049139808061,9.381275389222627e-07,0.08329409837341856
93,0,midRight,high,7.13516472829615,0,1,0,0,1.7610604342503904e-08,0.9703770386205457,3.336345177444561e-07,0.029622610134332247
94,0,midRight,high,7.1454439180708125,0,1,0,0,6.263013549042169e-09,0.9894649266502176,1.1865336727930721e-07,0.010534948433401588
95,0,downLeft,lowB,6.332966130117236,0,0,1,0,2.227370393008822e-09,0.35189208282622875,0.644361278914291,0.003746636032109815
96,0,midRight,high,6.563468195839988,0,1,0,0,7.921392519438201e-10,0.7695077018621101,0.22915984834081793,0.0013324490049327312
97,0,downLeft,lowB,6.423374883308313,0,0,1,0,2.8171542390957404e-10,0.2736667674273274,0.7258593617747047,0.00047387051625253447
98,0,midRight,high,6.548005468845001,0,1,0,0,1.001889249570726e-10,0.7416877474361873,0.25814372573926725,0.00016852672435653938
99,0,downLeft,lowB,6.474729871214659,0,0,1,0,3.563106536643125e-11,0.26377291324069035,0.7361671520878482,5.9934635830369827e-05
100,1,downRight,lowC,6.285757862128682,0,0,0,1,1.2671788021389228e-11,0.09380787265259077,0.2618095755384187,0.6443825517963188
101,1,midRight,lowB,6.545420406791147,0,1,0,0,4.506579020516847e-12,0.6777229525329724,0.0931096336602471,0.22916741380227373
102,1,downRight,lowC,6.38048626779694,0,0,0,1,1.6027141894957337e-12,0.24102455268763173,0.03311339496470497,0.7258620523460606
103,1,downLeft,high,6.150808499596378,0,0,1,0,5.699872922490928e-13,0.08571767383877507,0.6561376435499182,0.2581446826107368
104,1,midLeft,lowA,6.338999215951774,1,0,0,0,0.6443612367167569,0.03048452751555574,0.23334798009580732,0.09180625567188008
105,1,downRight,lowC,6.371707739210688,0,0,0,1,0.22915983333373907,0.010841479664912418,0.08298758705596304,0.6770110999453854
106,1,midRight,lowB,6.349146672955955,0,1,0,0,0.08149811972105153,0.6482168871367463,0.029513602828459988,0.24077139031374217
107,1,downLeft,high,6.2074145165578765,0,0,1,0,0.028983890507520968,0.23053105208075741,0.6548574179265065,0.0856276394852151
108,1,downLeft,high,6.719545645907806,0,0,1,0,0.01030779497523756,0.08198577826043221,0.8772539189549275,0.030452507809402646
109,1,downLeft,high,7.059576254092088,0,0,1,0,0.0036658514571728026,0.029157320787370926,0.9563467355392408,0.01083009221621543
110,1,downLeft,high,6.8906465398417795,0,0,1,0,0.0013037188786097532,0.010369473505479301,0.9844752070138904,0.003851600602020528
111,1,midRight,lowB,6.431421318997159,0,1,0,0,0.00046365296965805345,0.6480490234499433,0.3501175451056342,0.0013697784747643557
112,1,midLeft,lowA,6.18995754324701,1,0,0,0,0.6445261296852761,0.23047135324678258,0.1245153707452038,0.0004871463227374801
113,1,midRight,lowB,6.521652723382889,0,1,0,0,0.22921847566513742,0.7263257837575021,0.044282492461604026,0.00017324811575643577
114,1,downLeft,high,6.329573372331256,0,0,1,0,0.08151897520726609,0.25830960347639753,0.6601098075707076,6.161374562880607e-05
115,1,midRight,lowB,6.541458261542358,0,1,0,0,0.02899130752684599,0.7362261446411376,0.2347606355957198,2.1912236296689406e-05
116,1,downLeft,high,6.4597879927700745,0,0,1,0,0.01031043275481756,0.26183055557711343,0.7278512188274517,7.792840617329252e-06
117,1,midLeft,lowA,6.294159711626056,1,0,0,0,0.6480280262703947,0.09311709497526213,0.2588521073181436,2.7714361996119796e-06
118,1,downLeft,high,6.3059915744387185,0,0,1,0,0.2304638858358155,0.033116048497549386,0.7364190800364927,9.856301425489775e-07
119,1,downLeft,high,6.775097782492863,0,0,1,0,0.08196189134014667,0.011777350532503075,0.9062604075990653,3.5052828495100473e-07
120,1,downLeft,high,6.921451792001763,0,0,1,0,0.029148825672581924,0.004188482378135025,0.9666625672878373,1.246614457558426e-07
121,1,downLeft,high,6.987704454536331,0,0,1,0,0.01036645231336179,0.0014895866929944463,0.9881439166592013,4.433444239773423e-08
122,1,downRight,lowC,6.456315920857029,0,0,0,1,0.0036867122803608023,0.0005297547693000228,0.35142228046673873,0.6443612524836005
123,1,downRight,lowC,7.01916210090351,0,0,0,1,0.001311137795969408,0.00018840133099736725,0.12497938521543919,0.8735210756575941
124,1,downLeft,high,6.3816481799912586,0,0,1,0,0.00046629142425274315,6.700281635685881e-05,0.6888087507104984,0.31065795504889204
125,1,downLeft,high,6.635304068300221,0,0,1,0,0.00016583130545092212,2.38287987456611e-05,0.8893283289580511,0.11048201093775226
126,1,downLeft,high,7.138169930845751,0,0,1,0,5.897604038424529e-05,8.474444516437037e-06,0.9606408637801289,0.03929168573497034
127,1,downLeft,high,6.888572011142028,0,0,1,0,2.0974166065607547e-05,3.0138409673398465e-06,0.9860023654708604,0.01397364652210666
128,1,downRight,lowC,6.32081972690888,0,0,0,1,7.459226480474283e-06,1.071838674357727e-06,0.35066066185060896,0.6493308070842362
129,1,downLeft,high,6.650669108828177,0,0,1,0,2.6527900805670045e-06,3.8118738058795004e-07,0.7690697608292594,0.23092720519327947
130,1,midRight,lowB,6.3297274458383175,0,1,0,0,9.43434983503442e-07,0.6443613722815628,0.27351101862001326,0.08212666566344043
131,1,downLeft,high,6.496842808920509,0,0,1,0,3.355220507715022e-07,0.229159881545839,0.7416323571229713,0.029207425809138987
132,1,downLeft,high,6.898510902901435,0,0,1,0,1.1932464719070257e-07,0.0814981368671431,0.9081144510147545,0.010387292793455186
133,1,downLeft,high,6.852463599047793,0,0,1,0,4.243646995613495e-08,0.028983896605335777,0.9673219369952668,0.003694123962927451
134,1,midLeft,lowA,6.302298826733837,1,0,0,0,0.6443612518086079,0.010307797143856878,0.34401717736994397,0.0013137736775912603
135,1,downLeft,high,6.558025603712624,0,0,1,0,0.22915983870098633,0.0036658522284178947,0.7667070802246629,0.0004672288459329002
136,1,midLeft,lowA,6.483761349194753,1,0,0,0,0.7258593583464069,0.0013037191528944038,0.2726707578117608,0.00016616468893792825
137,1,downLeft,high,6.462670812113498,0,0,1,0,0.25814372452003165,0.0004636530672043073,0.7413335278082888,5.9094604475263274e-05
138,1,midLeft,lowA,6.519594072287702,1,0,0,0,0.7361671516542407,0.00016489300341311625,0.2636469390102938,2.1016332052307014e-05
139,1,downLeft,high,6.531606742362241,0,0,1,0,0.26180957538421107,5.864234380793367e-05,0.7381243080496411,7.474222339836709e-06
140,1,downLeft,high,6.708765569575937,0,0,1,0,0.09310963360540489,2.085549062789617e-05,0.9068668527807777,2.6581231894450296e-06
141,1,midLeft,lowA,6.485186375330197,1,0,0,0,0.6774746316617551,7.4170208945744875e-06,0.32251700598570654,9.453316437492788e-07
142,1,midRight,lowB,6.347259097801972,0,1,0,0,0.24093624016009457,0.6443638744966924,0.11469954914663635,3.3619657667570044e-07
143,1,midLeft,lowA,6.3434037119515985,1,0,0,0,0.7300475031972535,0.22916077143053315,0.04079160580767856,1.1956453474907425e-07
144,1,midLeft,lowA,6.635590295450936,1,0,0,0,0.9039944278917929,0.08149845334463521,0.014507076241788628,4.252178327072135e-08
145,1,midRight,lowB,6.313134081160876,0,1,0,0,0.3214954603505633,0.6733452458735539,0.005159278653488366,1.5122394415006054e-08
146,1,downRight,lowC,6.356076524304996,0,0,0,1,0.11433624792031641,0.23946767050525847,0.0018348394797612837,0.6443612420946638
147,1,downRight,lowC,6.791802070005446,0,0,0,1,0.04066240180885078,0.08516398618485782,0.000652540043405944,0.8735210719628854
148,1,midRight,lowB,6.33015396060473,0,1,0,0,0.014461126291434239,0.6746488514396254,0.00023206853402981596,0.31065795373491045
149,1,downLeft,high,6.3581505037161365,0,0,1,0,0.005142937069971395,0.23993128317658552,0.6444437692829935,0.11048201047044948
150,1,downLeft,high,6.685572849138708,0,0,1,0,0.0018290277792092154,0.08532886482193111,0.8735504218300802,0.039291685568779364
151,1,downLeft,high,6.86644449416429,0,0,1,0,0.0006504731774090327,0.0303462519576519,0.9550296284019364,0.013973646463002708
152,1,midLeft,lowA,6.204952046858551,1,0,0,0,0.644592570192917,0.010792303516507167,0.33964555594391344,0.004969570346662379
153,1,downLeft,high,6.477782546909042,0,0,1,0,0.22924210448510673,0.003838161475590192,0.765152362187166,0.0017673718521370933
154,1,midRight,lowB,6.251234228543285,0,1,0,0,0.08152737853157782,0.6457262357170153,0.2721178398116509,0.0006285459397560088
155,1,midRight,lowB,6.850044470231898,0,1,0,0,0.028994296074711684,0.8740065166066283,0.09677565201797833,0.0002235353006816582
156,1,downRight,lowC,6.305323279768367,0,0,0,1,0.01031149559828453,0.31083059666765367,0.03441717319962292,0.6444407345344388
157,1,downLeft,high,6.301086035138544,0,0,1,0,0.0036671675421766055,0.1105434089895399,0.6566013176289802,0.2291881058393032
158,1,downRight,lowC,6.5563315268013564,0,0,0,1,0.0013041869294528816,0.03931352126217612,0.2335128805718515,0.7258694112365194
159,1,downLeft,high,6.41419508172738,0,0,1,0,0.0004638194266810573,0.013981412081997765,0.7274074687738825,0.25814729971743866
160,1,midLeft,lowA,6.223658002827748,1,0,0,0,0.6445261888838459,0.0049723321017979116,0.2586942925978853,0.0918071864164709
161,1,downLeft,high,6.562386800511446,0,0,1,0,0.22921849671844358,0.0017683540393179861,0.7363629550045521,0.032650194237686475
162,1,downRight,lowC,6.380257406683827,0,0,0,1,0.08151898269463784,0.0006288952435903345,0.2618792106455625,0.6559729114162093
163,1,downLeft,high,6.456857018402346,0,0,1,0,0.028991310189645618,0.00022365952666530796,0.7374956353201871,0.23328939496350198
164,1,downLeft,high,6.900968804980299,0,0,1,0,0.010310433701812328,7.954199745981099e-05,0.9066432723887647,0.08296675191196318
165,1,downLeft,high,7.146123432111032,0,0,1,0,0.0036667898906284965,2.8288217605702166e-05,0.9667987288481508,0.02950619304361505
166,1,midRight,lowB,6.277795416195334,0,1,0,0,0.00130405262192336,0.644371297103279,0.3438311042715638,0.010493546003233867
167,1,midLeft,lowA,6.43814911752563,1,0,0,0,0.6448250083782716,0.22916341119715994,0.12227966870152046,0.003731911723048038
168,1,downLeft,high,6.415479829365232,0,0,1,0,0.2293247685138861,0.08149939214797372,0.6878486268682724,0.0013272124698677974
169,1,midRight,lowB,6.233341352897322,0,1,0,0,0.08155677706454095,0.6733455797484121,0.24462563498564877,0.000472008201398151
170,1,downLeft,high,6.66865637600449,0,0,1,0,0.02900475133261704,0.23946778924410012,0.7313595950102779,0.00016786441300488202
171,1,midRight,lowB,6.536774457628572,0,1,0,0,0.0103152138932758,0.7295252651295467,0.260099821884937,5.969909224035782e-05
172,1,downLeft,high,6.546500768211968,0,0,1,0,0.003668489912008824,0.2594474630746999,0.7368628157019577,2.1231311333505208e-05
173,1,downLeft,high,6.945642819872584,0,0,1,0,0.001304657215424615,0.09226957490491375,0.906418217202356,7.550677305533599e-06
174,1,midLeft,lowA,6.211994630677511,1,0,0,0,0.6448252233951567,0.03281463750787279,0.3223574537834316,2.68531353889235e-06
175,1,midLeft,lowA,6.769517226617009,1,0,0,0,0.8736860816987794,0.011670157100894453,0.11464280619874015,9.550015859999687e-07
176,1,midRight,lowB,6.365059211176258,0,1,0,0,0.31071663759331347,0.6485115969552399,0.040771425815863696,3.396355829787581e-07
177,1,downRight,lowC,6.335464510829698,0,0,0,1,0.11050288072527661,0.23063586231613398,0.014499899454456521,0.6443613575041329
178,1,downRight,lowC,6.724114422595001,0,0,0,1,0.03929910784039549,0.08202305284292097,0.005156726309717228,0.8735211130069663
179,1,downLeft,high,6.24838975562476,0,0,1,0,0.013976286110501019,0.029170577073789138,0.6461951684839332,0.3106579683317766
180,1,downLeft,high,6.6756050334250325,0,0,1,0,0.0049705091076341825,0.010374187954786805,0.8741732872759181,0.11048201566166091
181,1,downRight,lowC,6.24588093983503,0,0,0,1,0.0017677057119281246,0.003689463374310399,0.31088990678223194,0.6836529241315296
182,1,downLeft,high,6.447076908101377,0,0,1,0,0.0006286646732392013,0.0013121161916193193,0.7549257386818929,0.24313348045324856
183,1,midLeft,lowA,6.259087101603891,1,0,0,0,0.644584814243465,0.00046663937967167943,0.2684808560756702,0.08646769030119317
184,1,downRight,lowC,6.355887942068994,0,0,0,1,0.2292393461688355,0.0001659550518857904,0.09548219962003215,0.6751124991592465
185,1,downLeft,high,6.291028275121798,0,0,1,0,0.08152639756739039,5.9020049413302566e-05,0.6783184081050055,0.2400961742781908
186,1,downLeft,high,6.9218131579726085,0,0,1,0,0.02899394720582124,2.0989817382274785e-05,0.8855975564874141,0.08538750648938245
187,1,downLeft,high,7.0732025639840135,0,0,1,0,0.010311371526983786,7.464792695377578e-06,0.9593140564725797,0.030367107207741176
188,1,midRight,lowB,6.375095835908733,0,1,0,0,0.0036671234176126498,0.6443638914861965,0.34116926464433395,0.010799720451856884
189,1,downLeft,high,6.520306929209081,0,0,1,0,0.001304171237047526,0.2291607774726594,0.7656942520649878,0.0038407992253053184
190,1,downLeft,high,6.870531772379433,0,0,1,0,0.00046381384585342375,0.0814984554934495,0.9166717935741895,0.0013659370865076
191,1,midLeft,lowA,6.233272130480983,1,0,0,0,0.6445261868990873,0.02898400992120133,0.3260040230035428,0.000485780176168556
192,1,downRight,lowC,6.158317904563512,0,0,0,1,0.22921849601258643,0.010307837443371163,0.11593966756640797,0.6445339989776344
193,1,downLeft,high,6.272445789108928,0,0,1,0,0.0815189824436077,0.0036658665604873157,0.6855938767053653,0.22922127429053962
194,1,downLeft,high,6.648513803306397,0,0,1,0,0.028991310100369573,0.001303724249933848,0.8881849951427535,0.08151997050694301
195,1,downLeft,high,6.997607719999184,0,0,1,0,0.010310433670062305,0.0004636548799091117,0.9602342499560363,0.02899166149399219
196,1,downLeft,high,6.93390041303522,0,0,1,0,0.0036667898793369576,0.00016489364808121103,0.9858577578333262,0.010310558639255677
197,1,downLeft,high,7.085749853446004,0,0,1,0,0.0013040526179076508,5.864257307689762e-05,0.9949704704857891,0.003666834323226337
198,1,downLeft,high,7.106378751031866,0,0,1,0,0.00046377166028921683,2.0855572164826968e-05,0.9982113043436684,0.0013040684238775054
199,1,downLeft,high,7.044956162748709,0,0,1,0,0.00016493517971116745,7.41704989226772e-06,0.9993638704888917,0.0004637772815047884
200,2,midRight,lowA,6.329024759139455,0,1,0,0,5.865734333441247e-05,0.644363874507005,0.35541253097082715,0.00016493717883332145
201,2,downRight,lowC,6.360015547432737,0,0,0,1,2.0860825040942927e-05,0.22916077143420072,0.12639847296990434,0.6444198947708539
202,2,midRight,lowA,6.473676010527421,0,1,0,0,7.41891801863328e-06,0.7258596900624937,0.04495219660793283,0.22918069441155475
203,2,midRight,lowA,6.790994048999003,0,1,0,0,2.638454829048012e-06,0.9025050792076847,0.015986743608519538,0.08150553872896665
204,2,midLeft,high,6.241490814229205,1,0,0,0,0.6443621750533666,0.32096579022644933,0.00568550572586342,0.028986528994320693
205,2,midLeft,high,6.917881915304191,1,0,0,0,0.8735214037591648,0.11414787669242835,0.0020219862249870164,0.010308733323419954
206,2,midLeft,high,7.016298316221543,1,0,0,0,0.9550193084510831,0.04059540969832648,0.0007190966804305457,0.003666185170159919
207,2,midLeft,high,7.088604435506673,1,0,0,0,0.984003122485909,0.01443730130009763,0.0002557386541095505,0.001303837559883783
208,2,midLeft,high,7.145443071709685,1,0,0,0,0.9943108902644919,0.005134463979517206,9.095057867129346e-05,0.00046369517731957425
209,2,midLeft,high,6.842141454784443,1,0,0,0,0.9979767320494801,0.0018260144197988987,3.234555131857255e-05,0.0001649079794024315
210,2,midLeft,high,7.034423538924606,1,0,0,0,0.999280447488286,0.0006494015099950191,1.1503331868658373e-05,5.8647669850252695e-05
211,2,midLeft,high,7.21346924033431,1,0,0,0,0.9997440992346166,0.00023095234988903081,4.091030719408713e-06,2.0857384774999698e-05
212,2,downLeft,lowB,6.380051852832361,0,0,1,0,0.35554775505172154,8.213560809194057e-05,0.6443626916456598,7.417694526707864e-06
213,2,midLeft,high,6.563479588079921,1,0,0,0,0.7708078006113539,2.921060608335153e-05,0.2291603507628548,2.6380197078927698e-06
214,2,midLeft,high,6.912961773804242,1,0,0,0,0.9184903696552089,1.0388423822243037e-05,0.08149830373890232,9.381820664323416e-07
215,2,midRight,lowA,6.337808009840723,0,1,0,0,0.3266507791519334,0.6443649312427548,0.028983955951401845,3.336539098407056e-07
216,2,midRight,lowA,6.6585853483571364,0,1,0,0,0.11616967912316759,0.8735223839669501,0.01030781824961842,1.1866026386043487e-07
217,2,midLeft,high,6.337098593526129,1,0,0,0,0.6856756777309523,0.3106584203344134,0.0036658597344448275,4.220018949021241e-08
218,2,downRight,lowC,6.3439178418440045,0,0,0,1,0.24385285004177443,0.11048217641131963,0.0013037218223285393,0.6443612517245774
219,2,midRight,lowA,6.3302568846990335,0,1,0,0,0.08672352601200023,0.6836529813003394,0.000463654016558562,0.2291598386711018
220,2,midLeft,high,6.488174508877628,1,0,0,0,0.6752034842550416,0.24313350078469337,0.00016489334104028927,0.0814981216192246
221,2,midLeft,high,6.7537120790755765,1,0,0,0,0.8844897688216908,0.08646769753184305,5.8642463881243936e-05,0.02898389118258489
222,2,downLeft,lowB,6.291955531421338,0,0,1,0,0.31455884752060703,0.030751265014191724,0.6443820922498849,0.01030779521531646
223,2,downLeft,lowB,6.821130629456262,0,0,1,0,0.1118693195120947,0.01093634185904864,0.8735284870863025,0.003665851542554166
224,2,midLeft,high,6.278474913836192,1,0,0,0,0.6841463031571962,0.0038893870935970383,0.310660590840232,0.0013037189089746756
225,2,midLeft,high,6.819694911504965,1,0,0,0,0.8876701818763209,0.0013832168158974464,0.11048294832732469,0.0004636529804569969
226,2,midLeft,high,7.067188911879835,1,0,0,0,0.9600511624026403,0.0004919255177586335,0.0392920191070386,0.00016489297256241003
227,2,midLeft,high,7.089800262279855,1,0,0,0,0.9857926448022638,0.0001749477827632492,0.01397376508213673,5.8642332836226664e-05
228,2,downLeft,lowB,6.340731340457453,0,0,1,0,0.3505860770513942,6.221821310110288e-05,0.6493308492487787,2.0855486725931853e-05
229,2,midRight,lowA,6.252278927242503,0,1,0,0,0.12468199886695266,0.6443833639249152,0.23092722018862522,7.417019506884725e-06
230,2,midLeft,high,6.434865002797878,1,0,0,0,0.6887029885973053,0.22916770262668346,0.08212667099636664,2.637779644677676e-06
231,2,midRight,lowA,6.583426154720823,0,1,0,0,0.2449294791343587,0.7258621550632165,0.02920742770573427,9.380966906474159e-07
232,2,downRight,lowC,6.412079348348575,0,0,0,1,0.08710641705100186,0.25814471914093906,0.010387293467957987,0.6443615703401011
233,2,downRight,lowC,6.891599163447136,0,0,0,1,0.030978418434070357,0.09180626866343602,0.003694124202806793,0.8735211886996869
234,2,downLeft,lowB,6.142444457514354,0,0,1,0,0.01101712642036988,0.03264986784913215,0.6456750104794559,0.3106579952510421
235,2,downLeft,lowB,6.657166377487795,0,0,1,0,0.00391811721507772,0.011611558623233296,0.8739882989264938,0.11048202523519518
236,2,midLeft,high,6.328450022341808,1,0,0,0,0.645754671077324,0.00412952034855992,0.31082411775442076,0.03929169081969526
237,2,midLeft,high,6.866552402744581,1,0,0,0,0.8740166293230021,0.001468617509715674,0.11054110483685031,0.013973648330431944
238,2,downRight,lowC,6.279088712690932,0,0,0,1,0.3108341931415983,0.0005222973148916962,0.03931270181616317,0.6493308077273467
239,2,downRight,lowC,6.7706017654170445,0,0,0,1,0.11054468803508577,0.00018574917113434728,0.013981120655231143,0.8752884421385487
240,2,midLeft,high,6.46283912198564,1,0,0,0,0.6836752128569065,6.60596055031444e-05,0.0049722284591430434,0.3112864990784474
241,2,downRight,lowC,6.559201138499796,0,0,0,1,0.24314140718797678,2.349335640413058e-05,0.0017683171799723852,0.7550667822756467
242,2,downLeft,lowB,6.253670708004659,0,0,1,0,0.08647050935532877,8.355148216942221e-06,0.6449901188515325,0.26853101664492185
243,2,midLeft,high,6.3553547201799985,1,0,0,0,0.675113501724173,2.9714145789232187e-06,0.2293834881984017,0.0955000386628464
244,2,midLeft,high,6.814685559869485,1,0,0,0,0.8844577675456955,1.0567502060506545e-06,0.08157766006052247,0.03396351564357595
245,2,downRight,lowC,6.40867033741313,0,0,0,1,0.31454746662638855,3.7582133637938125e-07,0.029012178135481563,0.6564399794167936
246,2,downRight,lowC,6.736581603598494,0,0,0,1,0.11186527202494975,1.33656635285495e-07,0.01031785515226169,0.8778167391661533
247,2,downRight,lowC,6.867766423313758,0,0,0,1,0.03978362699731938,4.753348047756001e-08,0.003669429246088077,0.9565468962231121
248,2,midLeft,high,6.3493942184274115,1,0,0,0,0.6585098366208108,1.6904748211597258e-08,0.0013049912790348704,0.34018515519540615
249,2,downRight,lowC,6.654496007663066,0,0,0,1,0.23419162390580905,6.011983747590491e-09,0.0004641054845716435,0.7653442645976356
250,2,midLeft,high,6.477404262857766,1,0,0,0,0.727648856213758,2.1380944648732577e-09,0.0001650539005661236,0.2721860877475814
251,2,midLeft,high,6.8153433244813,1,0,0,0,0.903141376045029,7.603892712707061e-10,5.869956507244503e-05,0.09679992362950932
252,2,midLeft,high,6.963940060991638,1,0,0,0,0.9655533187633177,2.704239000487145e-10,2.08758407276405e-05,0.034425805125530694
253,2,downRight,lowC,6.547070645613645,0,0,0,1,0.343388188169213,9.617322137561099e-11,7.424258178880256e-06,0.6566043874764349
254,2,downLeft,lowB,6.352002912771378,0,0,1,0,0.12212215056664208,3.420292551100734e-11,0.6443638770705512,0.23351397232860377
255,2,midLeft,high,6.379850350134575,1,0,0,0,0.6877926073135896,1.2163886129410469e-11,0.2291607723458971,0.08304662032834942
256,2,midLeft,high,6.956083749651188,1,0,0,0,0.8889669489770559,4.3259494197841996e-12,0.08149845367017411,0.029534597348444054
257,2,midLeft,high,6.912946593943565,1,0,0,0,0.9605123430506124,1.5384753016787928e-12,0.028984009272773927,0.010503647675075181
258,2,midLeft,high,7.056200461085926,1,0,0,0,0.9859566585175589,5.471414536311721e-13,0.010307837212765243,0.003735504269128778
259,2,midRight,lowA,6.325891409640702,0,1,0,0,0.3506444066862633,0.6443612367167488,0.003665866478474912,0.0013284901185129905
260,2,midLeft,high,6.832157133049705,1,0,0,0,0.7690639798627146,0.22915983333373624,0.0013037242207670583,0.00047246258278223826
261,2,midLeft,high,6.885187937330295,1,0,0,0,0.9178701994007749,0.0814981197210505,0.00046365486953627065,0.00016802600863837782
262,2,midLeft,high,7.005592547679296,1,0,0,0,0.9707914592861756,0.028983890507520607,0.0001648936443922267,5.975656191160626e-05
263,2,midLeft,high,7.12846956514382,1,0,0,0,0.9896123107032213,0.010307794975237431,5.86425717649518e-05,2.1251749776314315e-05
264,2,midRight,lowA,6.1581451179373925,0,1,0,0,0.3519444983085668,0.648027088173727,2.085557169824818e-05,7.557946008057669e-06
265,2,midLeft,high,6.6048016626242445,1,0,0,0,0.7695263428394257,0.23046355221227677,7.417049726334216e-06,2.687898571268685e-06
266,2,midLeft,high,6.733804174938437,1,0,0,0,0.9180346335980005,0.08196177269068394,2.6377903918853205e-06,9.55920923717336e-07
267,2,downRight,lowC,6.2105318610676825,0,0,0,1,0.3264887017441642,0.029148783476233737,9.381005127710513e-07,0.6443615766790893
268,2,downLeft,lowB,6.393074386534235,0,0,1,0,0.11611203811431237,0.010366437306704706,0.6443615703414605,0.22915995423752256
269,2,downLeft,lowB,6.836784307018344,0,0,1,0,0.04129394163729437,0.003686706943411836,0.8735211887001703,0.08149816271912355
270,2,midLeft,high,6.328460566793113,1,0,0,0,0.6590469630515404,0.001311135897943478,0.31065799525121407,0.02898390579930213
271,2,midRight,lowA,6.225700270049705,0,1,0,0,0.23438264688536065,0.6448275274657954,0.11048202523525635,0.010307800413587701
272,2,midLeft,high,6.3664072009856865,1,0,0,0,0.7277167913899645,0.22932566439905766,0.03929169081971702,0.0036658533912609214
273,2,midLeft,high,6.988455669117822,1,0,0,0,0.9031655364270785,0.08155709567603539,0.01397364833043968,0.0013037195664464597
274,2,downRight,lowC,6.295503270162845,0,0,0,1,0.3212006744151561,0.02900486464321489,0.004969571010795355,0.6448248899308336
275,2,midLeft,high,6.4918703042441805,1,0,0,0,0.7585926473313691,0.010315254190916688,0.0017673720883285239,0.22932472638938572
276,2,downLeft,lowB,6.230085986190958,0,0,1,0,0.26978495093284327,0.0036685042434119923,0.644989782740309,0.08155676208343574
277,2,midLeft,high,6.454818180985277,1,0,0,0,0.7403072230187957,0.0013046623122271138,0.22938336866422188,0.029004746004755312
278,2,midRight,lowA,6.295505913439302,0,1,0,0,0.2632819452442066,0.6448252252077772,0.08157761754953458,0.010315211998481646
279,2,midLeft,high,6.4808797977831345,1,0,0,0,0.7379945021180638,0.22932484562686328,0.0290121630169264,0.003668489238146574
280,2,downLeft,lowB,6.326630382756998,0,0,1,0,0.26245945204325055,0.08155680448890479,0.6546790864920716,0.0013046569757730777
281,2,downRight,lowC,6.365733355385084,0,0,0,1,0.09334075493671248,0.029004761085783877,0.23282926066757642,0.6448252233099273
282,2,midLeft,high,6.408643268012285,1,0,0,0,0.6775568273661898,0.010315217361879993,0.08280311032001592,0.2293248449519143
283,2,downRight,lowC,6.440289681437751,0,0,0,1,0.24096547213876696,0.0036684911455789285,0.029447995750233186,0.7259180409654209
284,2,midRight,lowA,6.200356409370791,0,1,0,0,0.0856966625054427,0.6456658943706841,0.010472848789789099,0.258164594334084
285,2,downLeft,lowB,6.487731255046063,0,0,1,0,0.03047705507095448,0.22962382016829003,0.6480857877082093,0.0918133370525461
286,2,downLeft,lowB,6.779177492594841,0,0,1,0,0.010838822173955723,0.08166313142507103,0.8748456647586795,0.032652381642293664
287,2,midLeft,high,6.3082065311077,1,0,0,0,0.648215942029949,0.02904257506586576,0.3111290302786608,0.011612452625524409
288,2,midLeft,high,6.753676340224035,1,0,0,0,0.8748919526806991,0.01032866547899114,0.11064954354988069,0.004129838290429104
289,2,downLeft,lowB,6.531507012904623,0,0,1,0,0.3111454920580028,0.0036732738173168283,0.6837125035425116,0.0014687305821688263
290,2,midLeft,high,6.608413995838495,1,0,0,0,0.7550166347132815,0.0013063585575920186,0.24315466920128737,0.0005223375278390968
291,2,midRight,lowA,6.220878853603376,0,1,0,0,0.2685131822278606,0.644825828458381,0.08647522584134121,0.0001857634724172288
292,2,midLeft,high,6.489508922746098,1,0,0,0,0.7398549327693731,0.229325060166162,0.03075394237287126,6.606469159370174e-05
293,2,midLeft,high,6.712514400102521,1,0,0,0,0.907482330015811,0.08155688078739565,0.010937294031578296,2.349516521508634e-05
294,2,midLeft,high,6.85188736271975,1,0,0,0,0.967097130264957,0.029004788220484808,0.0038897257230579184,8.355791500233541e-06
295,2,midRight,lowA,6.533674651833738,0,1,0,0,0.34393722738239874,0.6546764637285857,0.0013833372456601252,2.971643355397385e-06
296,2,midLeft,high,6.579347959000314,1,0,0,0,0.7666786469099678,0.23282832791121388,0.0004919683472504951,1.0568315678329951e-06
297,2,midLeft,high,6.783839267154795,1,0,0,0,0.9170218825394407,0.08280277859569668,0.0001749630145907669,3.7585027178303145e-07
298,2,midRight,lowA,6.52925534444301,0,1,0,0,0.326128528210184,0.6738091144927607,6.222363012940382e-05,1.3366692583666428e-07
299,2,downLeft,lowB,6.347588885024846,0,0,1,0,0.11598394644412022,0.23963264016731917,0.6443833658514204,4.753714019645135e-08
300,3,midLeft,lowA,6.4953266321524845,1,0,0,0,0.6856096239906745,0.08522265579145236,0.22916770331182335,1.6906049749497737e-08
301,3,downRight,high,6.241511608298115,0,0,0,1,0.24382935877127176,0.030308479909402906,0.08150091859032449,0.6443612427290009
302,3,midRight,lowB,6.310412729110318,0,1,0,0,0.08671517160561071,0.6551401070285354,0.028984885893927795,0.2291598354719261
303,3,downLeft,lowC,6.400129231138123,0,0,1,0,0.030839276387731165,0.23299321744101265,0.6546693856897825,0.0814981204814737
304,3,downRight,high,6.2313372168984715,0,0,0,1,0.010967642115089084,0.0828614197041527,0.23282581068624741,0.6733451274945108
305,3,downRight,high,6.7499492694663354,0,0,0,1,0.0039005186779457173,0.02946873282749541,0.08280188337292271,0.8838288651216362
306,3,downRight,high,7.13947909321548,0,0,0,1,0.0013871756387885958,0.010480223698300747,0.029447559400286344,0.9586850412626243
307,3,downRight,high,7.0216625554828855,0,0,0,1,0.0004933334286357002,0.0037271737949975386,0.010472693606833644,0.9853067991695331
308,3,downRight,high,7.133241357883282,0,0,0,1,0.00017544849044638249,0.001325527478995392,0.003724495802580766,0.9947745282279774
309,3,midRight,lowB,6.279841867581429,0,1,0,0,6.239628416229892e-05,0.6448326456698823,0.0013245750810842085,0.35378038296487113
310,3,downRight,high,6.5702420465247515,0,0,0,1,2.2190537332962443e-05,0.22932748463082936,0.0004710702437128578,0.7701792545881248
311,3,downRight,high,6.949480620582785,0,0,0,1,7.891815253689897e-06,0.08155774302101157,0.00016753083889367218,0.918266834324841
312,3,midLeft,lowA,6.2267559494325475,1,0,0,0,0.6443640433519711,0.029005094864181638,5.958046035598377e-05,0.3265712813234912
313,3,downLeft,lowC,6.186896721364247,0,0,1,0,0.22916083148201566,0.010315336066416582,0.644382425837791,0.11614140661377667
314,3,downRight,high,6.417000935071284,0,0,0,1,0.08149847470127017,0.0036685333615135178,0.22916736900653872,0.6856656229306776
315,3,midLeft,lowA,6.402648371995805,1,0,0,0,0.6733452534688011,0.0013046726677527296,0.08150079969840648,0.24384927416503965
316,3,downRight,high,6.439852105231483,0,0,0,1,0.23946767320642276,0.0004639921740492947,0.028984843611353117,0.7310834910081748
317,3,midRight,lowB,6.301395782604288,0,1,0,0,0.08516398714549653,0.6445262503195063,0.010308133935905708,0.2600016285990915
318,3,downRight,high,6.520175679135896,0,0,0,1,0.030287615064711657,0.22921851856734582,0.0036659720047256244,0.7368278943632169
319,3,midRight,lowB,6.431185306074457,0,1,0,0,0.010771449964419116,0.7258802271815086,0.0013037617499923556,0.2620445611040799
320,3,midLeft,lowA,6.242184355211631,1,0,0,0,0.6481919818606697,0.2581511462867384,0.00046366821638354236,0.09319320363620834
321,3,downRight,high,6.224707304909235,0,0,0,1,0.2305221947991743,0.09180855440561955,0.00016489839104848414,0.6775043524041576
322,3,midRight,lowB,6.165880333930251,0,1,0,0,0.08198262826776392,0.6770119174642096,5.864425985991293e-05,0.24094681000816648
323,3,midRight,lowB,6.735841646545142,0,1,0,0,0.029156200527874022,0.88513291777168,2.0856172050252454e-05,0.08569002552839572
324,3,downRight,high,6.380407746606797,0,0,0,1,0.010369075097777267,0.3147875762177882,7.417263234778551e-06,0.6748359314211998
325,3,downRight,high,6.756229277260541,0,0,0,1,0.0036876450441666823,0.11195066430308762,2.6378663237644147e-06,0.8843590527864219
326,3,downRight,high,6.933234852931407,0,0,0,1,0.0013114695229357667,0.03981399580151028,9.381275170906261e-07,0.9588735965480368
327,3,downRight,high,6.989962674876377,0,0,0,1,0.0004664093992208067,0.01415940022822142,3.336345099802799e-07,0.9853738567380478
328,3,midRight,lowB,6.353132838756749,0,1,0,0,0.00016587326192266262,0.6493968683025542,1.186533645180652e-07,0.3504371397821586
329,3,downRight,high,6.617465984008219,0,0,0,1,5.899096173196681e-05,0.2309506991232631,4.2197735816624593e-08,0.7689902677172691
330,3,downRight,high,6.855977581172515,0,0,0,1,2.0979472675257757e-05,0.08213502101564449,1.5007150579185937e-08,0.9178439845045296
331,3,downRight,high,6.911618554902018,0,0,0,1,7.461113716567513e-06,0.029210397296263638,5.337124472390134e-09,0.9707821362528953
332,3,downLeft,lowC,6.243830081793928,0,0,1,0,2.653461254877224e-06,0.01038834956946131,0.6443612386146426,0.3452477583546413
333,3,midLeft,lowA,6.287070400903872,1,0,0,0,0.6443621803902333,0.0036944997934393363,0.22915983400870077,0.12278348580762657
334,3,downRight,high,6.509739371233033,0,0,0,1,0.2291601689406072,0.0013139073374897115,0.08149811996109407,0.6880278037608091
335,3,midLeft,lowA,6.520433733760044,1,0,0,0,0.7258594757924173,0.0004672763805738861,0.028983890592889403,0.2446893572341195
336,3,downRight,high,6.417746283050448,0,0,0,1,0.25814376628838553,0.00016618159409886158,0.010307795005597885,0.7313822571119177
337,3,downRight,high,6.659967557287745,0,0,0,1,0.09180592979213228,5.9100616605790705e-05,0.003665851467970111,0.9044691181232918
338,3,downRight,high,6.860033562204941,0,0,0,1,0.032649747333360776,2.1018470198972485e-05,0.0013037188824496946,0.9660255153139905
339,3,downRight,high,6.695487863515452,0,0,0,1,0.011611515763153408,7.474982747672535e-06,0.00046365297102368545,0.9879173562830752
340,3,downRight,high,7.115977360155836,0,0,0,1,0.004129505105854114,2.6583936199473535e-06,0.0001648929692075588,0.9957029435313184
341,3,downLeft,lowC,6.240057406701473,0,0,1,0,0.001468612088818632,9.454278193186793e-07,0.6444198790481973,0.3541105634351648
342,3,downRight,high,6.581855508705605,0,0,0,1,0.0005222953870105763,3.362307804362601e-07,0.22918068881996861,0.7702966795622403
343,3,downRight,high,6.7372002667433994,0,0,0,1,0.00018574848550509008,1.1957669893217935e-07,0.08150553674038186,0.9183085951974141
344,3,downRight,high,7.048917703674511,0,0,0,1,6.605936166680329e-05,4.252610932575719e-08,0.02898652828710286,0.970947369825121
345,3,midLeft,lowA,6.310171721522955,1,0,0,0,0.6443847299862406,1.5123932927868896e-08,0.010308733071905881,0.34530652181792054
346,3,midLeft,lowA,6.873276158007805,1,0,0,0,0.873529425167598,5.378656802449078e-09,0.0036661850807117643,0.12280438437303345
347,3,downRight,high,6.2837699092392425,0,0,0,1,0.31066092445830384,1.912858853349083e-09,0.0013038375280725518,0.6880352361007648
348,3,midLeft,lowA,6.432571799444956,1,0,0,0,0.7548443036913974,6.802867569408582e-10,0.0004636951660062674,0.2446920004623096
349,3,downLeft,lowC,6.4663228053609885,0,0,1,0,0.2684518946363624,2.419363409165529e-10,0.6445261446919333,0.08702196042976812
350,3,midLeft,lowA,6.634282363613011,1,0,0,0,0.739833136526128,8.604194107688499e-11,0.22921848100208636,0.03094838238574369
351,3,downLeft,lowC,6.546217705861055,0,0,1,0,0.2631133417102649,3.059984951509049e-11,0.7258802138218463,0.011006444437289063
352,3,downLeft,lowC,6.917511791427472,0,0,1,0,0.09357330344921327,1.0882492638206332e-11,0.9025123782520789,0.003914318287825444
353,3,downLeft,lowC,6.9065809465317365,0,0,1,0,0.0332782939150248,3.870236223292903e-12,0.965329622766125,0.0013920833149800157
354,3,midRight,lowB,6.283379769886219,0,1,0,0,0.01183505129212244,0.6443612367179307,0.3433086332014199,0.0004950787885270123
355,3,downRight,high,6.483834865184672,0,0,0,1,0.0042090030049265715,0.22915983333415652,0.12209385773628309,0.6445373059246339
356,3,downLeft,lowC,6.315053243962923,0,0,1,0,0.0014968846233283928,0.08149811972119997,0.6877825452863909,0.22922245036908073
357,3,midRight,lowB,6.345103001691867,0,1,0,0,0.0005323501962185162,0.673345127224128,0.24460213381359264,0.08152038876606091
358,3,downLeft,lowC,6.5281969014791885,0,0,1,0,0.0001893243654168528,0.23946762830892332,0.7313512370825122,0.028991810243147606
359,3,downRight,high,6.207312239681937,0,0,0,1,6.733108317627271e-05,0.08516397117820537,0.2600968494818428,0.6546718482567755
360,3,midRight,lowB,6.437471503998839,0,1,0,0,2.3945543151344453e-05,0.6746488461026782,0.09250052188364313,0.23282668647052734
361,3,midLeft,lowA,6.472870033606628,1,0,0,0,0.6443697526799067,0.23993128127856023,0.032896771205772155,0.08280219483576093
362,3,midRight,lowB,6.390895469250806,0,1,0,0,0.22916286194034186,0.729690100863474,0.011699367027639278,0.029447670168544937
363,3,downRight,high,6.218314358650925,0,0,0,1,0.08149919681095821,0.2595060850512587,0.004160748420908756,0.6548339697168744
364,3,downRight,high,6.738283306352173,0,0,0,1,0.028984273562443326,0.09229042315215835,0.00147972342274554,0.8772455798626528
365,3,midLeft,lowA,6.230323098649302,1,0,0,0,0.6546691679209706,0.03282205195273949,0.0005262470080667713,0.3119825331182231
366,3,downRight,high,6.5221437231205766,0,0,0,1,0.23282573323921651,0.011672793964897277,0.00018715383513048009,0.7553143189607557
367,3,downRight,high,6.983126523755099,0,0,0,1,0.08280185582975641,0.0041512980097385375,6.655915846955785e-05,0.9129802870020355
368,3,midRight,lowB,6.357407262799805,0,1,0,0,0.02944754960486875,0.6458375992067587,2.367101680330044e-05,0.3246911801715693
369,3,downRight,high,6.714602049996225,0,0,0,1,0.010472690123203444,0.22968488506384138,8.418331141587434e-06,0.7598340064818137
370,3,midLeft,lowA,6.299177398685369,1,0,0,0,0.6480857312802211,0.08168484846900495,2.993884876104674e-06,0.27022642636589794
371,3,downLeft,lowC,6.2333546914203755,0,0,1,0,0.23048440797414538,0.029050298488512594,0.6443623014580689,0.09610299207927309
372,3,downLeft,lowC,6.745284905619023,0,0,1,0,0.08196918980804224,0.010331412227469573,0.8735214487135767,0.034177949250911464
373,3,downRight,high,6.4808877006385055,0,0,0,1,0.029151421290678173,0.0036742506675487485,0.3106580877220604,0.6565162403197127
374,3,downRight,high,6.77055296559875,0,0,0,1,0.010367375415771495,0.001306705963400412,0.11048205812147377,0.8778438604993544
375,3,downRight,high,6.900898217234862,0,0,0,1,0.0036870405713601744,0.0004647152927988261,0.039291702515330706,0.9565565416205103
376,3,downRight,high,6.953966133208196,0,0,0,1,0.0013112545489744219,0.0001652707720098789,0.013973652489853269,0.9845498221891624
377,3,downLeft,lowC,6.2538653692777775,0,0,1,0,0.00046633294614705585,5.8776692964493656e-05,0.6493308092065982,0.3501440811542902
378,3,downRight,high,6.657142372459513,0,0,0,1,0.0001658460722460647,2.0903270395783332e-05,0.2309272059480737,0.7688860447092845
379,3,downRight,high,6.905350784829439,0,0,0,1,5.8981292029007445e-05,7.434013232135848e-06,0.08212666593187451,0.9178069187628644
380,3,downRight,high,6.952319090555733,0,0,0,1,2.0976033754055964e-05,2.6438232721095643e-06,0.029207425904604553,0.9707689542383693
381,3,downRight,high,7.011753597166718,0,0,0,1,7.459890702884278e-06,9.402460388330383e-07,0.010387292827406441,0.9896043070358519
382,3,downRight,high,6.981271445730633,0,0,0,1,2.6530263038034396e-06,3.3438793843274045e-07,0.003694123975001834,0.996302888610756
383,3,downLeft,lowC,6.272051755774102,0,0,1,0,9.435189936431065e-07,1.1892131288112084e-07,0.6456750103984396,0.35432392716125394
384,3,downRight,high,6.507866207100066,0,0,0,1,3.355519280336757e-07,4.229302864108553e-08,0.22962706218112705,0.7703725599739163
385,3,downRight,high,6.783731141153025,0,0,0,1,1.1933527270327225e-07,1.504104040142701e-08,0.08166428441050694,0.9183355812131799
386,3,midLeft,lowA,6.359436508436093,1,0,0,0,0.644361279156803,5.349177006859846e-09,0.029042985112180272,0.32659573038183976
387,3,midLeft,lowA,6.838682360854763,1,0,0,0,0.8735210851436188,1.90237469530388e-09,0.010328811307355319,0.11615010164665118
388,3,midRight,lowB,6.245107340349767,0,1,0,0,0.3106579584224901,0.6443612373931124,0.003673325679535916,0.04130747850486155
389,3,midRight,lowB,6.839811496795194,0,1,0,0,0.1104820121375345,0.8735210702908315,0.0013063770018074765,0.014690540569826483
390,3,midRight,lowB,6.877997265919175,0,1,0,0,0.039291686161659414,0.9550191898568174,0.00046459830130474676,0.005224525680218377
391,3,downRight,high,6.226468254161865,0,0,0,1,0.013973646673853837,0.3396418435926368,0.00016522916529960986,0.6462192805682097
392,3,downRight,high,6.631770630320068,0,0,0,1,0.004969570421649215,0.1207898052145949,5.876189600550929e-05,0.8741818624677504
393,3,downLeft,lowC,6.2603683850546785,0,0,1,0,0.001767371878805319,0.04295753694376685,0.6443821347245778,0.3108929564528501
394,3,downRight,high,6.78678535166978,0,0,0,1,0.0006285459492402638,0.015277365312384175,0.22916726547539562,0.75492682326298
395,3,downRight,high,6.948295843746162,0,0,0,1,0.00022353530405462687,0.005433223305925721,0.0815007628787188,0.9128424785113008
396,3,downRight,high,7.186350526156894,0,0,0,1,7.949781908417653e-05,0.0019322648171622185,0.028984830516844917,0.9690034068469087
397,3,downLeft,lowC,6.171037828299004,0,0,1,0,2.8272506062827653e-05,0.0006871882699116848,0.6546693659955451,0.34461517322848023
398,3,midLeft,lowA,6.418927255593317,1,0,0,0,0.6443712915156453,0.0002443907864542823,0.23282580368221323,0.12255851401568715
399,3,midRight,lowB,6.215601708933313,0,1,0,0,0.22916340920998085,0.6444481515536067,0.08280188088201665,0.043586558354395843
400,4,downLeft,high,6.493455492520975,0,0,1,0,0.08149939144125581,0.22919074361882735,0.6738087952309778,0.01550106970893908
401,4,downLeft,high,6.78003583054745,0,0,1,0,0.028984342780521664,0.08150911261661306,0.8839937633420077,0.005512781260857578
402,4,downLeft,high,6.782737506445425,0,0,1,0,0.010307955821048195,0.028987800007303374,0.9587436854617849,0.001960558709863544
403,4,midRight,lowA,6.265428680413536,0,1,0,0,0.0036659086601779764,0.6546704220614594,0.3409664186034421,0.0006972506749204589
404,4,downLeft,high,6.561222925475615,0,0,1,0,0.0013037392222157692,0.2328261792601889,0.7656221121498681,0.0002479693677272599
405,4,downLeft,high,6.871166249936086,0,0,1,0,0.0004636602046329376,0.08280201445210345,0.916646137823993,8.81875192707007e-05
406,4,midLeft,lowC,6.224802269207351,1,0,0,0,0.6445261322583136,0.029447606017124074,0.3259948988242719,3.136290029046704e-05
407,4,downLeft,high,6.430445268729294,0,0,1,0,0.22921847658020927,0.010472710185588163,0.7602976593711304,1.1153863072283722e-05
408,4,downLeft,high,7.0168832843889986,0,0,1,0,0.0815189755327011,0.0037245016986285203,0.9147525560226015,3.966746068859878e-06
409,4,downLeft,high,6.897356031976836,0,0,1,0,0.028991307642583293,0.00132457717794734,0.9696827044508032,1.4107286661887972e-06
410,4,downLeft,high,7.003579493073064,0,0,1,0,0.010310432795978233,0.00047107098943866867,0.989217994504785,5.017097981718889e-07
411,4,downLeft,high,6.901328301518636,0,0,1,0,0.003666789568478779,0.00016753110410267728,0.9961655008999664,1.7842745214903774e-07
412,4,midRight,lowA,6.201555350863904,0,1,0,0,0.0013040525073544328,0.6444208172712288,0.3542750667656983,6.345571841809998e-08
413,4,downLeft,high,6.544834974340883,0,0,1,0,0.0004637716209722071,0.22918102248844724,0.7703551833232674,2.2567313221475654e-08
414,4,midLeft,lowC,6.28727617670702,1,0,0,0,0.6445261718822828,0.08150565540582697,0.273968164686079,8.025811364715757e-09
415,4,midLeft,lowC,6.91992300564906,1,0,0,0,0.8735797273885828,0.028986570489135,0.09743369926799253,2.854289628093736e-09
416,4,midLeft,lowC,7.0018253355283795,1,0,0,0,0.9550400505945196,0.010308748080584396,0.03465120030980004,1.0150960333880226e-09
417,4,downLeft,high,6.294474366729438,0,0,1,0,0.3396492624795945,0.00366619041837963,0.6566845467410185,3.610074979280478e-10
418,4,midRight,lowA,6.38733118679716,0,1,0,0,0.12079244365837744,0.6456650761429084,0.23354248007032596,1.2838826009918204e-10
419,4,downRight,lowB,6.275126934157672,0,0,0,1,0.04295847527665066,0.2296235291747758,0.08305675878635951,0.644361236762214
420,4,midLeft,lowC,6.392970313144446,1,0,0,0,0.6596389357364847,0.08166302793649749,0.02953820297711237,0.22915983334990542
421,4,downLeft,high,6.572332807860883,0,0,1,0,0.2345931753189318,0.029042538261317453,0.6548661666929498,0.0814981197268009
422,4,downRight,lowB,6.238502568403075,0,0,0,1,0.08343042674516149,0.010328652389867094,0.23289579363885154,0.6733451272261198
423,4,midLeft,lowC,6.141860970074144,1,0,0,0,0.6740323305044136,0.00367326916231694,0.08282677202363775,0.2394676283096317
424,4,midRight,lowA,6.187625865404122,0,1,0,0,0.23971202443364842,0.6456675936186478,0.02945641076924644,0.08516397117845728
425,4,downLeft,high,6.342063206405891,0,0,1,0,0.08525088791375388,0.22962442448673437,0.6548370782132982,0.030287609386213568
426,4,midRight,lowA,6.486374608675828,0,1,0,0,0.030318520346463082,0.7260245830606894,0.23288544864792243,0.010771447944925079
427,4,downLeft,high,6.639126734549477,0,0,1,0,0.01078244108060012,0.25820248483308295,0.7271843296604118,0.0038307444259051693
428,4,downLeft,high,6.7436854136194695,0,0,1,0,0.0038346540110812477,0.09182681238275028,0.9029761723960846,0.0013623612100838681
429,4,midRight,lowA,6.37676110120558,0,1,0,0,0.00136375161012084,0.6770184107086166,0.3211333292253631,0.0004845084558995655
430,4,midRight,lowA,6.659426238526006,0,1,0,0,0.0004850029360491835,0.8851352270210906,0.11420746005480376,0.00017230998805649344
431,4,downLeft,high,6.542230783293236,0,0,1,0,0.00017248584436537178,0.31478839747639265,0.6849778365681881,6.128011105379665e-05
432,4,midLeft,lowC,6.307523350384758,1,0,0,0,0.6444225793689282,0.11195095637448205,0.2436046706736807,2.1793582909044458e-05
433,4,downRight,lowB,6.215392735259398,0,0,0,1,0.22918164915869382,0.039814099673419784,0.0866352638084589,0.6443689873594275
434,4,downLeft,high,6.371835206149628,0,0,1,0,0.08150587827405845,0.014159437169098853,0.6751720947941295,0.2291625897627131
435,4,downRight,lowB,6.444389901260497,0,0,0,1,0.028986649749717222,0.005035644723607971,0.24011736879607765,0.7258603367305971
436,4,downLeft,high,6.389619575433185,0,0,1,0,0.010308776268719837,0.0017908704618387482,0.7297562807980664,0.2581440724713751
437,4,downRight,lowB,6.430654567618986,0,0,0,1,0.0036662004431732573,0.0006369029562491859,0.25952962120135137,0.7361672753992263
438,4,downLeft,high,6.40754547667702,0,0,1,0,0.001303842991559358,0.00022650737969203105,0.736660030236024,0.2618096193927247
439,4,downRight,lowB,6.293860615961895,0,0,0,1,0.0004636971090339583,8.055480438824781e-05,0.2619848621134854,0.7374708859730925
440,4,midLeft,lowC,6.163342744828,1,0,0,0,0.6445261453829492,2.8648411009176347e-05,0.09317197236102401,0.2622732338450177
441,4,downLeft,high,6.4205036938930915,0,0,1,0,0.22921848124783845,1.0188485461339329e-05,0.6774968017397082,0.09327452852699208
442,4,midLeft,lowC,6.371729613960596,1,0,0,0,0.7258802139092453,3.6234203692020864e-06,0.24094412469919968,0.03317203797118595
443,4,downRight,lowB,6.391647326208554,0,0,0,1,0.25815114156660707,1.2886287389590764e-06,0.08568907052843572,0.6561584992762183
444,4,downLeft,high,6.225098065570328,0,0,1,0,0.09180855272695787,4.582863310549123e-07,0.674835591786195,0.233355397200516
445,4,midLeft,lowC,6.428864036072004,1,0,0,0,0.6770119168672125,1.6298438400607684e-07,0.23999769528249465,0.08299022486590879
446,4,downLeft,high,6.597515231931291,0,0,1,0,0.24077168084281048,5.7963564762435395e-08,0.7297137202576978,0.029514540935926876
447,4,downLeft,high,6.846517311322761,0,0,1,0,0.08562774280861363,2.061409048761244e-08,0.9038757217399642,0.010496514837331668
448,4,downLeft,high,7.05094079599416,0,0,1,0,0.030452544555208322,7.331169647227532e-09,0.965814480558087,0.0037329675555349733
449,4,downLeft,high,7.172142763877908,0,0,1,0,0.010830105284448319,2.6072481067611347e-09,0.9878423041434758,0.0013275879648276855
450,4,midRight,lowA,6.313393014453631,0,1,0,0,0.003851605249590711,0.6443612376437927,0.35131501536465526,0.0004721417419613048
451,4,downLeft,high,6.553225859647283,0,0,1,0,0.0013697801276204681,0.22915983366342896,0.769302474303745,0.00016791190520561026
452,4,downRight,lowB,6.244703983738083,0,0,0,1,0.00048714691055718384,0.08149811983830202,0.2735937805522787,0.6444209526988621
453,4,midRight,lowA,6.3931925423100875,0,1,0,0,0.00017324832480790825,0.673345127265774,0.09730055375765484,0.22918107065176324
454,4,downLeft,high,6.341302860682965,0,0,1,0,6.161381997561321e-05,0.2394676283237343,0.6789650853217211,0.08150567253456908
455,4,midLeft,lowC,6.283951126249526,1,0,0,0,0.6443831489792915,0.08516397118347271,0.24146630325645613,0.02898657658077966
456,4,downLeft,high,6.494571228549621,0,0,1,0,0.22916762618368763,0.030287609387997252,0.7302360141813058,0.01030875024700937
457,4,downLeft,high,6.891445266389199,0,0,1,0,0.08150089116056969,0.010771447945559426,0.9040614697050265,0.0036661911888443283
458,4,downRight,lowB,6.206325647547866,0,0,0,1,0.02898487613884372,0.0038307444261307675,0.32151930301811005,0.6456650764169155
459,4,downLeft,high,6.359287451799329,0,0,1,0,0.01030814550394224,0.0013623612101640995,0.7587059640136704,0.22962352927222335
460,4,midRight,lowA,6.268424780058029,0,1,0,0,0.0036659761187678302,0.6448457451724823,0.2698252507375963,0.08166302797115363
461,4,midRight,lowA,6.840832542708052,0,1,0,0,0.0013037632131052378,0.8736933800382878,0.09596031847496442,0.029042538273642518
462,4,downLeft,high,6.405245223373014,0,0,1,0,0.0004636687367231984,0.31071923316575023,0.6784884457032762,0.010328652394250366
463,4,midLeft,lowC,6.23395978922016,1,0,0,0,0.6445261352926557,0.11050380381144803,0.2412967917320205,0.0036732691638758017
464,4,downLeft,high,6.446772617996239,0,0,1,0,0.22921847765933895,0.039299436125619897,0.7301757293123932,0.001306356902648007
465,4,downRight,lowB,6.294935889730835,0,0,0,1,0.08151897591648144,0.013976402861452231,0.2596787933522476,0.6448258278698188
466,4,downLeft,high,6.4084724559091075,0,0,1,0,0.028991307779070462,0.004970550628798084,0.736713081635285,0.22932505995684643
467,4,downLeft,high,6.852716193714227,0,0,1,0,0.01031043284451836,0.0017677204784635045,0.9063649659640632,0.08155688071295492
468,4,downLeft,high,7.026328608720346,0,0,1,0,0.0036667895857415292,0.0006286699247915817,0.9666997522954561,0.029004788194010797
469,4,downLeft,high,7.117556987419787,0,0,1,0,0.0013040525134937358,0.00022357939456637502,0.9881571410893236,0.010315227002616289
470,4,downLeft,high,6.8980483065716625,0,0,1,0,0.00046377162315558126,7.951349937924718e-05,0.9957882203032667,0.0036684945741984627
471,4,downLeft,high,7.15513735383649,0,0,1,0,0.00016493516650500722,2.8278082583574503e-05,0.9985021278774314,0.0013046588734799722
472,4,downLeft,high,6.980783768526182,0,0,1,0,5.8657338637789974e-05,1.0056782318049585e-05,0.999467298610773,0.00046398726827119087
473,4,midRight,lowA,6.271150376143293,0,1,0,0,2.0860823370641904e-05,0.6443648132981804,0.35544931402018176,0.00016501185826723073
474,4,downRight,lowB,6.444152745795227,0,0,0,1,7.418917424609489e-06,0.22916110530473333,0.1264115544480866,0.6444199213297555
475,4,downLeft,high,6.4455141475129105,0,0,1,0,2.6384546177901253e-06,0.08149857208324285,0.6893180856052097,0.22918070385692968
476,4,downLeft,high,6.747910618281427,0,0,1,0,9.383367372503767e-07,0.028984051385051245,0.8895094681901035,0.08150554208810812
477,4,downRight,lowB,6.263176592370618,0,0,0,1,3.337089167791476e-07,0.010307852189523469,0.3163440471960439,0.6733477669055158
478,4,downRight,lowB,6.916432528129935,0,0,0,1,1.186798264599944e-07,0.0036658718047906857,0.11250420571688108,0.8838298037985017
479,4,downLeft,high,6.5502276735457565,0,0,1,0,4.220714670892637e-08,0.001303726115011413,0.6843720933018922,0.31432413837594975
480,4,downLeft,high,6.720060453283534,0,0,1,0,1.5010497457285533e-08,0.0004636555432029903,0.8877504816041422,0.11178584784215745
481,4,downRight,lowB,6.456506714063604,0,0,0,1,5.3383147519783346e-09,0.00016489388397422574,0.3157184833819805,0.6841166173957305
482,4,midLeft,lowC,6.222545867458059,1,0,0,0,0.6443612386150659,5.8642656969597645e-05,0.11228173097569269,0.24329838775227186
483,4,downLeft,high,6.44764018662643,0,0,1,0,0.22915983400885137,2.0855602000323048e-05,0.6842929726600742,0.08652633772907423
484,4,downLeft,high,6.9813976969565985,0,0,1,0,0.08149811996114761,7.417060502926647e-06,0.8877223432369358,0.030772119741413716
485,4,downLeft,high,7.159439054529483,0,0,1,0,0.028983890592908443,2.6377942244593254e-06,0.9600697130044207,0.010943758608446482
486,4,downLeft,high,7.018457037025866,0,0,1,0,0.010307795005604657,9.381018757829304e-07,0.9857992421153391,0.00389202477718047
487,4,downLeft,high,7.191142339365937,0,0,1,0,0.0036658514679725196,3.3362539093732206e-07,0.9949496600282115,0.001384154878424991
488,4,midLeft,lowC,6.294017693977611,1,0,0,0,0.6456649555990047,1.1865012143290534e-07,0.3538426666217179,0.0004922591291558121
489,4,downLeft,high,6.476476398589947,0,0,1,0,0.22962348630469098,4.2196582449829125e-08,0.7702014050708186,0.00017506642790795905
490,4,midRight,lowA,6.18299495932564,0,1,0,0,0.08166301269023354,0.6443612517232946,0.2739134751785582,6.226040791363708e-05
491,4,midRight,lowA,6.703526466654659,0,1,0,0,0.029042532839155,0.8735210753871998,0.09741424955917327,2.2142214471928748e-05
492,4,midRight,lowA,6.731146557107775,0,1,0,0,0.010328650461535947,0.9550191916692836,0.03464428323940934,7.874629771153556e-06
493,4,downLeft,high,6.354408243761619,0,0,1,0,0.0036732684765276354,0.3396418442372201,0.6566820867626592,2.8005235931280545e-06
494,4,downLeft,high,6.791418138515234,0,0,1,0,0.0013063566582003552,0.12078980544383369,0.8779028419232188,9.959747472061732e-07
495,4,midLeft,lowC,6.267808869743508,1,0,0,0,0.6448258277828837,0.042957537025293036,0.312216280984596,3.5420722735794595e-07
496,4,midLeft,lowC,6.7107322855593114,1,0,0,0,0.8736862966424832,0.015277365341378048,0.11103621204631853,1.259698202836382e-07
497,4,downRight,lowB,6.306323813032371,0,0,0,1,0.3107167140356265,0.005433223316237067,0.03948878113183117,0.6443612815163053
498,4,midRight,lowA,6.387928554680189,0,1,0,0,0.1105029079111263,0.6462935015373835,0.014043741285295105,0.2291598492661951
499,4,downRight,lowB,6.432840600993628,0,0,0,1,0.03929911750873745,0.22984702160488285,0.00499449878257502,0.7258593621038048
500,5,midRight,lowA,6.45226692040111,0,1,0,0,0.013976289548938196,0.7261037472244982,0.001776237370255656,0.25814372585630796
501,5,downRight,lowB,6.409631208122413,0,0,0,1,0.004970510330475729,0.2582306386783963,0.0006316988616555616,0.7361671521294724
502,5,midLeft,lowC,6.436344203166036,1,0,0,0,0.6461289428633722,0.09183682498147921,0.00022465660192674445,0.2618095755532219
503,5,downLeft,high,6.39941357189946,0,0,1,0,0.22978849816156988,0.03266073486029153,0.6444411333126269,0.0931096336655117
504,5,downLeft,high,6.73585149793255,0,0,1,0,0.08172169730294107,0.011615423353642605,0.873549484376839,0.03311339496657727
505,5,downRight,lowB,6.413359523928322,0,0,0,1,0.02906340336224207,0.00413089479650311,0.3106680582906708,0.656137643550584
506,5,downLeft,high,6.445089899566889,0,0,1,0,0.010336072828555712,0.0014691063166823877,0.7548468407587179,0.23334798009604407
507,5,downLeft,high,6.990649785799,0,0,1,0,0.0036759081579551805,0.0005224711535968227,0.9128140336324008,0.08298758705604722
508,5,downLeft,high,6.9603908449480825,0,0,1,0,0.0013072954312387097,0.00018581099491644926,0.9689932907453549,0.02951360282848993
509,5,downLeft,high,7.146350395941669,0,0,1,0,0.00046492493041183365,6.608159243655265e-05,0.9889728122671887,0.010496181209962967
510,5,downLeft,high,7.003371615039474,0,0,1,0,0.00016534532727130664,2.350117580993629e-05,0.9960783045922086,0.0037328489047101718
511,5,midLeft,lowC,6.188970917413524,1,0,0,0,0.6444200399242597,8.357929100752575e-06,0.35424405637864453,0.0013275457679950906
512,5,midLeft,lowC,6.765587130871369,1,0,0,0,0.8735419827502867,2.9724035690023677e-06,0.1259829181110124,0.0004721267351319462
513,5,downLeft,high,6.403670559726161,0,0,1,0,0.3106653904214811,1.0571019292593023e-06,0.6891656459083942,0.00016790656819537633
514,5,midRight,lowA,6.285893096539765,0,1,0,0,0.11048465524446438,0.644361612662977,0.24509401800829844,5.971408426017119e-05
515,5,midRight,lowA,6.8199235647390894,0,1,0,0,0.039292626152939186,0.873521203751342,0.08716493345264184,2.123664307689076e-05
516,5,midRight,lowA,6.912683664173886,0,1,0,0,0.01397398097119007,0.9550192373205484,0.030999229134781398,7.552573480157381e-06
517,5,downLeft,high,6.211912032670953,0,0,1,0,0.004969689310740441,0.3396418604725795,0.655385764228788,2.6859878920905215e-06
518,5,downRight,lowB,6.373287890211894,0,0,0,1,0.0017674141603746907,0.12078981121775681,0.23308058266390214,0.6443621919579664
519,5,downRight,lowB,6.7112980266625595,0,0,0,1,0.0006285609862053047,0.04295753907872392,0.08289249016397512,0.8735214097710957
520,5,downLeft,high,6.311106698528216,0,0,1,0,0.0002235406517822776,0.015277366071657666,0.6738410194039556,0.3106580738726046
521,5,downLeft,high,6.711359196479148,0,0,1,0,7.949972094342461e-05,0.005433223575952807,0.8840052235070334,0.11048205319607043
522,5,downLeft,high,6.947127803472279,0,0,1,0,2.827318243769858e-05,0.0019322649131943174,0.9587477611407016,0.039291700763666365
523,5,downLeft,high,7.013617037174892,0,0,1,0,1.0055039636230361e-05,0.0006871883040644217,0.9853291047894058,0.01397365186689353
524,5,downLeft,high,7.12344398963546,0,0,1,0,3.5759618609949946e-06,0.00024439079860031943,0.9947824609710433,0.0049695722684954275
525,5,downLeft,high,7.156936385336968,0,0,1,0,1.2717506537930294e-06,8.691484137207127e-05,0.9981444408723588,0.001767372535615422
526,5,midRight,lowA,6.379780212554576,0,1,0,0,4.522838297198666e-07,0.6443921470032508,0.35497885453009215,0.0006285461828273965
527,5,downLeft,high,6.427472596015531,0,0,1,0,1.6084966185467393e-07,0.2291708262298005,0.7706054775334104,0.00022353538712726587
528,5,downLeft,high,6.949034628402019,0,0,1,0,5.720437481655668e-08,0.08150202922101171,0.9184184157259854,7.949784862802713e-05
529,5,midRight,lowA,6.37935446994725,0,1,0,0,2.034409311416291e-08,0.673346517593806,0.326625189545531,2.8272516569766146e-05
530,5,midLeft,lowC,6.367877344840451,1,0,0,0,0.6443612439517024,0.23946812277827617,0.11616057846719371,1.0054802827782361e-05
531,5,downLeft,high,6.268777592905785,0,0,1,0,0.22915983590676614,0.08516414703067449,0.6856724411849167,3.575877642731413e-06
532,5,downLeft,high,6.690581524682023,0,0,1,0,0.08149812063611969,0.03028767192607862,0.8882129357170991,1.2717207025139232e-06
533,5,midLeft,lowC,6.376758780967787,1,0,0,0,0.6733451275495089,0.010771470186525342,0.3158829499907879,4.5227317788400657e-07
534,5,downLeft,high,6.452713317503295,0,0,1,0,0.23946762842464142,0.0038307523358803797,0.7567014583936046,1.6084587364894198e-07
535,5,downLeft,high,6.824372838996212,0,0,1,0,0.0851639712193592,0.0013623640231776694,0.9134736075544355,5.7203027583755114e-08
536,5,downLeft,high,6.833091972822237,0,0,1,0,0.030287609400759877,0.00048450945634476606,0.9692278607992814,2.0343613985955508e-08
537,5,downRight,lowB,6.364864599917952,0,0,0,1,0.010771447950098309,0.00017231034385358727,0.3446949977545162,0.6443612439515319
538,5,downRight,lowB,6.882592687305948,0,0,0,1,0.00383074442774497,6.128023758903507e-05,0.12258690271140626,0.8735210726232597
539,5,downRight,lowB,6.903873059258498,0,0,0,1,0.0013623612107381724,2.1793627909880157e-05,0.04359665447503261,0.9550191906863194
540,5,midLeft,lowC,6.453034068478731,1,0,0,0,0.6448457451726864,7.750658877329366e-06,0.0155046602807963,0.33964184388763996
541,5,midRight,lowA,6.280725951630552,0,1,0,0,0.22933214332180624,0.644363993151292,0.005514058207392359,0.12078980531950945
542,5,downLeft,high,6.460048117809102,0,0,1,0,0.08155939983210911,0.22916081362870822,0.6463222495581041,0.042957536981078515
543,5,downRight,lowB,6.379552521998685,0,0,0,1,0.02900568409043136,0.081498468351942,0.22985724551541875,0.6596386020422078
544,5,downRight,lowB,6.910017942997198,0,0,0,1,0.010315545618111328,0.0289840144941797,0.0817461465268429,0.8789542933608661
545,5,midRight,lowA,6.254054890686983,0,1,0,0,0.0036686078862190816,0.6546690757862537,0.029072098453993757,0.31259021787353336
546,5,downLeft,high,6.360514182456797,0,0,1,0,0.0013046991716268502,0.2328257004725397,0.6547004018567871,0.11116919849904627
547,5,downLeft,high,6.8150703663319625,0,0,1,0,0.00046400159985430915,0.08280184417665601,0.8771980779540769,0.03953607626941272
548,5,downRight,lowB,6.427552470733802,0,0,0,1,0.0001650169551337268,0.02944754546057453,0.31196563959820356,0.6584217979860881
549,5,midLeft,lowC,6.29654488424587,1,0,0,0,0.6444199231423987,0.010472688649331773,0.11094707425363429,0.23416031395463516
550,5,midLeft,lowC,6.839269290522523,1,0,0,0,0.8735419412181301,0.003724494039500932,0.03945708027747913,0.08327648446488983
551,5,downLeft,high,6.263105980503949,0,0,1,0,0.31066537565103625,0.0013245744540646767,0.6583937039492125,0.029616345945686504
552,5,downLeft,high,6.7307385930946655,0,0,1,0,0.11048464999152163,0.000471070020720407,0.8785115593426593,0.010532720645098644
553,5,midLeft,lowC,6.317150143382203,1,0,0,0,0.6836538610013433,0.00016753075958891275,0.3124327644948348,0.003745843744232899
554,5,midLeft,lowC,6.801745436364519,1,0,0,0,0.8874950503570247,5.9580432152137204e-05,0.11111320197417113,0.00133216723665202
555,5,downLeft,high,6.319811968586068,0,0,1,0,0.31562764212915173,2.1189111206479324e-05,0.6838773984511122,0.00047377030852964984
556,5,midLeft,lowC,6.3953872905774745,1,0,0,0,0.7566106610214358,7.5356693045477094e-06,0.2432133122226538,0.0001684910866059012
557,5,midRight,lowA,6.384454384520611,0,1,0,0,0.26908007977273385,0.6443639166926662,0.08649608157293517,5.992196166480666e-05
558,5,downLeft,high,6.506014483292857,0,0,1,0,0.09569530679458602,0.22916078643705712,0.6751225961960169,2.1310572339989893e-05
559,5,midRight,lowA,6.522609281534332,0,1,0,0,0.034032960560456495,0.7258596953980911,0.24009976517586062,7.578865591856414e-06
560,5,midRight,lowA,6.632748621525517,0,1,0,0,0.012103440004595033,0.90250508110523,0.0853887835517888,2.6953383861792758e-06
561,5,downLeft,high,6.464113536425982,0,0,1,0,0.004304452434709561,0.32096579090128996,0.6747287980971902,9.585668102911963e-07
562,5,downLeft,high,6.671372111745074,0,0,1,0,0.0015308301404925256,0.11414787693242781,0.8843209520235648,3.409035149365184e-07
563,5,midLeft,lowC,6.580210954264305,1,0,0,0,0.6449056592545159,0.04059540978367959,0.3144988097233,1.212385044510031e-07
564,5,downRight,lowB,6.300227963633656,0,0,0,1,0.22935345109177135,0.014437301330452505,0.11184796774411015,0.644361279833666
565,5,downLeft,high,6.450296432957064,0,0,1,0,0.08156697770106783,0.005134463990312576,0.6841387096408362,0.22915984866778333
566,5,downRight,lowB,6.659724559919397,0,0,0,1,0.029008379074376166,0.0018260144236381505,0.24330624461099942,0.7258593618909863
567,5,downLeft,high,6.373643763561215,0,0,1,0,0.010316504058868529,0.0006494015113604058,0.7308903686491496,0.2581437257806215
568,5,midLeft,lowC,6.280506625315668,1,0,0,0,0.6480301854614589,0.00023095235037461531,0.25993294680216533,0.09180591538600119
569,5,downLeft,high,6.546218150583241,0,0,1,0,0.23046465372785524,8.213560826463324e-05,0.736803468453898,0.03264974220998213
570,5,midRight,lowA,6.490241887456143,0,1,0,0,0.08196216443232202,0.644390447322699,0.26203587430389763,0.011611513941081363
571,5,midLeft,lowC,6.464790596935912,1,0,0,0,0.6735101595112996,0.22917022175751112,0.0931901142733346,0.004129504457854666
572,5,downRight,lowB,6.310781003203055,0,0,0,1,0.23952632018743486,0.08150181424723427,0.03314201699041171,0.6458298485749191
573,5,midRight,lowA,6.49914776477099,0,1,0,0,0.08518484428529399,0.6733464411407977,0.011786585935188967,0.22968212863871929
574,5,downLeft,high,6.342818404940683,0,0,1,0,0.030295032672114863,0.2394680955886228,0.6485530035618788,0.08168386817738343
575,5,midLeft,lowC,6.301513784337899,1,0,0,0,0.6551353246696967,0.0851641373609798,0.2306505881105108,0.02904994985881266
576,5,midRight,lowA,6.4731441922547885,0,1,0,0,0.23299151664882967,0.6746489052037146,0.08202828990622152,0.010331288241234245
577,5,downLeft,high,6.287945018982743,0,0,1,0,0.08286081483652416,0.23993130229717968,0.6735336762930588,0.0036742065732373527
578,5,downLeft,high,6.667850590989298,0,0,1,0,0.02946851771312005,0.08532887162195557,0.8838959203831703,0.0013066902817540395
579,5,downLeft,high,6.909753560074698,0,0,1,0,0.010480147195290331,0.03034625437600419,0.9587088887129079,0.00046470971579750395
580,5,downLeft,high,6.964564172705374,0,0,1,0,0.003727146587561526,0.010792304376566985,0.9853152802472595,0.00016526878861202588
581,5,downLeft,high,7.207140234672089,0,0,1,0,0.0013255178029764965,0.003838161781460802,0.9947775444279714,5.8775987591334116e-05
582,5,downLeft,high,7.020267790094693,0,0,1,0,0.00047140551216075135,0.0013649991092405068,0.9981426923590611,2.090301953774522e-05
583,5,downLeft,high,7.0852788287395,0,0,1,0,0.00016765007334984896,0.000485446595093299,0.9993394694075396,7.433924017293415e-06
584,5,downLeft,high,7.186312891225322,0,0,1,0,5.962286475051926e-05,0.00017264362671914055,0.9997650897169865,2.6437915438533352e-06
585,5,downLeft,high,7.0419444080582565,0,0,1,0,2.120420188329082e-05,6.1398765895164e-05,0.9999164567974665,9.40234755035232e-07
586,5,downRight,lowB,6.286052519532068,0,0,0,1,7.5410361341860596e-06,2.1835781170085937e-05,0.35560905208221605,0.6443615711004796
587,5,downLeft,high,6.6218483049909125,0,0,1,0,2.6818847646377073e-06,7.765650210657315e-06,0.7708296002114721,0.22915995225355268
588,5,midLeft,lowC,6.302419247135097,1,0,0,0,0.6443621904987351,2.761766237009998e-06,0.27413688572148087,0.08149816201354695
589,5,downLeft,high,6.5372746065429395,0,0,1,0,0.22916017253558224,9.821911290082116e-07,0.741854939724917,0.02898390554837174
590,5,downRight,lowB,6.274227266559382,0,0,0,1,0.08149824035437553,3.4930523842845174e-07,0.2638323732994847,0.6546690370409013
591,5,downLeft,high,6.529759683462706,0,0,1,0,0.02898393340940713,1.2422648300312375e-07,0.7381902556709193,0.23282568669319048
592,5,downLeft,high,6.724934904937283,0,0,1,0,0.010307810232811299,4.417975278228293e-08,0.9068903063112506,0.08280183927618529
593,5,downRight,lowB,6.444342543637539,0,0,0,1,0.003665856883357458,1.5712032641659475e-08,0.32252534697027846,0.6738087804343313
594,5,downLeft,high,6.460874744706065,0,0,1,0,0.0013037208083713533,5.587807857348907e-09,0.7590637522406283,0.23963252136319246
595,5,midRight,lowA,6.268592530354127,0,1,0,0,0.00046365365595608227,0.6443612387037952,0.26995249410014893,0.08522261354009966
596,5,downLeft,high,6.526103121231318,0,0,1,0,0.00016489321279606933,0.22915983404040696,0.7403668078636128,0.03030846488318409
597,5,midRight,lowA,6.60423004743835,0,1,0,0,5.864241827262816e-05,0.7258593566889242,0.26330313592472776,0.010778864968075334
598,5,downLeft,high,6.680714370418471,0,0,1,0,2.085551711042802e-05,0.25814372393056656,0.7380020383454774,0.00383338220684557
599,5,downLeft,high,6.887646137228563,0,0,1,0,7.4170303127893646e-06,0.09180591472804994,0.906823368934402,0.0013632993072353245
600,6,midLeft,high,6.411829248134776,1,0,0,0,0.6443638745000418,0.03264974197598916,0.3225015414443586,0.0004848420796103492
601,6,midLeft,high,6.77338492888269,1,0,0,0,0.8735220081482786,0.011611513857864391,0.11469404935627664,0.00017242863758039855
602,6,midLeft,high,6.907676398125943,1,0,0,0,0.9550195233952801,0.004129504428259484,0.040789649869036715,6.132230742374242e-05
603,6,downLeft,lowA,6.319957261636721,0,0,1,0,0.3396419622118432,0.0014686118478397158,0.6588676173507431,2.180858957386702e-05
604,6,downLeft,lowA,6.751936417669489,0,0,1,0,0.12078984740018273,0.0005222953013091326,0.8786801013186831,7.755979825006317e-06
605,6,midLeft,high,6.324723012859369,1,0,0,0,0.6873187886631513,0.0001857484550263346,0.3124927045547493,2.7583270730166033e-06
606,6,midLeft,high,6.721115616259555,1,0,0,0,0.8887984406981934,6.605935082737639e-05,0.11113451898295026,9.809680289788716e-07
607,6,midRight,lowC,6.418878792539465,0,1,0,0,0.31609117825816047,0.6443847299823857,0.039523742889197064,3.4887025664664534e-07
608,6,midLeft,high,6.521855511355905,1,0,0,0,0.7567755124370936,0.2291681884496728,0.01405617504144693,1.2407178662019127e-07
609,6,midLeft,high,6.840620449577748,1,0,0,0,0.9134999440428782,0.08150109112414927,0.004998920708235823,4.41247367519724e-08
610,6,midLeft,high,7.018822395609786,1,0,0,0,0.9692372270754603,0.028984947253643867,0.001777809978428995,1.5692466808679073e-08
611,6,downLeft,lowA,6.386525982376063,0,0,1,0,0.3446983287653931,0.010308170795121814,0.6449934948586357,5.580849488705147e-09
612,6,midLeft,high,6.433413201890779,1,0,0,0,0.7669493240645492,0.0036659851132916556,0.22938468883739271,1.984766410234149e-09
613,6,downLeft,lowA,6.434255575547918,0,0,1,0,0.27275690911139094,0.0013037664119065675,0.7259393237708426,7.058598715421971e-10
614,6,midLeft,high,6.480501639745761,1,0,0,0,0.7413641665499445,0.0004636698743409472,0.2581721633246834,2.510311317666789e-10
615,6,downLeft,lowA,6.416919585454489,0,0,1,0,0.2636578353344848,0.00016489898068240515,0.7361772655955564,8.92764012471454e-11
616,6,midLeft,high,6.453862969331695,1,0,0,0,0.7381281832049008,5.864446955659138e-05,0.2618131722937925,3.1750148929931465e-11
617,6,midLeft,high,6.95691084214496,1,0,0,0,0.9068682309362018,2.0856246626519843e-05,0.09311091280588008,1.1291583699506044e-11
618,6,downRight,lowB,6.205519390453826,0,0,0,1,0.3225174961111972,7.417289756990056e-06,0.033113849878475946,0.64436123672057
619,6,downLeft,lowA,6.4524069282195375,0,0,1,0,0.11469972345425969,2.637875756090914e-06,0.6561378053348891,0.22915983333509515
620,6,midRight,lowC,6.343234351493681,0,1,0,0,0.040791667798226156,0.6443621748474258,0.23334803763281425,0.08149811972153378
621,6,midLeft,high,6.335337482336474,1,0,0,0,0.6588683350045845,0.22916016696936997,0.08298760751835302,0.028983890507692477
622,6,downRight,lowB,6.408564696173453,0,0,0,1,0.23431911982765352,0.08149823837481468,0.02951361010567906,0.6546690316918528
623,6,downRight,lowB,6.7080333148885085,0,0,0,1,0.08333296198917223,0.028983932705398556,0.010496183798013509,0.8771869215074157
624,6,downLeft,lowA,6.430705890256436,0,0,1,0,0.029636431542575607,0.010307809982438559,0.6480940865416754,0.31196167193331037
625,6,midLeft,high,6.288362396792963,1,0,0,0,0.6549011005784903,0.003665856794315206,0.23048737942899594,0.11094566319819854
626,6,midLeft,high,6.73452016154004,1,0,0,0,0.8772694541992561,0.0013037207767044767,0.08197024657257043,0.039456578451469035
627,6,midRight,lowC,6.2549377325127535,0,1,0,0,0.3119910237577669,0.6448248903612483,0.02915179711710806,0.014032288763876705
628,6,midRight,lowC,6.852519734650291,0,1,0,0,0.11095610184474836,0.8736859632590122,0.01036750907421823,0.004990425822021303
629,6,downLeft,lowA,6.251825580416673,0,0,1,0,0.03946029083881836,0.3107165954715412,0.6480483248220391,0.0017747888676014297
630,6,midLeft,high,6.450862038788456,1,0,0,0,0.6583948457492765,0.11050286574514162,0.23047110478761873,0.0006311837179629996
631,6,midLeft,high,6.968474434677487,1,0,0,0,0.8785119654110219,0.03929910251287881,0.08196445867923816,0.0002244733968610084
632,6,midLeft,high,6.917667886454168,1,0,0,0,0.9567941456250394,0.013976284215829578,0.029149738717881353,7.983144124968316e-05
633,6,downLeft,lowA,6.22960774241809,0,0,1,0,0.3402730866669301,0.004970508433815576,0.6547280137442171,2.8391155037172377e-05
634,6,midRight,lowC,6.253347119178418,0,1,0,0,0.1210142997208678,0.6461289421888463,0.23284666109502028,1.0096995265608558e-05
635,6,midLeft,high,6.413504218898269,1,0,0,0,0.6873986126088958,0.22978849792168232,0.08280929858651265,3.5908829091398345e-06
636,6,midLeft,high,6.8318277642742595,1,0,0,0,0.8888268291875383,0.08172169721762776,0.029450196537676956,1.2770571569021528e-06
637,6,midRight,lowC,6.409369258743763,0,1,0,0,0.3161012743054027,0.6734246400484556,0.010473631475113852,4.54171027922955e-07
638,6,downRight,lowB,6.265930008741531,0,0,0,1,0.11241786626629469,0.2394959061514324,0.003724829344896062,0.6443613982373769
639,6,downLeft,lowA,6.1715428969858745,0,0,1,0,0.039980150929908836,0.08517402787514361,0.6456859304182149,0.22915989077673266
640,6,downRight,lowB,6.410987956164935,0,0,0,1,0.014218491432598283,0.030291185937385813,0.22963094576345494,0.7258593768665609
641,6,midRight,lowC,6.212504025803613,0,1,0,0,0.005056646708845524,0.655133956621715,0.08166566556292312,0.25814373110651634
642,6,downLeft,lowA,6.444000458995305,0,0,1,0,0.0017983395818951284,0.23299103011793737,0.6734047130200717,0.09180591728009585
643,6,midRight,lowC,6.396440301621172,0,1,0,0,0.0006395592648688524,0.7272218785238335,0.239488819327702,0.032649742883595616
644,6,downRight,lowB,6.199425905666802,0,0,0,1,0.00022745206600442838,0.2586282895108804,0.08517150752591654,0.6559727508971986
645,6,midLeft,high,6.228653508691912,1,0,0,0,0.6444421274880143,0.0919782450317625,0.030290289603503655,0.23328933787671957
646,6,midLeft,high,6.871356338967245,1,0,0,0,0.8735498379441443,0.032711029312077755,0.010772401134087454,0.08296673160969048
647,6,midLeft,high,6.916337563810116,1,0,0,0,0.9550294207494642,0.011633310010275878,0.0038310834169200513,0.029506185823339894
648,6,midLeft,high,6.976803649911701,1,0,0,0,0.9840067188111993,0.004137255984947443,0.001362481768429165,0.010493543435424139
649,6,midLeft,high,7.0070565743616635,1,0,0,0,0.9943121692571705,0.0014713686018737434,0.0004845513311203904,0.0037319108098353617
650,6,midLeft,high,6.938187662739883,1,0,0,0,0.9979771869088545,0.0005232757099044708,0.00017232523614700308,0.0013272121450939706
651,6,midLeft,high,7.017239458776074,1,0,0,0,0.9992806092539115,0.00018609712632669317,6.128553386584793e-05,0.0004720080858959889
652,6,downRight,lowB,6.238246506813763,0,0,0,1,0.3553829200481893,6.618335185742834e-05,2.179551147121589e-05,0.644529101088482
653,6,midLeft,high,6.623778984781721,1,0,0,0,0.770749178894552,2.3537365404528956e-05,7.751328744753375e-06,0.22921953241129878
654,6,midLeft,high,7.014633899953335,1,0,0,0,0.918469521500344,8.37079952341724e-06,2.7566729685875143e-06,0.08151935102716401
655,6,downRight,lowB,6.524597030380494,0,0,0,1,0.3266433647399206,2.9769807902017645e-06,9.803797653253688e-07,0.6733526778995239
656,6,midLeft,high,6.345781429545917,1,0,0,0,0.760528278987403,1.0587297665459308e-06,3.48661047288429e-07,0.23947031362178312
657,6,downRight,lowB,6.555168380372183,0,0,0,1,0.27047333658116746,3.765253448257661e-07,1.239973836627679e-07,0.7295261628961041
658,6,midLeft,high,6.369175801236058,1,0,0,0,0.7405520396394278,1.3390700797870846e-07,4.409827617620972e-08,0.2594477823552881
659,6,midRight,lowC,6.3663456222315595,0,1,0,0,0.26336901152439945,0.6443612843390769,1.5683056402239066e-08,0.09226968845346725
660,6,midRight,lowC,6.876932237546837,0,1,0,0,0.09366422954572101,0.8735210869866363,5.577502783396828e-09,0.032814677890139934
661,6,midLeft,high,6.2237658258035005,1,0,0,0,0.6776718674760911,0.3106579590779386,1.9835761920972247e-09,0.011670171462393998
662,6,midLeft,high,6.841694001853405,1,0,0,0,0.8853676215777344,0.1104820123706374,7.054365838359437e-10,0.004150365346191564
663,6,downLeft,lowA,6.2771553773138615,0,0,1,0,0.3148710459891113,0.03929168624455985,0.6443612369674349,0.0014760307988940379
664,6,downLeft,lowA,6.844978698334961,0,0,1,0,0.11198034938933252,0.013973646703336444,0.8735210701394441,0.0005249337678869522
665,6,midLeft,high,6.594150157053329,1,0,0,0,0.6841857896854247,0.004969570432134373,0.31065795308642397,0.00018668679601703504
666,6,midLeft,high,6.765351102056801,1,0,0,0,0.8876842248163863,0.0017673718825342477,0.11048201023982254,6.639306125684725e-05
667,6,midLeft,high,6.931455254635669,1,0,0,0,0.9600561566164781,0.0006285459505664152,0.03929168548675949,2.3611946195987218e-05
668,6,midLeft,high,7.083253355174984,1,0,0,0,0.9857944209382966,0.00022353530452625775,0.01397364643383326,8.397323343856157e-06
669,6,midLeft,high,7.009435093500497,1,0,0,0,0.9949479454307706,7.949781925190675e-05,0.004969570336288594,2.9864136889002135e-06
670,6,downRight,lowB,6.395314585661091,0,0,0,1,0.3538420568444045,2.8272506122479027e-05,0.0017673718484477732,0.6443622988010251
671,6,midLeft,high,6.561395850134456,1,0,0,0,0.770201188210369,1.005479911232209e-05,0.0006285459384439435,0.22916021105207474
672,6,midLeft,high,6.846765102173986,1,0,0,0,0.9182746347711304,3.5758763213697162e-06,0.00022353530021503693,0.0814982540523333
673,6,midLeft,high,6.965852255195098,1,0,0,0,0.9709352921811168,1.2717202325864832e-06,7.949781771866951e-05,0.02898393828093189
674,6,downRight,lowB,6.170606372834414,0,0,0,1,0.34530222653954346,4.522730107595929e-07,2.827250557720043e-05,0.6546690486818686
675,6,midRight,lowC,6.347571400548626,0,1,0,0,0.12280285680554348,0.6443613975623684,1.0054798918399883e-05,0.23282569083316973
676,6,downRight,lowB,6.450226793242963,0,0,0,1,0.043673456121997564,0.22915989053667346,3.5758762524034627e-06,0.7271630774650766
677,6,midLeft,high,6.47127247914938,1,0,0,0,0.6598932106400952,0.08149814006463235,1.2717202080594105e-06,0.2586073775750643
678,6,midLeft,high,6.862580581840721,1,0,0,0,0.87904484204774,0.028983897742486893,4.522730020368151e-07,0.09197080793677098
679,6,midLeft,high,6.946097969915993,1,0,0,0,0.9569836572131044,0.010307797548271894,1.608458111108643e-07,0.03270838439281255
680,6,midLeft,high,7.092558904881558,1,0,0,0,0.9847017210502916,0.003665852372243551,5.7203005342790506e-08,0.011632369374459415
681,6,midLeft,high,7.050211294393791,1,0,0,0,0.9945593389939605,0.0013037192040443826,2.0343606076206357e-08,0.004136921458388976
682,6,midLeft,high,7.129118660121988,1,0,0,0,0.9980650900483676,0.00046365308539522254,7.234974905667622e-09,0.0014712496312622044
683,6,downRight,lowB,6.386081440676339,0,0,0,1,0.35495063430118245,0.00016489300988251082,2.5730375278383976e-09,0.6448844701158976
684,6,midLeft,high,6.593284410547244,1,0,0,0,0.7705954413261014,5.864234610870116e-05,9.150718842823425e-10,0.22934591541271804
685,6,downLeft,lowA,6.408550805473927,0,0,1,0,0.2740536097450758,2.085549144613827e-05,0.6443612370419892,0.08156429772148882
686,6,downRight,lowB,6.497067958634253,0,0,0,1,0.09746408684310284,7.417021185573097e-06,0.22915983344940433,0.6733686626863074
687,6,midLeft,high,6.223614069494913,1,0,0,0,0.6790232440259857,2.6377802416843334e-06,0.08149811976218657,0.23947599843158612
688,6,midLeft,high,6.75492210086758,1,0,0,0,0.8858482234626692,9.380969029661251e-07,0.028983890522150182,0.0851669479182777
689,6,downRight,lowB,6.208711159410958,0,0,0,1,0.3150419666491012,3.336236224109034e-07,0.010307794980440276,0.6746499047468362
690,6,midRight,lowC,6.194924533978144,0,1,0,0,0.11204113540147093,0.6443613553660467,0.00366585145902309,0.23993165777345932
691,6,midRight,lowC,6.646779783395161,0,1,0,0,0.03984617083105221,0.87352111224658,0.0013037188792677872,0.08532899804310001
692,6,midRight,lowC,6.864361169833526,0,1,0,0,0.01417084291593632,0.9550192047779079,0.0004636529698920758,0.030346299336263656
693,6,downLeft,lowA,6.348835329648972,0,0,1,0,0.005039701049307571,0.33964184889915505,0.6445261296853593,0.010792320366178058
694,6,midRight,lowC,6.228491635159991,0,1,0,0,0.0017923130484940285,0.7651510438183526,0.22921847566516695,0.0038381674679863094
695,6,downLeft,lowA,6.417826894805953,0,0,1,0,0.0006374159959831988,0.27211737094859656,0.7258802119238308,0.0013650011315894054
696,6,midRight,lowC,6.573648958804997,0,1,0,0,0.00022668983650855066,0.7411367219886558,0.2581511408605167,0.00048544731431896014
697,6,downRight,lowB,6.3474164533973205,0,0,0,1,8.061969310482747e-05,0.26357694723199254,0.09180855247584477,0.6445338805990579
698,6,midLeft,high,6.300637613568856,1,0,0,0,0.6443899082045063,0.09373817954361188,0.03265068006135277,0.2292212321905291
699,6,midLeft,high,6.857432219825038,1,0,0,0,0.873531266742738,0.03333693024533173,0.011611847477382961,0.08151995553454733
700,7,midLeft,high,6.8822793493554055,1,0,0,0,0.9550228161103633,0.011855904644116275,0.0041296230762924765,0.028991656169227907
701,7,downLeft,lowC,6.263934632068921,0,0,1,0,0.33964313322896333,0.004216419265239973,0.6458298907602337,0.010310556745563096
702,7,midLeft,high,6.624481855766505,1,0,0,0,0.7651515005758174,0.0014995221329744393,0.2296821436414524,0.0036668336497558494
703,7,midLeft,high,6.98563431610793,1,0,0,0,0.9164787701058107,0.0005332881968871843,0.08168387351293688,0.001304068184365294
704,7,midLeft,high,6.958274231285901,1,0,0,0,0.9702966130925181,0.000189657954814617,0.029049951756342285,0.0004637771963249618
705,7,midLeft,high,7.139325868265568,1,0,0,0,0.9894363242148935,6.744972049713802e-05,0.010331288916069332,0.00016493714854007324
706,7,downRight,lowA,6.339665840199805,0,0,0,1,0.3518819106915032,2.3987735181416253e-05,0.0036742068132348685,0.6444198947600804
707,7,downLeft,lowC,6.2759203596544415,0,0,1,0,0.12514284754014213,8.530968473889678e-06,0.6456679270836606,0.22918069440772332
708,7,downRight,lowA,6.629148036638678,0,0,0,1,0.04450564753294495,3.03394307766419e-06,0.2296245430798191,0.7258667754441583
709,7,downRight,lowA,6.759560776343518,0,0,0,1,0.015827933447745482,1.0789877640128637e-06,0.0816633885204332,0.9025075990440573
710,7,downRight,lowA,6.9035300219546825,0,0,0,1,0.0056290266766888895,3.837298739915053e-07,0.02904266649894241,0.9653279230944947
711,7,downRight,lowA,7.0424111530086995,0,0,0,1,0.0020019000857871617,1.3646921782125146e-07,0.010328697996137441,0.9876692654488576
712,7,downLeft,lowC,6.458777735753196,0,0,1,0,0.0007119532707263701,4.8533743852209044e-08,0.6480345220982288,0.35125347609730107
713,7,midLeft,high,6.223673523742881,1,0,0,0,0.644614434897271,1.7260480641115166e-08,0.23046619600399287,0.12491935183825553
714,7,midRight,lowB,6.312579395845834,0,1,0,0,0.22924988042152272,0.6443612428550501,0.08196271292550025,0.04442616379792684
715,7,midLeft,high,6.470001694598354,1,0,0,0,0.7258913806725424,0.22915983551675412,0.029149117860181005,0.01579966595052249
716,7,midRight,lowB,6.3704736781337425,0,1,0,0,0.258155112900496,0.7258593572139704,0.010366556226598173,0.0056189736589353865
717,7,midRight,lowB,6.700054605565241,0,1,0,0,0.09180996508723072,0.9025049608338476,0.0036867492359356786,0.001998324842986039
718,7,midLeft,high,6.474263242070939,1,0,0,0,0.6770124191572733,0.3209657481281243,0.0013111509388043533,0.0007106817757981409
719,7,midLeft,high,6.849157626445973,1,0,0,0,0.8851330961931807,0.11414786172063207,0.0004662960983543091,0.0002527459878329339
720,7,midLeft,high,6.99523962732554,1,0,0,0,0.9591488763879442,0.04059540437377537,0.0001658329677426225,8.988627053775747e-05
721,7,midLeft,high,7.016903746636979,1,0,0,0,0.9854717569198693,0.01443729940648086,5.8976631559609825e-05,3.1967042090209296e-05
722,7,midLeft,high,7.155342742839782,1,0,0,0,0.994833193598301,0.005134463306073679,2.097437631048308e-05,1.136871931479189e-05
723,7,downRight,lowA,6.238865833214376,0,0,0,1,0.35380124664462054,0.0018260141802962757,7.459301251701804e-06,0.6443652798738314
724,7,midRight,lowB,6.30431360529922,0,1,0,0,0.1258254378048342,0.6450106381413728,2.6528166721138892e-06,0.22916127123712082
725,7,downRight,lowA,6.44467403402206,0,0,0,1,0.04474840309050937,0.22939078565326398,9.434444404882899e-07,0.7258598678117861
726,7,downRight,lowA,6.898753957071127,0,0,0,1,0.015914266734017878,0.08158025531834481,3.3552541404189793e-07,0.9025051424222232
727,7,midLeft,high,6.3682999572501435,1,0,0,0,0.6500209668564032,0.0290131011097639,1.1932584330002667e-07,0.32096581270798963
728,7,downRight,lowA,6.404122397100711,0,0,0,1,0.23117265276112092,0.010318183397694,4.243689533897573e-08,0.7585091214042897
729,7,downLeft,lowC,6.229766677084502,0,0,1,0,0.0822139563329185,0.0036695459828876772,0.6443612518087591,0.26975524587543465
730,7,downLeft,lowC,6.862390258378688,0,0,1,0,0.02923846975487835,0.00130503279516591,0.8735210754175943,0.09593542203236141
731,7,midLeft,high,6.220313819090249,1,0,0,0,0.6547595699404796,0.0004641202493171426,0.31065795496353876,0.03411835484666445
732,7,midLeft,high,6.693606541898759,1,0,0,0,0.8772191204181872,0.00016505915148195313,0.11048201090739732,0.012133809522933504
733,7,midLeft,high,6.9167947448526474,1,0,0,0,0.9563343598306704,5.8701432501656755e-05,0.03929168572417495,0.004315253012652969
734,7,midLeft,high,7.010465805688961,1,0,0,0,0.9844708057321997,2.087650485785588e-05,0.0139736465182674,0.0015346712446750654
735,7,midLeft,high,6.982561807667243,1,0,0,0,0.9944772165558111,7.424494369328713e-06,0.004969570366316647,0.0005457885835029068
736,7,downRight,lowA,6.318935553035167,0,0,0,1,0.3536746474094722,2.64043799551297e-06,0.001767371859126913,0.6445553402934054
737,7,midLeft,high,6.561706070371576,1,0,0,0,0.7701416509259676,9.390421032508532e-07,0.0006285459422418597,0.2292288640896873
738,7,downRight,lowA,6.434040521088502,0,0,0,1,0.27389222428838234,3.339597722712193e-07,0.00022353530156572315,0.7258839064502796
739,7,midLeft,high,6.48124771778221,1,0,0,0,0.7417679286354266,1.1876904039695763e-07,7.949781819902588e-05,0.2581524547773339
740,7,midLeft,high,6.8496125589883246,1,0,0,0,0.9081626654997806,4.223887464313563e-08,2.8272505748033774e-05,0.09180901975559669
741,7,midLeft,high,7.045309935913082,1,0,0,0,0.9673390839350938,1.5021781140569254e-08,1.0054798979154842e-05,0.03265084624414585
742,7,midLeft,high,6.6930985521469415,1,0,0,0,0.9883845122029723,5.342327667146639e-09,3.5758762740102813e-06,0.011611906578425969
743,7,downLeft,lowC,6.417701958755769,0,0,1,0,0.3515078455683769,1.8999388045989666e-09,0.6443625084367699,0.00412964409491432
744,7,downRight,lowA,6.439142972909946,0,0,0,1,0.125009815482366,6.756918867818049e-10,0.22916028560667173,0.6458298982352704
745,7,midLeft,high,6.531617794389831,1,0,0,0,0.6888195728929946,2.4030222697573917e-10,0.08149828056683794,0.22968214629986522
746,7,downRight,lowA,6.407690854826458,0,0,0,1,0.24497094102909595,8.546078681590977e-11,0.02898394771051753,0.7260451111749258
747,7,downRight,lowA,6.643003983382086,0,0,0,1,0.08712116250796961,3.039316853244036e-11,0.010307815318840514,0.9025710221427967
748,7,midLeft,high,6.436978809581413,1,0,0,0,0.6753448992067046,1.0808988869142428e-11,0.003665858692146598,0.32098924209033974
749,7,midLeft,high,7.030575821001538,1,0,0,0,0.8845400614602099,3.844095433766344e-12,0.001303721451646886,0.11415621708429902
750,7,midLeft,high,6.961287718245228,1,0,0,0,0.9589379702489264,1.367109346008204e-12,0.0004636538847297972,0.040598375864976666
751,7,downLeft,lowC,6.258155147801374,0,0,1,0,0.34103551380486585,4.86197077087598e-13,0.6445261300107111,0.014438356183936796
752,7,midLeft,high,6.34553979412873,1,0,0,0,0.7656466850818512,1.7291052720745952e-13,0.22921847578087468,0.005134839137101175
753,7,downLeft,lowC,6.475684343932402,0,0,1,0,0.27229364019457947,6.149368605474951e-14,0.725880211964981,0.0018261478403780976
754,7,midLeft,high,6.502148143262293,1,0,0,0,0.741199410165302,2.186953845825159e-14,0.25815114087515134,0.000649448959524802
755,7,midLeft,high,6.773605712588292,1,0,0,0,0.9079604782941617,7.777655610872351e-15,0.09180855248104941,0.0002309692247811212
756,7,midLeft,high,7.023107248321888,1,0,0,0,0.9672671783273358,2.7660358226951964e-15,0.03265068006320374,8.214160945769415e-05
757,7,midRight,lowB,6.275731809458775,0,1,0,0,0.3439977030650019,0.6443612367165552,0.01161184747804124,2.921274040164614e-05
758,7,midLeft,high,6.50550538181037,1,0,0,0,0.7667001544069375,0.22915983333366735,0.004129623076526585,1.0389182868561783e-05
759,7,midLeft,high,7.006345586630609,1,0,0,0,0.9170295314390644,0.08149811972102602,0.0014686540437626933,3.6947961469008746e-06
760,7,midRight,lowB,6.232014230816028,0,1,0,0,0.32613124845538666,0.6733451272240661,0.0005223103078149959,1.3140127322682677e-06
761,7,downLeft,lowC,6.217209545612099,0,0,1,0,0.11598491386875989,0.23946762830890134,0.6445469905084757,4.6731386304258824e-07
762,7,downLeft,lowC,6.703561809129244,0,0,1,0,0.04124873132782275,0.08516397117819755,0.8735871312990554,1.6619492431767563e-07
763,7,midLeft,high,6.2992054386690155,1,0,0,0,0.6590308845129922,0.030287609386121198,0.31068144699552924,5.910535734832403e-08
764,7,midRight,lowB,6.4179475059297815,0,1,0,0,0.23437692873379595,0.6551326846614465,0.11049036558460143,2.1020156190784082e-08
765,7,midLeft,high,6.5135853614357995,1,0,0,0,0.7277147577936136,0.2329905777595605,0.03929465697124346,7.475582351715318e-09
766,7,midLeft,high,6.747536214585469,1,0,0,0,0.9031648132013872,0.0828604809311056,0.013974703208900256,2.6586068623875893e-09
767,7,midLeft,high,6.963747283678265,1,0,0,0,0.9655616539246199,0.029468398963409935,0.004969946166466489,9.455036565964043e-10
768,7,downLeft,lowC,6.2467146967280325,0,0,1,0,0.3433911524756703,0.010480104963290285,0.6461287422247817,3.3625775111192104e-10
769,7,midLeft,high,6.553692865841404,1,0,0,0,0.7664844415054788,0.0037271315682252592,0.2297884268067097,1.1958629074991632e-10
770,7,downLeft,lowC,6.425070706424638,0,0,1,0,0.2725915788530111,0.001325512461518321,0.726082908642941,4.252952054795481e-11
771,7,midRight,lowB,6.510667662231293,0,1,0,0,0.09694413198476676,0.6448326403290854,0.2582232276710227,1.5125146090712545e-11
772,7,midLeft,high,6.545284035509509,1,0,0,0,0.6788383279232038,0.22932748273143494,0.09183418933998216,5.3790882501824536e-12
773,7,midLeft,high,6.738704180538678,1,0,0,0,0.8857824601285647,0.0815577423455133,0.032659797524009056,1.913012292887402e-12
774,7,midLeft,high,7.189398786580217,1,0,0,0,0.9593798153748451,0.02900509462394827,0.011615090000526327,6.803413259885047e-13
775,7,midRight,lowB,6.176896178454833,0,1,0,0,0.3411926510590104,0.6546765726975345,0.004130776243213101,2.4195574778517143e-13
776,7,midLeft,high,6.6473130109171175,1,0,0,0,0.765702569180581,0.23282836666479606,0.0014690641545369453,8.604884291163969e-14
777,7,midLeft,high,6.897678664581953,1,0,0,0,0.9166747514628931,0.08280279237797272,0.0005224561591035601,3.060230407506704e-14
778,7,midRight,lowB,6.4110319403586935,0,1,0,0,0.32600507494342335,0.6738091193942723,0.00018580566229340928,1.0883365574880794e-14
779,7,downRight,lowA,6.3814864764427925,0,0,0,1,0.11594004167700614,0.23963264191048667,6.607969594908966e-05,0.6443612367165581
780,7,downLeft,lowC,6.214281510441388,0,0,1,0,0.04123277303704162,0.08522265641139029,0.6443847372178997,0.2291598333336684
781,7,midLeft,high,6.391959853164813,1,0,0,0,0.6590252091261947,0.030308480129876865,0.22916819102290203,0.08149811972102639
782,7,midRight,lowB,6.285900170230844,0,1,0,0,0.23437491034625413,0.6551401071069445,0.08150109203928935,0.02898389050751203
783,7,downLeft,lowC,6.385190972269329,0,0,1,0,0.0833528032602103,0.23299321746889795,0.6733461842956574,0.010307794975234381
784,7,midRight,lowB,6.588768928443692,0,1,0,0,0.029643487867669557,0.727222656430624,0.2394680042445348,0.0036658514571716724
785,7,midLeft,high,6.321145462361359,1,0,0,0,0.65490361008122,0.2586285661646893,0.08516410487548129,0.0013037188786093512
786,7,midLeft,high,6.933488544202352,1,0,0,0,0.8772703466757032,0.09197834342058095,0.03028765693405784,0.00046365296965791044
787,7,downLeft,lowC,6.3012255015383865,0,0,1,0,0.3119913411569869,0.03271106430295547,0.6551327015713359,0.0001648929687218363
788,7,midRight,lowB,6.416057300927983,0,1,0,0,0.11095621472421444,0.6559945591709425,0.23299058377337267,5.864233147036977e-05
789,7,midRight,lowB,6.790299424632096,0,1,0,0,0.03946033098313208,0.8776583304607775,0.08286048306985033,2.0855486240180203e-05
790,7,midLeft,high,6.348278206318223,1,0,0,0,0.6583948600261508,0.3121293232304847,0.029468399724030467,7.417019334132608e-06
791,7,midRight,lowB,6.43779313503464,0,1,0,0,0.23415073377187767,0.7553665232147426,0.01048010523379643,2.6377795832403275e-06
792,7,midLeft,high,6.704904119167525,1,0,0,0,0.7276343140970962,0.2686376161418073,0.0037271316644277297,9.38096668797913e-07
793,7,downLeft,lowC,6.261312222318009,0,0,1,0,0.25877496758808965,0.09553794957608538,0.6456867492122859,3.336235391316101e-07
794,7,midLeft,high,6.581755062424929,1,0,0,0,0.7363916461582962,0.03397699823387521,0.22963123695836574,1.1864946285901209e-07
795,7,midLeft,high,6.780623743450215,1,0,0,0,0.9062506510485515,0.012083537631979203,0.08166576912312107,4.2196348235424186e-08
796,7,midRight,lowB,6.372087260014641,0,1,0,0,0.32229786076372446,0.6486586110960803,0.029043513133538187,1.5006657101523867e-08
797,7,midLeft,high,6.589801261538058,1,0,0,0,0.7589828493274654,0.2306881462433676,0.010328999092218037,5.336948972604687e-09
798,7,downRight,lowA,6.2338441975564445,0,0,0,1,0.26992372188816566,0.08204164703414193,0.003673392463112257,0.6443612386145802
799,7,midLeft,high,6.4387880257692665,1,0,0,0,0.7403565753497263,0.029177189888959218,0.001306400752635974,0.22915983400867862
800,8,midRight,high,6.398848316743547,0,1,0,0,0.2632994968461439,0.65473777644475,0.0004646067480200206,0.08149811996108619
801,8,midRight,high,6.768462930371536,0,1,0,0,0.09363950743151614,0.8772113698063183,0.00016523216927898365,0.0289838905928866
802,8,downRight,lowA,6.215562690147956,0,0,0,1,0.03330183861741543,0.31197036669609646,5.8762964337018704e-05,0.6546690317221511
803,8,downLeft,lowC,6.099981834178641,0,0,1,0,0.011843424700962519,0.11094875539288282,0.6443821351045179,0.23282568480163673
804,8,midRight,high,6.323478853211051,0,1,0,0,0.004211980913690924,0.6838189148723166,0.22916726561051703,0.08280183860347545
805,8,midLeft,lowB,6.298478808378542,1,0,0,0,0.6458591803996727,0.24319251319501856,0.08150076292677322,0.02944754347853549
806,8,midRight,high,6.505537448698893,0,1,0,0,0.22969256017259954,0.7308499213490236,0.028984830533934934,0.01047268794444186
807,8,midRight,high,6.7877668139329685,0,1,0,0,0.08168757803519175,0.9042797988909246,0.010308129285068877,0.0037244937888147546
808,8,downRight,lowA,6.361807128383955,0,0,0,1,0.029051269228055565,0.32159694933977145,0.003665970350707766,0.6456858110814652
809,8,midRight,high,6.678311641431487,0,1,0,0,0.010331757460080106,0.7587335780554795,0.00130376116175949,0.22963090332268088
810,8,downRight,lowA,6.490179199943991,0,0,0,1,0.0036743734456474043,0.2698350713612745,0.00046366800718513354,0.7260268871858929
811,8,midRight,high,6.5648226929808695,0,1,0,0,0.0013067496280515763,0.7403250477859782,0.00016489831664942073,0.25820330426932075
812,8,midRight,high,6.932903507255129,0,1,0,0,0.0004647308216413654,0.9076495211389174,5.8644233400722025e-05,0.0918271038060405
813,8,midRight,high,7.021816111492687,0,1,0,0,0.0001652762946682348,0.9671565899092106,2.0856162640338526e-05,0.03265727763348084
814,8,midRight,high,6.958695296822106,0,1,0,0,5.877865703588139e-05,0.9883196102533006,7.417259888248399e-06,0.01161419382977526
815,8,midRight,high,7.0514468892515385,0,1,0,0,2.090396889570267e-05,0.9958460006358152,2.6378651336085697e-06,0.004130457530155501
816,8,midRight,high,7.125710898225942,0,1,0,0,7.4342616457833155e-06,0.9985226768034411,9.381270938250733e-07,0.0014689508078192981
817,8,downLeft,lowC,6.206043140115711,0,0,1,0,2.6439116176319326e-06,0.35511336988885167,0.6443615703509137,0.0005224158486170738
818,8,midRight,high,6.661100436486287,0,1,0,0,9.402774579253551e-07,0.7706533164092422,0.22915995198697797,0.00018579132632184794
819,8,midRight,high,6.738169933041005,0,1,0,0,3.3439911227987555e-07,0.9184354290846232,0.08149816191874265,6.607459752189311e-05
820,8,downRight,lowA,6.3292652174402875,0,0,0,1,1.1892528673429706e-07,0.3266312401553563,0.028983905514655656,0.6443847354047013
821,8,midRight,high,6.5997793622825744,0,1,0,0,4.229444189731459e-08,0.7605239670151434,0.010307800312356383,0.2291681903780584
822,8,midLeft,lowB,6.397033282093424,1,0,0,0,0.6443612517580972,0.2704718030766857,0.00366585335525914,0.08150109180995796
823,8,midLeft,lowB,6.639077924774611,1,0,0,0,0.873521075399577,0.09619025754923619,0.0013037195536428309,0.028984947497544024
824,8,downLeft,lowC,6.2478274624072645,0,0,1,0,0.3106579549571312,0.03420898423472649,0.6448248899262802,0.010308170881862165
825,8,midLeft,lowB,6.537847368588065,1,0,0,0,0.7548432476216728,0.012166040846421023,0.22932472638776635,0.0036659851441398876
826,8,midRight,high,6.238457819567353,0,1,0,0,0.2684515190570315,0.6486879524372313,0.08155676208285981,0.0013037664228773946
827,8,midLeft,lowB,6.581724484338394,1,0,0,0,0.7398330029555593,0.23069858116164765,0.029004746004550483,0.00046366987824259865
828,8,downRight,lowA,6.344871488937615,0,0,0,1,0.263113294207393,0.082045358095574,0.010315211998408798,0.6445261356986242
829,8,midLeft,lowB,6.473757899952038,1,0,0,0,0.7379345232719048,0.02917850968625739,0.003668489238120666,0.22921847780371707
830,8,downLeft,lowC,6.3244905739689,0,0,1,0,0.26243812124057936,0.010377009099274623,0.6456658936923181,0.0815189759678279
831,8,downRight,lowA,6.311431416406218,0,0,0,1,0.09333316887643064,0.0036904666826470907,0.2296238199270368,0.6733525445138855
832,8,midRight,high,6.244565642581554,0,1,0,0,0.03319289275253879,0.6456737097235096,0.08166313133927203,0.2394702661846796
833,8,midRight,high,6.849422517063839,0,1,0,0,0.011804679328312945,0.8739878363272577,0.029042575035352305,0.08516490930907702
834,8,downLeft,lowC,6.271736481810834,0,0,1,0,0.004198201557278874,0.3108239532362006,0.6546899021846936,0.030287943021826975
835,8,midRight,high,6.619187508102545,0,1,0,0,0.0014930432098452947,0.7549022830443481,0.23283310714712452,0.010771566598682017
836,8,midLeft,lowB,6.257965198014125,1,0,0,0,0.6448922207572324,0.26847251434174174,0.08280447827724538,0.0038307866237805455
837,8,midRight,high,6.565863132743186,0,1,0,0,0.22934867184121704,0.7398404696926484,0.0294484822488505,0.0013623762172840798
838,8,downRight,lowA,6.375276230373921,0,0,0,1,0.08156527801431127,0.26311594966853713,0.010473021807555698,0.6448457505095959
839,8,midRight,high,6.40751511366819,0,1,0,0,0.02900777459988009,0.7379354676568222,0.0037246125234796663,0.22933214521981815
840,8,midRight,high,6.8802972690496,0,1,0,0,0.010316289084306308,0.9067996938170176,0.0013246165915603426,0.08155940050711571
841,8,midRight,high,6.921230060828611,0,1,0,0,0.003668872291617207,0.9668543583714456,0.00047108500644725353,0.029005684330489875
842,8,downLeft,lowC,6.291851519045953,0,0,1,0,0.0013047932044356453,0.3438508882864304,0.6445287728056485,0.010315545703485442
843,8,midLeft,lowB,6.477879078571475,1,0,0,0,0.6448252717581203,0.12228670466410038,0.2292194156611978,0.0036686079165814253
844,8,midLeft,lowB,6.808039005043424,1,0,0,0,0.873686098898524,0.04348989241274864,0.08151930950630248,0.0013046991824248767
845,8,downLeft,lowC,6.233234319408287,0,0,1,0,0.31071664371020935,0.01546669155300004,0.673352663133096,0.00046400160369450597
846,8,midRight,high,6.449831883569944,0,1,0,0,0.11050288290068191,0.6498617917725497,0.23947030837026895,0.0001650169564994496
847,8,downLeft,lowC,6.601763281533184,0,0,1,0,0.039299108614053946,0.2311160439311537,0.729526161028462,5.8686426330262434e-05
848,8,midLeft,lowB,6.334396963741617,1,0,0,0,0.6583375231021982,0.08219382403863804,0.2594477816910822,2.0871168081619583e-05
849,8,downLeft,lowC,6.575888538483265,0,0,1,0,0.23413034253915266,0.02923130993063839,0.7366309249338041,7.422596404828116e-06
850,8,midRight,high,6.33076374741806,0,1,0,0,0.0832658254677538,0.6547570236294415,0.26197451113979886,2.6397630057652223e-06
851,8,downRight,lowA,6.260930175473115,0,0,0,1,0.029612555193127207,0.2328569781347245,0.09316829115354336,0.644362175518605
852,8,downRight,lowA,6.830420718499664,0,0,0,1,0.010531372506546541,0.0828129677257538,0.033134255843078164,0.8735214039246215
853,8,downLeft,lowC,6.246922693585923,0,0,1,0,0.0037453642939054947,0.029451501425818996,0.6561450624869039,0.3106580717933717
854,8,midRight,high,6.308229493575101,0,1,0,0,0.0013319967255305265,0.6548353322604731,0.23335061855738176,0.11048205245661463
855,8,midLeft,lowB,6.264909187467364,1,0,0,0,0.6448349463847195,0.23288482771941899,0.08298852539517435,0.03929170050068721
856,8,downRight,lowA,6.511710949555726,0,0,0,1,0.22932830285420874,0.0828228721176125,0.029513936538256638,0.6583348884899222
857,8,midRight,high,6.393628437465978,0,1,0,0,0.0815580340129623,0.6738162605280449,0.010496299890091695,0.2341294055689011
858,8,midRight,high,6.784057173335664,0,1,0,0,0.02900519835219912,0.8839964182910243,0.003732891111964378,0.0832654922448123
859,8,midRight,high,6.952646885087608,0,1,0,0,0.010315372870767135,0.9587446296645697,0.0013275607785307782,0.029612436686132393
860,8,downRight,lowA,6.070108142566925,0,0,0,1,0.003668546450567232,0.34096675439855284,0.0004721320734602945,0.6548925670774197
861,8,midRight,high,6.6807664610080275,0,1,0,0,0.0013046773227276052,0.7656222315716259,0.00016790846671186813,0.23290518263893462
862,8,downRight,lowA,6.498001017670602,0,0,0,1,0.00046399382953880256,0.27228494357844496,5.97147594462284e-05,0.72719134783257
863,8,midRight,high,6.413257448355431,0,1,0,0,0.00016501419170832971,0.7411963173114953,2.123688319922513e-05,0.25861743161359724
864,8,midLeft,lowB,6.351779869960291,1,0,0,0,0.6444199221596176,0.26359814163890466,7.552658876967413e-06,0.09197438354260085
865,8,midRight,high,6.530077164877526,0,1,0,0,0.22918070415206082,0.7381069538128289,2.6860182625064297e-06,0.032709656016847874
866,8,midRight,high,6.9703790177557465,0,1,0,0,0.08150554219306819,0.9068606809414601,9.552522130345365e-07,0.011632821613258699
867,8,midRight,high,7.239705681381318,0,1,0,0,0.028986530226289477,0.9668760477569586,3.3972471566737724e-07,0.004137082292036263
868,8,midRight,high,7.208468731400134,0,1,0,0,0.010308733761555808,0.9882198385892248,1.208192777367663e-07,0.0014713068299416197
869,8,midRight,high,7.294157010111016,0,1,0,0,0.0036661853259780117,0.9958105179645925,4.296801851510272e-08,0.0005232537414109247
870,8,midRight,high,6.93241611511993,0,1,0,0,0.0013038376152987368,0.9985100577901295,1.5281092965451332e-08,0.0001860893134788172
871,8,downLeft,lowC,6.476426283096396,0,0,1,0,0.0004636951970272799,0.3551088820785636,0.6443612421511032,6.618057330587201e-05
872,8,midLeft,lowB,6.2815480145516025,1,0,0,0,0.6445261447029654,0.12629048365338735,0.22915983526640332,2.3536377243889745e-05
873,8,downRight,lowA,6.274379062154207,0,0,0,1,0.22921848100600983,0.0449137914209589,0.08149812040838184,0.6443696071646494
874,8,midRight,high,6.4024640652554705,0,1,0,0,0.08151897710668735,0.6603343219518747,0.02898389075196227,0.2291628101894757
875,8,downRight,lowA,6.356126974857017,0,0,0,1,0.028991308202353815,0.23484048161257742,0.010307795062170364,0.7258604151228985
876,8,downLeft,lowC,6.284596085637585,0,0,1,0,0.010310432995054328,0.08351837844958582,0.6480270882046437,0.25814410035071617
877,8,downRight,lowA,6.5572475197024085,0,0,0,1,0.0036667896392779554,0.029702372823249494,0.23046355222327192,0.7361672853142007
878,8,midRight,high,6.39379769186812,0,1,0,0,0.0013040525325333642,0.6549245518539984,0.08196177269459426,0.26180962291887394
879,8,midRight,high,6.794683076739239,0,1,0,0,0.0004637716299268111,0.8772777943818751,0.029148783477624396,0.09310965051057363
880,8,midRight,high,7.0902681939834675,0,1,0,0,0.000164935168913119,0.9563552265665534,0.010366437307199279,0.03311340095733426
881,8,midRight,high,6.943319755351346,0,1,0,0,5.865733949420788e-05,0.9844782267523429,0.003686706943587726,0.011776408964575227
882,8,midRight,high,7.208579899580136,0,1,0,0,2.0860823675217313e-05,0.9944798557582372,0.0013111358980060312,0.004188147520081618
883,8,midRight,high,6.833015709548976,0,1,0,0,7.4189175329283116e-06,0.9980368227287132,0.0004662907492633951,0.0014894676044904572
884,8,midRight,high,7.0811833358658305,0,1,0,0,2.6384546563124976e-06,0.9993018180631333,0.00016583106539854516,0.0005297124168117428
885,8,downLeft,lowC,6.325741451980115,0,0,1,0,9.383367509504257e-07,0.35539046272287167,0.6444202126715666,0.00018838626881081337
886,8,midRight,high,6.729333861756063,0,1,0,0,3.3370892165141603e-07,0.7707518613620479,0.22918080746937108,6.699745965946045e-05
887,8,downLeft,lowC,6.641032322523055,0,0,1,0,1.186798281927619e-07,0.2741092387732126,0.7258668156532628,2.3826893696423064e-05
888,8,midRight,high,6.473263406066844,0,1,0,0,4.220714732516566e-08,0.7418451073984262,0.25814637662741935,8.473767007082029e-06
889,8,midLeft,lowB,6.19910167535941,1,0,0,0,0.6443612517270519,0.2638288765430513,0.09180685812987804,3.0136000187507186e-06
890,8,downLeft,lowC,6.3047851541109665,0,0,1,0,0.22915983867198186,0.09382777537223166,0.6770113142028027,1.0717529836994746e-06
891,8,midLeft,lowB,6.533592145108363,1,0,0,0,0.7258593583360917,0.03336879399501742,0.2407714665119851,3.811569056682242e-07
892,8,downLeft,lowC,6.602011420463205,0,0,1,0,0.2581437245163632,0.011867236628648067,0.7299889033008182,1.3555417054879228e-07
893,8,downRight,lowA,6.342346004987703,0,0,0,1,0.09180591493638193,0.004220449358204407,0.2596123507805419,0.6443612849248718
894,8,midRight,high,6.307985047632027,0,1,0,0,0.032649742050080095,0.6458621921068064,0.09232821536470004,0.22915985047841342
895,8,midLeft,lowB,6.352910931309771,1,0,0,0,0.6559727506007682,0.2296936312523999,0.03283549232846956,0.0814981258183623
896,8,midRight,high,6.62263460821894,0,1,0,0,0.2332893377712974,0.7260491956692416,0.011677573883499985,0.028983892675961034
897,8,midRight,high,6.974657517040515,0,1,0,0,0.08296673157219828,0.9025724747473038,0.004152997934079,0.010307795746418904
898,8,midRight,high,6.878938270621928,0,1,0,0,0.029506185810006212,0.9653509954093644,0.0014769670491945608,0.003665851731434782
899,8,midRight,high,6.894186059584551,0,1,0,0,0.010493543430682168,0.987677470858384,0.0005252667347859538,0.0013037189761479443
900,9,midRight,high,7.223226741767948,0,1,0,0,0.003731910808148933,0.9956176309755514,0.0001868052119532103,0.0004636530043464151
901,9,downLeft,lowB,6.390772054904951,0,0,1,0,0.0013272121444942112,0.3540802229833392,0.6444276718911082,0.0001648929810584132
902,9,midLeft,lowC,6.23214714660871,1,0,0,0,0.6448332448022369,0.12592465260492147,0.22918346025698388,5.8642335857734716e-05
903,9,midRight,high,6.387533797921619,0,1,0,0,0.22932769770551897,0.6891449244358661,0.08150652237081449,2.0855487800497243e-05
904,9,downLeft,lowB,6.254594114120782,0,0,1,0,0.08155781879863067,0.24508664864943508,0.6733481155320452,7.41701988904183e-06
905,9,midRight,high,6.525394854710401,0,1,0,0,0.02900512181364038,0.7315235493395237,0.23946869106705532,2.6377797805875566e-06
906,9,midLeft,lowC,6.391063577794216,1,0,0,0,0.6546765823672429,0.26015813039982494,0.08516434913619308,9.380967389822376e-07
907,9,midRight,high,6.502665414475759,0,1,0,0,0.2328283701037192,0.7368835524700814,0.030287743802635304,3.336235640918764e-07
908,9,downRight,lowA,6.146125226125576,0,0,0,1,0.0828027936009871,0.2620643552843719,0.010771495748615068,0.6443613553660259
909,9,midLeft,lowC,6.396543919841285,1,0,0,0,0.6738091198292236,0.09320024321400758,0.0038307614267503566,0.22915987553001838
910,9,downRight,lowA,6.498397961206945,0,0,0,1,0.2396326420651722,0.033145619234346016,0.001362367256243425,0.7258593714442383
911,9,downRight,lowA,6.743240718435981,0,0,0,1,0.08522265646640248,0.01178786703276681,0.000484510606148273,0.9025049658946824
912,9,midLeft,lowC,6.480091265670272,1,0,0,0,0.6746697168659955,0.00419222245328289,0.0001723107527682845,0.32096574992795324
913,9,midRight,high,6.325779061524798,0,1,0,0,0.23993870373101517,0.6458521535252488,6.128038301495228e-05,0.11414786236072103
914,9,midRight,high,6.878818634015804,0,1,0,0,0.08533150385873134,0.8740512978602238,2.1793679628973507e-05,0.04059540460141582
915,9,downRight,lowA,6.199575287012361,0,0,0,1,0.0303471905014358,0.3108465226173007,7.750677270643765e-06,0.6587985362039929
916,9,downLeft,lowB,6.428984117964839,0,0,1,0,0.010792637299057762,0.11054907287457649,0.6443639931578333,0.2342942966685324
917,9,downLeft,lowB,6.849825455550299,0,0,1,0,0.0038382801816036908,0.03931553555924591,0.8735220503475888,0.08332413391156163
918,9,midRight,high,6.365434674205462,0,1,0,0,0.0013650412169208962,0.6583433651606708,0.3106583016864364,0.029633291935972
919,9,midLeft,lowC,6.391965966502188,1,0,0,0,0.6448466982867709,0.2341324202016029,0.11048213421549982,0.010538747296126388
920,9,midRight,high,6.4702362439337175,0,1,0,0,0.22933248228612052,0.7276278010816124,0.039291729577316026,0.0037479870549511473
921,9,midRight,high,6.85034308096648,0,1,0,0,0.08155952038095865,0.903133888023872,0.013973662114144261,0.0013329294810251902
922,9,midRight,high,7.072314343549244,0,1,0,0,0.029005726962275123,0.965550655732734,0.004969575912815006,0.0004740413921758439
923,9,midRight,high,7.075492475729734,0,1,0,0,0.010315560865000822,0.9877484778088639,0.0017673738316767301,0.00016858749445858003
924,9,midRight,high,7.0101834413588415,0,1,0,0,0.0036686133086040046,0.9956428837996046,0.0006285466437570373,5.9956248034304175e-05
925,9,downRight,lowA,6.222986496645382,0,0,0,1,0.0013047011000371185,0.3540892038664549,0.0002235355510517133,0.6443825594824563
926,9,midRight,high,6.584264800842883,0,1,0,0,0.00046400228567175213,0.7702890832716401,7.949790692591486e-05,0.22916741653576217
927,9,midRight,high,6.744147069886345,0,1,0,0,0.00016501719903699402,0.9183058936620195,2.8272537302754843e-05,0.08150081660164074
928,9,midRight,high,6.957688933674675,0,1,0,0,5.868651258601477e-05,0.9709464090544143,1.0054810201236822e-05,0.028984849622798438
929,9,downRight,lowA,6.447868308324054,0,0,0,1,2.0871198757508672e-05,0.34530618013061454,3.5758802650176384e-06,0.6546693727903629
930,9,downRight,lowA,6.901350315184975,0,0,0,1,7.4226073143633745e-06,0.12280426285578253,1.2717216351005532e-06,0.8771870428152679
931,9,midRight,high,6.46000171699272,0,1,0,0,2.6397668856188496e-06,0.6880351928845199,4.5227350954796227e-07,0.31196171507508486
932,9,midRight,high,6.750857507021298,0,1,0,0,9.38803430558081e-07,0.889053221809492,1.60845991601501e-07,0.11094567854108586
933,9,midRight,high,6.811948342735116,0,1,0,0,3.3387489100993217e-07,0.960543025014045,5.720306953225732e-08,0.0394565839079945
934,9,midRight,high,7.122190598420403,0,1,0,0,1.1873885333016753e-07,0.9859675702130891,2.034362890446895e-08,0.014032290704428674
935,9,midLeft,lowC,6.206562606907097,1,0,0,0,0.6443612789446932,0.350648287308167,7.234983024282699e-09,0.004990426512156806
936,9,downLeft,lowB,6.210501333959596,0,0,1,0,0.2291598483516301,0.1247041232457349,0.6443612392895947,0.0017747891130403663
937,9,downLeft,lowB,6.943869447925538,0,0,1,0,0.08149812506199572,0.044349620167459566,0.8735210709652941,0.0006311838052505995
938,9,midRight,high,6.169011369933415,0,1,0,0,0.028983892406967755,0.6601336807850001,0.31065795338012825,0.0002244734279038625
939,9,midLeft,lowC,6.260057210570163,1,0,0,0,0.6546690323673087,0.2347691258361264,0.11048201034427516,7.983145228972538e-05
940,9,midLeft,lowC,6.743161020486891,1,0,0,0,0.877186921747634,0.08349300156949566,0.03929168552390688,2.8391158963439342e-05
941,9,downRight,lowA,6.282334353733121,0,0,0,1,0.31196167201874125,0.029693347820998237,0.013973646447044314,0.6443713337132162
942,9,downLeft,lowB,6.318124879895542,0,0,1,0,0.11094566322858107,0.010560105496805014,0.6493308070575412,0.22916342421707275
943,9,midRight,high,6.348231345817158,0,1,0,0,0.03945657846227424,0.6481168195755806,0.23092720518378573,0.0814993967783594
944,9,midRight,high,6.85859489349407,0,1,0,0,0.014032288767719454,0.8748567008936139,0.0821266656600641,0.028984344678602586
945,9,downLeft,lowB,6.441821347581049,0,0,1,0,0.004990425823387934,0.31113295515604034,0.6735686625244924,0.010307956496079348
946,9,midRight,high,6.580193158963563,0,1,0,0,0.0017747888680874563,0.7550121761049722,0.23954712612669515,0.0036659089002452202
947,9,downLeft,lowB,6.474713644516197,0,0,1,0,0.0006311837181358496,0.2685115965739155,0.7295534804003556,0.001303739307592987
948,9,midRight,high,6.557196376922971,0,1,0,0,0.0002244733969224806,0.7398543688493651,0.25945749751871605,0.0004636602349963858
949,9,midRight,high,6.846716197875968,0,1,0,0,7.983144127154504e-05,0.9074821294639968,0.09227314354217389,0.0001648955525578265
950,9,downRight,lowA,6.236868749734363,0,0,0,1,2.8391155044947312e-05,0.32273582222440367,0.03281590665361459,0.6444198799669368
951,9,downRight,lowA,7.0517271436585105,0,0,0,1,1.0096995268373626e-05,0.11477736868315294,0.011670608458316495,0.8735419258632622
952,9,midLeft,lowC,6.318840824136888,1,0,0,0,0.6443648275994643,0.04081928145140461,0.004150520758881,0.3106653701902501
953,9,downLeft,lowB,6.37846808486932,0,0,1,0,0.22916111039082426,0.014516918773496434,0.645837322786225,0.1104846480494544
954,9,midRight,high,6.274629527078896,0,1,0,0,0.08149857389205395,0.6495240157558467,0.22968478675798465,0.03929262359411474
955,9,midRight,high,6.787429672398341,0,1,0,0,0.028984052028334588,0.8753571544028609,0.08168481350763163,0.013973980061172911
956,9,midRight,high,6.92487229684282,0,1,0,0,0.01030785241829996,0.9556721725397039,0.029050286054893022,0.004969688987103064
957,9,downLeft,lowB,6.475086266071574,0,0,1,0,0.0036658718861524737,0.3398740695464242,0.6546926445221467,0.001767414045276694
958,9,midRight,high,6.457959825252231,0,1,0,0,0.0013037261439468187,0.7652336304821563,0.23283408242862486,0.0006285609452719955
959,9,downLeft,lowB,6.410565985897566,0,0,1,0,0.0004636555534935422,0.27214674196757543,0.7271660618417063,0.00022354063722480612
960,9,midLeft,lowC,6.413558098417755,1,0,0,0,0.6445261306041882,0.09678593074496755,0.25860843893507807,7.949971576622346e-05
961,9,midRight,high,6.271355021135558,0,1,0,0,0.22921847599193812,0.6787820654299317,0.09197118539753368,2.8273180596485173e-05
962,9,midRight,high,6.888934613241612,0,1,0,0,0.08151897532348909,0.8857624510050381,0.032708518632491385,1.0055038981423505e-05
963,9,midRight,high,6.926717405186796,0,1,0,0,0.028991307568179393,0.9593726993548997,0.011632417115292778,3.5759616281202934e-06
964,9,downRight,lowA,6.271752975860654,0,0,0,1,0.010310432769517323,0.34119012032647755,0.004136938436879911,0.6443625084671252
965,9,midLeft,lowC,6.234153887293351,1,0,0,0,0.6480280262756225,0.12134043243743853,0.0014712556694717232,0.22916028561746726
966,9,midRight,high,6.351372057345245,0,1,0,0,0.2304638858376747,0.6875145980448834,0.0005232355467646817,0.08149828057067726
967,9,midRight,high,6.786228845809091,0,1,0,0,0.08196189134080786,0.8888680781045519,0.000186082842757329,0.028983947711882938
968,9,downLeft,lowB,6.3187729546961044,0,0,1,0,0.029148825672817076,0.31611594401923615,0.6444274149886207,0.010307815319326105
969,9,midRight,high,6.658280785455524,0,1,0,0,0.01036645231344542,0.7567843201017344,0.22918336889250096,0.003665858692319293
970,9,downRight,lowA,6.2159349788412745,0,0,0,1,0.003686712280390545,0.26914183967328414,0.08150648987806278,0.6456649581682625
971,9,midRight,high,6.398215754932722,0,1,0,0,0.0013111377959799855,0.7400785077257925,0.028986867259808938,0.22962348721841863
972,9,midLeft,lowC,6.312195744295543,1,0,0,0,0.6448275281408107,0.26320060522025895,0.010308853623739855,0.08166301301519052
973,9,downRight,lowA,6.242766790483407,0,0,0,1,0.22932566463911924,0.09360433773598734,0.0036662279536169105,0.6734037696712765
974,9,downRight,lowA,6.754693321789931,0,0,0,1,0.0815570957614106,0.03328933091039251,0.0013038527753395164,0.8838497205528574
975,9,downRight,lowA,6.98598116315358,0,0,0,1,0.029004864673577622,0.011838976475505376,0.00046370058852543406,0.9586924582623916
976,9,midRight,high,6.265800440498231,0,1,0,0,0.010315254201714853,0.6485716356688448,0.00016490990383699134,0.34094820022560346
977,9,midLeft,lowC,6.41778351604192,1,0,0,0,0.6480297409638065,0.23065721440998954,5.8648354253779575e-05,0.12125439627195025
978,9,midRight,high,6.567772453024122,0,1,0,0,0.23046449564725985,0.7263918831917275,2.0857628175423584e-05,0.043122763532837255
979,9,midRight,high,6.71401378435351,0,1,0,0,0.08196210821273456,0.9026943477139934,7.417781089333597e-06,0.015336126292182718
980,9,midLeft,lowC,6.422737826857616,1,0,0,0,0.6735101395174351,0.32103310144396136,2.638050492917932e-06,0.005454120988110598
981,9,midRight,high,6.590647364144108,0,1,0,0,0.23952631307684163,0.7585330518871336,9.381930147806178e-07,0.0019396968430099386
982,9,downLeft,lowB,6.383275486821101,0,0,1,0,0.08518484175649141,0.269763756482758,0.6443615703743577,0.0006898313863928586
983,9,midRight,high,6.4885354831165944,0,1,0,0,0.030295031772774636,0.740299685450779,0.22915995199531558,0.00024533078113086104
984,9,midLeft,lowC,6.375108107867932,1,0,0,0,0.6551353243498564,0.26327926459283896,0.08149816192170783,8.724913559674113e-05
985,9,midRight,high,6.358534622195248,0,1,0,0,0.2329915165350821,0.7379935487745265,0.028983905515710187,3.102917468117468e-05
986,9,midRight,high,6.820601715394576,0,1,0,0,0.0828608147960711,0.9068203497138881,0.010307800312731413,1.1035177309318973e-05
987,9,midRight,high,6.989794448989798,0,1,0,0,0.029468517698733376,0.9668617044090632,0.003665853355392515,3.924536810899743e-06
988,9,midRight,high,6.917820498468559,0,1,0,0,0.010480147190173872,0.9882147375387179,0.0013037195536902643,1.395717417888743e-06
989,9,midLeft,lowC,6.313650566322169,1,0,0,0,0.6480883833022961,0.35144746711674457,0.0004636532097428515,4.963712163911168e-07
990,9,midRight,high,6.608140994738041,0,1,0,0,0.23048535113599639,0.7693495792810527,0.0001648930541053478,1.7652884552683644e-07
991,9,midRight,high,6.98817232096992,0,1,0,0,0.0819695252329565,0.9179717696247072,5.8642361836056206e-05,6.278050030701855e-08
992,9,downLeft,lowB,6.336125601367692,0,0,1,0,0.02915154058077985,0.32646634487844706,0.6443820922135937,2.232717948750407e-08
993,9,midRight,high,6.501265362775396,0,1,0,0,0.01036741783995573,0.7604653238627921,0.22916725035684177,7.940410500543466e-09
994,9,downLeft,lowB,6.570590729941498,0,0,1,0,0.0036870556590445887,0.27045094729850844,0.7258619942185291,2.8239177703761654e-09
995,9,midRight,high,6.482899577641685,0,1,0,0,0.0013112599147398476,0.7405440771426322,0.2581446619383334,1.0042946234707251e-09
996,9,midRight,high,6.6075138740956385,0,1,0,0,0.000466334854421236,0.9077274164684406,0.09180624831997208,3.5716609786334255e-10
997,9,midRight,high,7.046558282830242,0,1,0,0,0.0001658467509023341,0.9671842925078677,0.03264986061420779,1.2702210933089333e-10
998,9,midRight,high,7.2718549881538035,0,1,0,0,5.8981533385483794e-05,0.9883294623712268,0.011611556050213745,4.517398587209354e-11
999,9,downRight,lowA,6.449008892938475,0,0,0,1,2.0976119589774726e-05,0.351488267714296,0.004129519433494429,0.6443612367326198
1000,10,downRight,high,6.535558521075227,0,0,0,1,7.459921229393143e-06,0.12500285283855292,0.0014686171842829142,0.8735210700559348
1001,10,downRight,high,6.894592245298421,0,0,0,1,2.6530371602133e-06,0.044455859990405536,0.000522297199155192,0.955019189773279
1002,10,midLeft,lowB,6.334468409610527,1,0,0,0,0.6443621802394088,0.015810227067689843,0.00018574912997396006,0.33964184356292737
1003,10,downRight,high,6.506904068550143,0,0,0,1,0.22916016888696816,0.005622729601583675,6.605959086491518e-05,0.7651510419205833
1004,10,downLeft,lowA,6.3293745485584205,0,0,1,0,0.08149823905678694,0.0019996606017844403,0.6443847300677524,0.2721173702736762
1005,10,downRight,high,6.592994257118735,0,0,0,1,0.028983932947934325,0.0007111568234052493,0.2291681884800325,0.741136721748628
1006,10,downRight,high,6.984228755330104,0,0,0,1,0.01030781006869368,0.00025291493317642673,0.08150109113494636,0.9079381838631836
1007,10,downRight,high,6.8701472775836185,0,0,0,1,0.003665856824990871,8.994635405077972e-05,0.028984947257483733,0.9672592495634746
1008,10,downRight,high,7.034230835076441,0,0,0,1,0.0013037207876139324,3.1988410116474255e-05,0.01030817079648742,0.9883561200057822
1009,10,downRight,high,7.094598063425333,0,0,0,1,0.00046365364857393876,1.1376318613226569e-05,0.0036659851137773184,0.9958589849190356
1010,10,downRight,high,7.13229740259283,0,0,0,1,0.00016489321017069296,4.045859882326342e-06,0.0013037664120792878,0.9985272945178677
1011,10,midRight,lowC,6.294224897961589,0,1,0,0,5.864241733894255e-05,0.6443626755811592,0.0004636698744023733,0.3551150121270995
1012,10,downLeft,lowA,6.355150903138897,0,0,1,0,2.085551677837323e-05,0.22916034504969568,0.6445261356972585,0.12629266373626752
1013,10,downRight,high,6.290929916044976,0,0,0,1,7.41703019469781e-06,0.08149830170708147,0.22921847780323135,0.6892758034594924
1014,10,downRight,high,6.823228174132211,0,0,0,1,2.6377834456783044e-06,0.028983955228807597,0.08151897596765517,0.8894944310200915
1015,10,downLeft,lowA,6.423579823301103,0,0,1,0,9.380980424305785e-07,0.010307817992635897,0.673352544513824,0.31633869939549764
1016,10,downRight,high,6.453246066059656,0,0,0,1,3.336240276486324e-07,0.0036658596430518813,0.23947026618465772,0.7568635405482627
1017,10,downRight,high,6.906964162911796,0,0,0,1,1.1864963659460175e-07,0.0013037217898256652,0.08516490930906925,0.9135312502514685
1018,10,downRight,high,6.878092695475016,0,0,0,1,4.219641002253443e-08,0.00046365400499928005,0.030287943021824207,0.9692483607767665
1019,10,downRight,high,6.9345899442315275,0,0,0,1,1.5006679075415344e-08,0.00016489333692936055,0.010771566598681032,0.9890635250577106
1020,10,downRight,high,7.157342302748477,0,0,0,1,5.336956787372277e-09,5.864246241923833e-05,0.003830786623780195,0.9961105655768437
1021,10,downRight,high,6.979290800870469,0,0,0,1,1.8980287115582686e-09,2.0855532810673866e-05,0.0013623762172839554,0.9986167663518767
1022,10,downRight,high,7.081781497393925,0,0,0,1,6.750125836550547e-10,7.417035896405381e-06,0.00048451379304164494,0.9995080684960493
1023,10,downRight,high,7.030034873307137,0,0,0,1,2.4006064045184715e-10,2.6377854734265333e-06,0.000172311886151102,0.9998250500883148
1024,10,downRight,high,6.968033091429942,0,0,0,1,8.537486928332686e-11,9.380987635764508e-07,6.128078608981584e-05,0.9999377810297717
1025,10,midRight,lowC,6.150595307526289,0,1,0,0,3.036261292740821e-11,0.6443615703408383,2.1793822978019493e-05,0.35561663580582104
1026,10,downRight,high,6.63335647733119,0,0,0,1,1.0798122111557418e-11,0.22915995198339478,7.750728251121196e-06,0.7708322972775559
1027,10,downLeft,lowA,6.345971465559237,0,0,1,0,3.8402307935379105e-12,0.08149816191746834,0.6443639931759639,0.2741378449027274
1028,10,downLeft,lowA,6.883226355271618,0,0,1,0,1.365734930136828e-12,0.028983905514202456,0.8735220503540367,0.09749404413039506
1029,10,downRight,high,6.488844162981801,0,0,0,1,4.857082815268648e-13,0.010307800312195206,0.31065830168872943,0.6790338979985896
1030,10,midRight,lowC,6.526672246718216,0,1,0,0,1.7273669255874192e-13,0.6480270900717561,0.11048213421631534,0.24149077571175587
1031,10,downRight,high,6.406071399434828,0,0,0,1,6.143186371526376e-14,0.23046355288728948,0.03929172957760606,0.730244717535043
1032,10,downRight,high,6.77178014605174,0,0,0,1,2.1847552037893592e-14,0.08196177293074464,0.013973662114247408,0.9040645649549861
1033,10,downLeft,lowA,6.36173138940219,0,0,1,0,7.769836387527203e-15,0.029148783561608625,0.649330812629406,0.32152040380897773
1034,10,downRight,high,6.594168538920101,0,0,0,1,2.7632550037748903e-15,0.010366437337067325,0.2309272071653568,0.7587063554975731
1035,10,downRight,high,7.031947362790063,0,0,0,1,9.827205921792955e-16,0.0036867069542099607,0.08212666636478758,0.9141866266810015
1036,10,midLeft,lowB,6.209266770292024,1,0,0,0,0.6443612367165545,0.0013111359017837095,0.029207426058565217,0.3251202013230965
1037,10,downRight,high,6.540319568674562,0,0,0,1,0.22915983333366713,0.0004662907506068839,0.010387292882160823,0.7599865830335651
1038,10,downRight,high,6.784979552561162,0,0,0,1,0.08149811972102594,0.00016583106587634184,0.0036941239944746143,0.9146419252186231
1039,10,midLeft,lowB,6.416667987353733,1,0,0,0,0.673345127224066,5.897595518223784e-05,0.0013137736888106546,0.32528212313194105
1040,10,midRight,lowC,6.2767275148703785,0,1,0,0,0.23946762830890134,0.6443822108523187,0.00046722884992295177,0.11568293198885704
1041,10,downRight,high,6.237292300796988,0,0,0,1,0.08516397117819755,0.22916729254937124,0.00016616469035694528,0.6855025715820743
1042,10,downRight,high,6.727864878980969,0,0,0,1,0.030287609386121198,0.081500772507274,5.9094604979920734e-05,0.8881525235016249
1043,10,downLeft,lowA,6.390345894070234,0,0,1,0,0.010771447944892227,0.028984833941132382,0.6443822530487859,0.3158614650651894
1044,10,midRight,lowC,6.45899099067014,0,1,0,0,0.003830744425893485,0.6546693672133546,0.22916730755607062,0.11233258080468128
1045,10,midRight,lowC,6.816799281815265,0,1,0,0,0.0013623612100797126,0.8771870408318676,0.08150077784423801,0.039949820113814594
1046,10,downRight,high,6.51236520745399,0,0,0,1,0.00048450845589808765,0.3119617143697109,0.028984835839163663,0.6585689413352274
1047,10,downLeft,lowA,6.286507312276989,0,0,1,0,0.00017230998805596782,0.11094567829022753,0.654669367888368,0.23421264383334844
1048,10,midLeft,lowB,6.2546709721039555,1,0,0,0,0.6444225168276078,0.03945658381877956,0.23282580435537442,0.0832950949982382
1049,10,midLeft,lowB,6.853417062308598,1,0,0,0,0.8735428636331302,0.01403229067270038,0.08280188112141887,0.029622964572750564
1050,10,midLeft,lowB,6.7999299866644325,1,0,0,0,0.9550269404141204,0.004990426500872995,0.029447558599564307,0.010535074485442338
1051,10,midRight,lowC,6.36037407050218,0,1,0,0,0.33964459999125085,0.6461360258255816,0.010472693322065848,0.0037466808611016974
1052,10,midLeft,lowB,6.703651895789637,1,0,0,0,0.7651520222133433,0.22979101713749045,0.0037244957013063,0.0013324649478599635
1053,10,downRight,high,6.120651031772186,0,0,0,1,0.27211771890378106,0.0817225931484222,0.0013245750450670826,0.6448351129027297
1054,10,downRight,high,6.810665611279561,0,0,0,1,0.09677560901845303,0.02906372195962107,0.00047107023090377177,0.8736895987910221
1055,10,midLeft,lowB,6.379493398080299,1,0,0,0,0.6787783946238791,0.010336186134133563,0.00016753083433826465,0.310717888407649
1056,10,midLeft,lowB,6.804754312128214,1,0,0,0,0.8857611455241133,0.0036759484538107607,5.9580458735904266e-05,0.11050332556334003
1057,10,downRight,high,6.3208528678516895,0,0,0,1,0.3150109983587239,0.0013073097620069536,2.1189120660697366e-05,0.6836605027586085
1058,10,midRight,lowC,6.286662091359613,0,1,0,0,0.11203012187698014,0.6448261667435428,7.535672666834121e-06,0.2431361757068103
1059,10,midLeft,lowB,6.460389003516033,1,0,0,0,0.6842034907113771,0.22932518047347855,2.6799773077417524e-06,0.08646864883783659
1060,10,downLeft,lowA,6.361183722188067,0,0,1,0,0.24332928327081071,0.08155692357334093,0.6443621898203695,0.030751603335478765
1061,10,midRight,lowC,6.4148965595559755,0,1,0,0,0.08653732537307837,0.6733660401533796,0.22916017229432917,0.010936462179212753
1062,10,downLeft,lowA,6.379616216513899,0,0,1,0,0.030776027373538746,0.23947506575721905,0.7258594769851308,0.003889429884111402
1063,10,downRight,high,6.3721890543794935,0,0,0,1,0.010945148313902794,0.08516661622311925,0.2581437667125607,0.6457444687504172
1064,10,downRight,high,6.969684583540809,0,0,0,1,0.003892519010310282,0.03028855006662598,0.09180592994298542,0.8740130009800783
1065,10,midRight,lowC,6.365694553530717,0,1,0,0,0.0013843306468840511,0.6551330192038978,0.03264974738701,0.3108329027622081
1066,10,downLeft,lowA,6.288881006961594,0,0,1,0,0.0004923216392332165,0.23299069673582412,0.6559727524987874,0.11054422912615525
1067,10,midRight,lowC,6.5228102988841306,0,1,0,0,0.00017508865891457986,0.7272217599602311,0.23328933844630662,0.03931381293454772
1068,10,downRight,high,6.290592408831607,0,0,0,1,6.226831412133824e-05,0.25862824734506745,0.08296673181225772,0.6583427525285535
1069,10,downRight,high,6.738142493688805,0,0,0,1,2.2145026225857856e-05,0.09197823003596492,0.029506185895380656,0.8784934390424286
1070,10,midLeft,lowB,6.309136805064132,1,0,0,0,0.644369112346294,0.03271102397899085,0.010493543461044627,0.31242632021367045
1071,10,downRight,high,6.412971112907358,0,0,0,1,0.22916263421288774,0.011633308113623446,0.0037319108189470002,0.7554721468545418
1072,10,downRight,high,6.752374376256205,0,0,0,1,0.08149911582224806,0.004137255310424318,0.0013272121483344224,0.9130364167189932
1073,10,downRight,high,6.939191689285344,0,0,0,1,0.028984244759718607,0.0014713683619871731,0.00047200808704841914,0.9690723787912457
1074,10,downRight,high,7.131847146737198,0,0,0,1,0.010307920961051018,0.0005232756245915077,0.00016786437233768482,0.9890009390420198
1075,10,downRight,high,6.980554689590072,0,0,0,1,0.003665896262611692,0.00018609709598609644,5.969907777752609e-05,0.9960883075636247
1076,10,downRight,high,6.956450324815836,0,0,0,1,0.0013037348131606282,6.618334106713604e-05,2.1231306189961624e-05,0.9986088505395823
1077,10,downLeft,lowA,6.255899431951727,0,0,1,0,0.00046365863660202005,2.3537361567082754e-05,0.6443687873920305,0.35514401660980044
1078,10,downLeft,lowA,6.583569084264416,0,0,1,0,0.00016489498410683103,8.370798158672618e-06,0.8735237553631096,0.12630297885462496
1079,10,midLeft,lowB,6.527090315203283,1,0,0,0,0.6444198797647737,2.9769803048456753e-06,0.31065890805604757,0.04491823519887403
1080,10,downRight,high,6.486153870776829,0,0,0,1,0.22918068907481093,1.0587295939344914e-06,0.11048234986403846,0.6603359023315567
1081,10,downLeft,lowA,6.4633639173881425,0,0,1,0,0.08150553683101366,3.7652528343844727e-07,0.6836530429868498,0.2348410436568531
1082,10,downRight,high,6.5473580245718646,0,0,0,1,0.028986528319335042,1.3390698614699826e-07,0.2431335227228077,0.7278798150508712
1083,10,downRight,high,6.648352695529467,0,0,0,1,0.010308733083368892,4.762251494833197e-08,0.0864677053338869,0.9032235139602293
1084,10,downRight,high,7.08889404496118,0,0,0,1,0.0036661850847884555,1.6936412320672194e-08,0.030751267788900943,0.9655825301898983
1085,10,downRight,high,6.988423027668445,0,0,0,1,0.0013038375295223812,6.023244732182374e-09,0.010936342845842793,0.9877598136013901
1086,10,downLeft,lowA,6.2979938227325745,0,0,1,0,0.00046369516652188284,2.142099307506869e-09,0.6482506241610935,0.35128567853028536
1087,10,downRight,high,6.657622472794532,0,0,0,1,0.00016490797556235388,7.618135485520685e-10,0.2305430502743731,0.769292040988251
1088,10,midRight,lowC,6.227417969987288,0,1,0,0,5.864766848457223e-05,0.6443612369874846,0.08199004528317133,0.27359007006085945
1089,10,downRight,high,6.511788017840636,0,0,0,1,2.085738428931079e-05,0.22915983343002033,0.029158838306060773,0.7416604708796295
1090,10,midRight,lowC,6.4880346522352434,0,1,0,0,7.417694353978061e-06,0.7258593564718471,0.01037001319394942,0.2637632126398495
1091,10,midRight,lowC,6.858128517601119,0,1,0,0,2.638019646463356e-06,0.9025049605699197,0.003687978667529187,0.0938044227429046
1092,10,downRight,high,6.44615555098632,0,0,0,1,9.381820445856609e-07,0.32096574803426126,0.0013115881723358104,0.6777217256113583
1093,10,midLeft,lowB,6.2733787708189706,1,0,0,0,0.6443615703704563,0.11414786168725075,0.00046645159554670255,0.24102411634674625
1094,10,midLeft,lowB,6.739262015185105,1,0,0,0,0.8735211887104823,0.040595404361903675,0.00016588826857181935,0.08571751865904217
1095,10,midLeft,lowB,6.86533743140268,1,0,0,0,0.9550192319714357,0.014437299402258824,5.899629867811394e-05,0.030484472327627445
1096,10,midRight,lowC,6.375370001219444,0,1,0,0,0.33964185857022766,0.6494957000211263,2.098137070018523e-05,0.010841460037945852
1097,10,midRight,lowC,6.792403563197693,0,1,0,0,0.12078981054120677,0.8753470842299835,7.4617887278054e-06,0.003855643440081962
1098,10,downLeft,lowA,6.304827040345147,0,0,1,0,0.042957538838116496,0.31130735447932156,0.6443638904178692,0.0013712162646926794
1099,10,midLeft,lowB,6.339683087480984,1,0,0,0,0.6596386027026425,0.1107129625480672,0.2291607770927208,0.00048765765656945056
1100,11,downRight,high,6.349492332207039,0,0,0,1,0.23459305687918802,0.039373821080041074,0.08149845535832861,0.6445346666824423
1101,11,downRight,high,6.686933854396853,0,0,0,1,0.0834303846233975,0.014002857034649475,0.0289840098731471,0.8735827484688059
1102,11,downRight,high,6.9035606156029745,0,0,0,1,0.0296710788077273,0.004979958758237639,0.010307837426281219,0.9550411250077538
1103,11,midLeft,lowB,6.262321855474035,1,0,0,0,0.6549134224890201,0.0017710663739821985,0.003665866554409469,0.3396496445825883
1104,11,midRight,lowC,6.416842982971486,0,1,0,0,0.23291259963172395,0.6449910965714901,0.00130372424777233,0.12079257954901362
1105,11,downRight,high,6.450327741740772,0,0,0,1,0.08283274888615866,0.2293838359135183,0.0004636548791403921,0.6873197603211827
1106,11,downLeft,lowA,6.305910412323085,0,0,1,0,0.029458536373241688,0.08157778372149652,0.644526130364362,0.2444375495408998
1107,11,midLeft,lowB,6.189200301486018,1,0,0,0,0.6548378341604743,0.029012222114117435,0.22921847590664668,0.08693146781876163
1108,11,downRight,high,6.311419544074373,0,0,0,1,0.23288571749204123,0.01031787079276936,0.08151897529315613,0.6752774364220333
1109,11,midLeft,lowB,6.506584266541105,1,0,0,0,0.7271844252718017,0.0036694348084588815,0.02899130755739182,0.24015483236234764
1110,11,downRight,high,6.397803737819845,0,0,0,1,0.25861496968264686,0.0013049932572295445,0.010310432765680843,0.7297696042944427
1111,11,downRight,high,6.777224222853505,0,0,0,1,0.09197350798452236,0.0004641061880943509,0.003666789557703853,0.9038955962696794
1112,11,downRight,high,7.021498098864806,0,0,0,1,0.03270934463445566,0.0001650541507660692,0.0013040525035224516,0.9658215487112558
1113,11,downLeft,lowA,6.135602818891347,0,0,1,0,0.011632710873609824,5.8699654053244265e-05,0.6448250083361636,0.3434835811361733
1114,11,midRight,lowC,6.469933362431084,0,1,0,0,0.00413704290872449,0.6443821125889269,0.22932476849891087,0.12215607600343778
1115,11,downRight,high,6.362892967843097,0,0,0,1,0.0014712928237093272,0.22916725760310008,0.08155677705921516,0.6878046725139755
1116,11,midLeft,lowB,6.305160465845743,1,0,0,0,0.644884485476806,0.08150076007902535,0.02900475133072298,0.24461000311344566
1117,11,midLeft,lowB,6.8788964469507174,1,0,0,0,0.8737071575922067,0.028984829521165406,0.010315213892602197,0.08699279899402565
1118,11,downRight,high,6.308724149968177,0,0,0,1,0.31072413299798707,0.010308128924888776,0.003668489911769264,0.6752992481653549
1119,11,downRight,high,6.895001640225221,0,0,0,1,0.11050554638172505,0.00366597022261376,0.001304657215339418,0.8845238261803218
1120,11,downRight,high,6.8567098146524454,0,0,0,1,0.03930005585115816,0.0013037611162042963,0.0004639866785721349,0.9589321963540655
1121,11,midLeft,lowB,6.234974973319657,1,0,0,0,0.6583378599764305,0.0004636679909839408,0.00016501164854738773,0.34103346038403826
1122,11,downRight,high,6.692641349606702,0,0,0,1,0.23413046234468804,0.0001648983108876486,5.8684538616755576e-05,0.7656459548058077
1123,11,midLeft,lowB,6.48175816239639,1,0,0,0,0.7276271047918004,5.864423135161251e-05,2.087049673752257e-05,0.2722933804801105
1124,11,midRight,lowC,6.471612134800816,0,1,0,0,0.2587724036796701,0.6443820928784658,7.422357648843717e-06,0.09683808108421524
1125,11,downRight,high,6.39108854320567,0,0,0,1,0.09202949761652246,0.22916725059329607,2.639678094882204e-06,0.6788006121120865
1126,11,downLeft,lowA,6.384610861853752,0,0,1,0,0.03272925671793687,0.08150075758606731,0.6443621754884074,0.24140781020758845
1127,11,midRight,lowC,6.163040040082983,0,1,0,0,0.011639792382353478,0.6733460653511271,0.22916016719732785,0.08585397506919157
1128,11,downRight,high,6.352730202699335,0,0,0,1,0.004139561367736264,0.2394679619432491,0.08149823845588533,0.6748942382331293
1129,11,downRight,high,6.80903079197609,0,0,0,1,0.0014721884853576544,0.08516408983150436,0.028983932734230423,0.8843797889489076
1130,11,downRight,high,6.874929410934884,0,0,0,1,0.0005235672922527254,0.030287651583836492,0.01030780999269229,0.9588809711312185
1131,11,downLeft,lowA,6.476533948545603,0,0,1,0,0.00018620082431242173,0.010771462952035508,0.648027093514516,0.3410152427091361
1132,11,downRight,high,6.4390421391074995,0,0,0,1,6.622023088082783e-05,0.0038307497630153623,0.23046355411166836,0.7656394758944355
1133,11,midRight,lowC,6.316596245068484,0,1,0,0,2.3550481014801852e-05,0.6457235998247214,0.08196177336618121,0.27229107632808264
1134,11,downRight,high,6.537638126706493,0,0,0,1,8.3754639428344e-06,0.22964434246459858,0.02914878371646675,0.741198498354992
1135,11,downRight,high,6.906460783838115,0,0,0,1,2.978639638554719e-06,0.08167042994914994,0.010366437392140878,0.9079601540190707
1136,11,midLeft,lowB,6.202387959724706,1,0,0,0,0.6443622960362716,0.029045170703942975,0.0036867069737962508,0.3229058262859893
1137,11,midLeft,lowB,6.770155802915943,1,0,0,0,0.8735214467853754,0.010329588588506852,0.0013111359087493537,0.11483782871736842
1138,11,downRight,high,6.405533814096336,0,0,0,1,0.31065808703631714,0.0036736021108433707,0.000466290753084137,0.6852020200997553
1139,11,downRight,high,6.7991420125884385,0,0,0,1,0.11048205787759688,0.0013064753114957924,0.00016583106675734907,0.88804563574415
1140,11,midRight,lowC,6.180035446335319,0,1,0,0,0.03929170242859864,0.6448258699805949,5.897595549555816e-05,0.3158234516353109
1141,11,downRight,high,6.608815032280372,0,0,0,1,0.013973652459007984,0.22932507493307075,2.0974135875899846e-05,0.7566802984720453
1142,11,downRight,high,6.865617626695786,0,0,0,1,0.0049695724790742805,0.08155688603908082,7.459215743843974e-06,0.913466082266101
1143,11,midLeft,lowB,6.267182985071988,1,0,0,0,0.6461286093270596,0.029004790088187626,2.652786262205079e-06,0.3248639477984905
1144,11,downRight,high,6.602651484280321,0,0,0,1,0.2297883795431282,0.010315227676258993,9.434336255459291e-07,0.7598954493469873
1145,11,downLeft,lowA,6.2284323749214785,0,0,1,0,0.08172165511762516,0.003668494813771921,0.6443615722381221,0.2702482778304809
1146,11,midRight,lowC,6.334957989578363,0,1,0,0,0.029063388359508495,0.6456658956752358,0.22915995265814243,0.0961107633071133
1147,11,midLeft,lowB,6.171806300367024,1,0,0,0,0.6546973042095563,0.22962382063223918,0.08149816215743477,0.034180713000769754
1148,11,downRight,high,6.271285526431568,0,0,0,1,0.23283573959409248,0.08166313159006933,0.02898390559954382,0.6565172232162944
1149,11,downRight,high,6.882053119350047,0,0,0,1,0.08280541447742948,0.02904257512454555,0.010307800342545904,0.8778442100554791
1150,11,midLeft,lowB,6.394347260296504,1,0,0,0,0.6738100519144804,0.010328665499859946,0.0036658533659957044,0.31219542921966403
1151,11,downRight,high,6.5736569888536485,0,0,0,1,0.2396329735508202,0.003673273824738584,0.0013037195574611693,0.75539003306698
1152,11,midRight,lowC,6.402362659694506,0,1,0,0,0.08522277435554837,0.6456675952767857,0.00046365321108393154,0.268645977156582
1153,11,downRight,high,6.414039930935165,0,0,0,1,0.030308522075391378,0.2296244250764325,0.00016489305458228785,0.7399021597935939
1154,11,downLeft,lowA,6.360141288905369,0,0,1,0,0.010778885307841206,0.08166334655385471,0.6444198790785599,0.2631378890597442
1155,11,downLeft,lowA,6.825467156579468,0,0,1,0,0.0038333894404547503,0.029042651574000336,0.8735419255473209,0.093582033438224
1156,11,downRight,high,6.127191510265129,0,0,0,1,0.0013633018797871476,0.0103286926882495,0.3106653700778891,0.6776426353540743
1157,11,downRight,high,6.722962684260632,0,0,0,1,0.00048484299450949806,0.003673283493983821,0.11048464800949448,0.8853572255020122
1158,11,downRight,high,7.077327043454154,0,0,0,1,0.00017242896295400036,0.001306361998989901,0.03929262357990344,0.9592285854581527
1159,11,downLeft,lowA,6.379016256453602,0,0,1,0,6.132242313920777e-05,0.0004645929657212585,0.658335216772673,0.3411388678384665
1160,11,downRight,high,6.6685498726100505,0,0,0,1,2.180863072677201e-05,0.00016522726775929672,0.23412952231897266,0.7656834417825413
1161,11,midLeft,lowB,6.329579437848846,1,0,0,0,0.6443689927110148,5.876122116661904e-05,0.08326553376566337,0.27230671230215525
1162,11,downRight,high,6.422333220844011,0,0,0,1,0.229162591665945,2.089776802472143e-05,0.029612451452556518,0.7412040591134739
1163,11,downRight,high,6.915660710041714,0,0,0,1,0.08149910069090596,7.432056375696267e-06,0.01053133561237828,0.9079621316403401
1164,11,downRight,high,7.190391226073693,0,0,0,1,0.02898423937842682,2.643127338105469e-06,0.003745351172909121,0.9672677663213259
1165,11,midLeft,lowB,6.246738332354882,1,0,0,0,0.6546691557638092,9.399985377244952e-07,0.001331992059195603,0.34399791217845743
1166,11,downRight,high,6.557130232818257,0,0,0,1,0.23282572891565867,3.34299917444587e-07,0.0004737080086356946,0.7667002287757883
1167,11,downRight,high,7.081549941413055,0,0,0,1,0.08280185429213166,1.1889000920575095e-07,0.00016846893034866227,0.9170295578875105
1168,11,downRight,high,6.876346720240524,0,0,0,1,0.02944754905802978,4.228189584069076e-08,5.9914082040883225e-05,0.9704924945780335
1169,11,downRight,high,7.108548936192059,0,0,0,1,0.010472689928726308,1.5037081146062732e-08,2.130777004028262e-05,0.9895059872641523
1170,11,midLeft,lowB,6.315911718902763,1,0,0,0,0.6480857312110574,5.34776894217857e-09,7.57786898545417e-06,0.3519066855721882
1171,11,midRight,lowC,6.278298436207104,0,1,0,0,0.2304844079495481,0.6443612386184281,2.6949839543109014e-06,0.1251516584480694
1172,11,midRight,lowC,6.747260104135103,0,1,0,0,0.08196918979929449,0.8735210707266012,9.584407605798593e-07,0.04450878103334362
1173,11,downLeft,lowA,6.4744050718590405,0,0,1,0,0.029151421287567134,0.3106579532952398,0.6443615775752409,0.015829047841952014
1174,11,downRight,high,6.130653401357977,0,0,0,1,0.010367375414665092,0.11048201031408555,0.22915995455622878,0.6499906597150206
1175,11,midRight,lowC,6.482082391661809,0,1,0,0,0.003687040570966694,0.6836529222297245,0.08149816283246783,0.231161874366841
1176,11,downRight,high,6.630703258204814,0,0,0,1,0.0013112545488344848,0.24313347977689298,0.028983905839611745,0.7265713598346608
1177,11,midRight,lowC,6.372675588085859,0,1,0,0,0.0004663329460972888,0.7308289267772091,0.010307800427923362,0.25839693984877027
1178,11,midRight,lowC,7.055489030406751,0,1,0,0,0.00016584607222836558,0.9042723324073688,0.003665853396359238,0.0918959681240436
1179,11,downLeft,lowA,6.354808576854709,0,0,1,0,5.898129202271296e-05,0.3215942939687937,0.6456649562848138,0.032681768454369826
1180,11,midRight,lowC,6.545997145935861,0,1,0,0,2.0976033751817405e-05,0.7587326337026289,0.22962348654859127,0.011622903715028016
1181,11,downRight,high,6.285127733136298,0,0,0,1,7.45989070208816e-06,0.26983473551279463,0.08166301277697394,0.6484947918195294
1182,11,midLeft,lowB,6.304221513090128,1,0,0,0,0.6443638897428577,0.09596369162868598,0.029042532870003246,0.23062988575845306
1183,11,downLeft,lowA,6.266871730471271,0,0,1,0,0.22916077685266056,0.03412840861093984,0.654689887189061,0.08202092734733862
1184,11,downRight,high,6.479918944314803,0,0,0,1,0.0814984552729539,0.012137385031226747,0.23283310181409628,0.6735310578817231
1185,11,downRight,high,6.931403161356211,0,0,0,1,0.02898400984278455,0.004316524602000488,0.0828044763806138,0.8838949891746012
1186,11,downLeft,lowA,6.324453538138244,0,0,1,0,0.010307837415483117,0.0015351234711380216,0.673809718290889,0.31434732082248984
1187,11,downRight,high,6.512822268239855,0,0,0,1,0.003665866550569246,0.0005459494127629165,0.2396328549013388,0.7561553291353291
1188,11,midRight,lowC,6.380979683945634,0,1,0,0,0.0013037242464065978,0.6445553974905245,0.08522273215919354,0.2689181461038754
1189,11,midRight,lowC,6.62772689177783,0,1,0,0,0.0004636548786546848,0.8735901211477541,0.030308507068731935,0.09563771690485923
1190,11,downLeft,lowA,6.341168043482396,0,0,1,0,0.00016489364763508824,0.31068251030162286,0.6551401166874455,0.03401247936329643
1191,11,downRight,high,6.279725936603806,0,0,0,1,5.864257291823907e-05,0.11049074373746556,0.23299322087609547,0.6564573928135207
1192,11,downLeft,lowA,6.5632445032996225,0,0,1,0,2.0855572108401834e-05,0.039294791457060385,0.7272226576423555,0.23346169532847566
1193,11,downRight,high,6.421548342890786,0,0,0,1,7.4170498722007535e-06,0.013974751037269865,0.258628566595628,0.7273892653172299
1194,11,downLeft,lowA,6.373682093512521,0,0,1,0,2.6377904437611156e-06,0.004969963176088705,0.7363395802903936,0.2586878187430739
1195,11,downLeft,lowA,6.772937060999862,0,0,1,0,9.381005312200948e-07,0.0017675115575084533,0.9062321344076814,0.09199941593427899
1196,11,downRight,high,6.364214961435887,0,0,0,1,3.33624912758658e-07,0.0006285956244015034,0.32229127552846526,0.6770797952222205
1197,11,downRight,high,6.860209412534613,0,0,0,1,1.1864995137403662e-07,0.00022355297046753605,0.11461927064598768,0.8851570577335934
1198,11,downRight,high,6.887913985871152,0,0,0,1,4.219652197030336e-08,7.950410194541521e-05,0.04076305566098962,0.959157398040543
1199,11,downRight,high,7.06487666429239,0,0,0,1,1.5006718888381436e-08,2.827474049182846e-05,0.01449692270292861,0.9854747875498606
