Trial,switch,t_pos,t_frequency,resp_speed,outcome_midLeft,outcome_midRight,outcome_downLeft,outcome_downRight,Pp_midLeft,Pp_midRight,Pp_downLeft,Pp_downRight,simulated_RS
0,0,downLeft,high,3.148241646610836,0,0,1,0,0.175,0.175,0.475,0.175,3.1627154038206537
1,0,midRight,lowB,2.6444283718859936,0,1,0,0,0.1225,0.4225,0.3325,0.1225,2.7124777928515074
2,0,midRight,lowB,3.955949226688897,0,1,0,0,0.0857499999999999,0.59575,0.23275,0.0857499999999999,3.7824118100401067
3,0,downLeft,high,3.065395340594234,0,0,1,0,0.0600249999999999,0.417025,0.462925,0.0600249999999999,3.0618515448130315
4,0,downLeft,high,4.132521826125369,0,0,1,0,0.0420175,0.2919175,0.6240475,0.0420175,3.760903910405611
5,0,midRight,lowB,3.3679517994721517,0,1,0,0,0.02941225,0.50434225,0.4368332499999999,0.02941225,3.3979222579401425
6,0,midRight,lowB,4.431389186030191,0,1,0,0,0.020588575,0.653039575,0.3057832749999999,0.020588575,4.4877074467506395
7,0,midRight,lowB,4.953712648063789,0,1,0,0,0.0144120025,0.7571277024999999,0.2140482924999999,0.0144120025,4.934697035325425
8,0,downLeft,high,2.966471742883036,0,0,1,0,0.01008840175,0.52998939175,0.4498338047499999,0.01008840175,2.879618752620824
9,0,midLeft,lowA,2.085136083208309,1,0,0,0,0.3070618812249999,0.370992574225,0.3148836633249999,0.007061881225,1.9744036753528054
10,0,downLeft,high,3.3796990960925246,0,0,1,0,0.2149433168574999,0.2596948019575,0.5204185643275,0.0049433168575,3.364153616710015
11,0,downLeft,high,4.394850292307762,0,0,1,0,0.1504603218002499,0.18178636137025,0.66429299502925,0.00346032180025,4.444637189057871
12,0,downLeft,high,4.949236839998799,0,0,1,0,0.1053222252601749,0.127250452959175,0.765005096520475,0.002422225260175,4.8877008355820575
13,0,downLeft,high,5.73587916314338,0,0,1,0,0.0737255576821225,0.0890753170714225,0.8355035675643325,0.0016955576821225,5.643901861018941
14,0,downRight,lowC,2.0312533524763787,0,0,0,1,0.0516078903774857,0.0623527219499957,0.5848524972950329,0.3011868903774857,2.1809834238180748
15,0,midLeft,lowA,2.291739064562296,1,0,0,0,0.33612552326424,0.043646905364997,0.409396748106523,0.21083082326424,2.1114217052107502
16,0,downLeft,high,3.9025532720481855,0,0,1,0,0.235287866284968,0.0305528337554979,0.5865777236745662,0.147581576284968,3.8246199601932602
17,0,midLeft,lowA,2.94682295985088,1,0,0,0,0.4647015063994776,0.0213869836288485,0.4106044065721963,0.1033071033994776,3.0811773883849756
18,0,midLeft,lowA,3.964723556043394,1,0,0,0,0.6252910544796344,0.0149708885401939,0.2874230846005374,0.0723149723796343,4.048925580925274
19,0,midRight,lowB,2.032475220652489,0,1,0,0,0.4377037381357441,0.3104796219781357,0.2011961592203762,0.050620480665744,2.0830481521853463
20,0,downLeft,high,2.793788712772693,0,0,1,0,0.3063926166950209,0.217335735384695,0.4408373114542633,0.0354343364660208,2.8811130885104532
21,0,downLeft,high,3.9337687429037738,0,0,1,0,0.2144748316865146,0.1521350147692865,0.6085861180179843,0.0248040355262145,3.946675966582672
22,0,downLeft,high,4.875337990939781,0,0,1,0,0.1501323821805602,0.1064945103385005,0.726010282612589,0.0173628248683502,4.714689269571624
23,0,midLeft,lowA,2.694939138724991,1,0,0,0,0.4050926675263921,0.0745461572369504,0.5082071978288123,0.0121539774078451,2.5937193918205503
24,0,downRight,lowC,2.041427574881471,0,0,0,1,0.2835648672684745,0.0521823100658652,0.3557450384801686,0.3085077841854916,2.087923327475454
25,0,downLeft,high,3.834715744007333,0,0,1,0,0.1984954070879321,0.0365276170461057,0.549021526936118,0.215955448929844,3.5058774772722057
26,0,downLeft,high,4.406609469694715,0,0,1,0,0.1389467849615525,0.0255693319322739,0.6843150688552826,0.1511688142508908,4.414266505118734
27,0,downLeft,high,5.022715536032012,0,0,1,0,0.0972627494730867,0.0178985323525917,0.7790205481986978,0.1058181699756236,4.97473158760708
28,0,downLeft,high,5.355167954324945,0,0,1,0,0.0680839246311607,0.0125289726468142,0.8453143837390885,0.0740727189829365,5.488210998594653
29,0,downLeft,high,5.878428317746962,0,0,1,0,0.0476587472418125,0.0087702808527699,0.891720068617362,0.0518509032880555,5.844059616208241
30,0,midRight,lowB,2.039385539881118,0,1,0,0,0.0333611230692687,0.306139196596939,0.6242040480321533,0.0362956323016389,1.9671951762908646
31,0,downRight,lowC,2.198367919548738,0,0,0,1,0.0233527861484881,0.2142974376178573,0.4369428336225073,0.3254069426111472,2.067545046104555
32,0,midRight,lowB,2.9841622538786376,0,1,0,0,0.0163469503039416,0.4500082063325001,0.3058599835357551,0.227784859827803,3.010043656356599
33,0,midRight,lowB,3.9969395165602175,0,1,0,0,0.0114428652127591,0.61500574443275,0.2141019884750286,0.1594494018794621,4.1495199151250795
34,0,midLeft,lowA,1.815671447715615,1,0,0,0,0.3080100056489314,0.430504021102925,0.14987139193252,0.1116145813156235,2.1096512044493925
35,0,downRight,lowC,2.457393687809628,0,0,0,1,0.2156070039542519,0.3013528147720475,0.104909974352764,0.3781302069209364,2.5291987193547816
36,0,midRight,lowB,3.307035603044424,0,1,0,0,0.1509249027679763,0.5109469703404332,0.0734369820469348,0.2646911448446555,3.305632734657932
37,0,downLeft,high,2.4785968462147427,0,0,1,0,0.1056474319375834,0.3576628792383033,0.3514058874328544,0.1852838013912588,2.370023955786257
38,0,downLeft,high,3.4824276454357697,0,0,1,0,0.0739532023563084,0.2503640154668123,0.5459841212029981,0.1296986609738812,3.5715899653567287
39,0,downLeft,high,4.562069323048359,0,0,1,0,0.0517672416494159,0.1752548108267686,0.6821888848420987,0.0907890626817168,4.480667903346861
40,0,midLeft,lowA,2.2522127798213214,1,0,0,0,0.336237069154591,0.122678367578738,0.4775322193894691,0.0635523438772017,2.1048060882134156
41,0,midRight,lowB,2.4533633237586074,0,1,0,0,0.2353659484082137,0.3858748573051166,0.3342725535726284,0.0444866407140412,2.4944451958624514
42,0,downRight,lowC,2.274518583666959,0,0,0,1,0.1647561638857496,0.2701124001135816,0.2339907875008399,0.3311406484998288,2.070882782402663
43,0,midLeft,lowA,2.643071715278459,1,0,0,0,0.4153293147200247,0.1890786800795071,0.1637935512505879,0.2317984539498802,2.7707247269715394
44,0,downRight,lowC,2.967733851935439,0,0,0,1,0.2907305203040173,0.132355076055655,0.1146554858754115,0.4622589177649161,2.9565302752527036
45,0,downRight,lowC,4.111684646121959,0,0,0,1,0.2035113642128121,0.0926485532389585,0.080258840112788,0.6235812424354412,4.233926884111184
46,0,downLeft,high,2.2791102624018293,0,0,1,0,0.1424579549489684,0.0648539872672709,0.3561811880789516,0.4365068697048089,2.4215658645834024
47,0,downLeft,high,3.596002609011659,0,0,1,0,0.0997205684642779,0.0453977910870896,0.5493268316552661,0.3055548087933663,3.8200891067198417
48,0,downLeft,high,4.438832345750465,0,0,1,0,0.0698043979249945,0.0317784537609627,0.6845287821586863,0.2138883661553564,4.486667167643702
49,0,downLeft,high,5.224196528288188,0,0,1,0,0.0488630785474961,0.0222449176326739,0.7791701475110804,0.1497218563087494,5.017683154100362
50,0,downLeft,high,5.592096142281059,0,0,1,0,0.0342041549832473,0.0155714423428717,0.8454191032577563,0.1048052994161246,5.284797154419695
51,0,midLeft,lowA,2.063191101260011,1,0,0,0,0.3239429084882731,0.0109000096400102,0.5917933722804294,0.0733637095912872,2.0349330142041957
52,0,downLeft,high,4.56048933703441,0,0,1,0,0.2267600359417911,0.0076300067480071,0.7142553605963006,0.051354596713901,4.621697560676315
53,0,downLeft,high,5.0981261962507,0,0,1,0,0.1587320251592538,0.005341004723605,0.7999787524174105,0.0359482176997307,5.23774579889298
54,0,downRight,lowC,2.4246761361946008,0,0,0,1,0.1111124176114776,0.0037387033065235,0.5599851266921874,0.3251637523898115,2.157083863899386
55,0,downLeft,high,4.577288929367338,0,0,1,0,0.0777786923280343,0.0026170923145664,0.6919895886845311,0.227614626672868,4.452390360100015
56,0,downRight,lowC,3.0811418412991483,0,0,0,1,0.054445084629624,0.0018319646201965,0.4843927120791718,0.4593302386710076,3.0111409148397748
57,0,downLeft,high,4.144798766166806,0,0,1,0,0.0381115592407368,0.0012823752341375,0.6390748984554202,0.3215311670697053,4.164195209684767
58,0,downLeft,high,4.946113209709963,0,0,1,0,0.0266780914685157,0.0008976626638962,0.7473524289187942,0.2250718169487937,4.7940565431973114
59,0,downLeft,high,5.412778125341438,0,0,1,0,0.018674664027961,0.0006283638647274,0.823146700243156,0.1575502718641556,5.664819901344054
60,0,midLeft,lowA,2.176411367040492,1,0,0,0,0.3130722648195727,0.0004398547053091,0.5762026901702092,0.1102851903049089,1.9768130650403088
61,0,downLeft,high,4.519573437303307,0,0,1,0,0.2191505853737009,0.0003078982937164,0.7033418831191465,0.0771996332134362,4.577038288142465
62,0,downLeft,high,5.280851231970525,0,0,1,0,0.1534054097615906,0.0002155288056015,0.7923393181834025,0.0540397432494053,5.167659629765375
63,0,downLeft,high,5.384759285745131,0,0,1,0,0.1073837868331134,0.000150870163921,0.8546375227283818,0.0378278202745837,5.4862800836365135
64,0,downLeft,high,5.856957509691081,0,0,1,0,0.0751686507831794,0.0001056091147447,0.8982462659098672,0.0264794741922086,5.910100821086279
65,0,midLeft,lowA,2.354241819428481,1,0,0,0,0.3526180555482255,7.392638032131463e-05,0.628772386136907,0.018535631934546,2.299153578793047
66,0,downLeft,high,5.042805422959693,0,0,1,0,0.2468326388837579,5.174846622492024e-05,0.7401406702958349,0.0129749423541822,4.781643883875671
67,0,midRight,lowB,1.9687218267882507,0,1,0,0,0.1727828472186305,0.3000362239263574,0.5180984692070845,0.0090824596479275,2.0732030025966286
68,0,downLeft,high,4.492862833479753,0,0,1,0,0.1209479930530413,0.2100253567484502,0.6626689284449592,0.0063577217535492,4.40773293853
69,0,midRight,lowB,2.8833535796290453,0,1,0,0,0.0846635951371289,0.4470177497239151,0.4638682499114714,0.0044504052274845,2.959900102567373
70,0,downLeft,high,4.147921143746076,0,0,1,0,0.0592645165959902,0.3129124248067406,0.62470777493803,0.0031152836592391,4.14584319261015
71,0,downLeft,high,4.883288353552752,0,0,1,0,0.0414851616171931,0.2190386973647184,0.7372954424566209,0.0021806985614674,4.780675621465893
72,0,downLeft,high,5.330180718705004,0,0,1,0,0.0290396131320352,0.1533270881553028,0.8161068097196347,0.0015264889930271,5.43571973641998
73,0,midRight,lowB,2.719510335336388,0,1,0,0,0.0203277291924246,0.407328961708712,0.5712747668037443,0.001068542295119,2.6185074855040766
74,0,downLeft,high,4.665027058265548,0,0,1,0,0.0142294104346972,0.2851302731960984,0.6998923367626211,0.0007479796065833,4.619402511677709
75,0,midLeft,lowA,1.981533952928628,1,0,0,0,0.3099605873042881,0.1995911912372688,0.4899246357338347,0.0005235857246083,1.9195526963249132
76,0,downRight,lowC,1.887796846657804,0,0,0,1,0.2169724111130017,0.1397138338660882,0.3429472450136843,0.3003665100072258,1.947925747419892
77,0,downLeft,high,3.5778195051504373,0,0,1,0,0.1518806877791012,0.0977996837062617,0.540063071509579,0.210256557005058,3.5635438431706783
78,0,downLeft,high,4.493306200744472,0,0,1,0,0.1063164814453708,0.0684597785943832,0.6780441500567053,0.1471795899035406,4.496973491314434
79,0,downLeft,high,4.938638037837484,0,0,1,0,0.0744215370117595,0.0479218450160682,0.7746309050396937,0.1030257129324784,4.992086776505636
80,0,downRight,lowC,2.3567159223722443,0,0,0,1,0.0520950759082317,0.0335452915112477,0.5422416335277855,0.3721179990527349,2.356361763711432
81,0,downLeft,high,4.637704697189886,0,0,1,0,0.0364665531357622,0.0234817040578734,0.6795691434694499,0.2604825993369145,4.604161674572271
82,0,downRight,lowC,3.0488217706529137,0,0,0,1,0.0255265871950335,0.0164371928405114,0.4756984004286149,0.4823378195358401,3.0166262084765245
83,0,midRight,lowB,2.1965235909392065,0,1,0,0,0.0178686110365234,0.311506034988358,0.3329888803000304,0.3376364736750881,2.0290693973328167
84,0,downRight,lowC,3.3736659830827134,0,0,0,1,0.0125080277255664,0.2180542244918505,0.2330922162100213,0.5363455315725616,3.5843520175224475
85,0,downLeft,high,3.115245279491671,0,0,1,0,0.0087556194078965,0.1526379571442954,0.4631645513470149,0.3754418721007931,3.0891798781879882
86,0,downRight,lowC,3.618948226754039,0,0,0,1,0.0061289335855275,0.1068465700010067,0.3242151859429104,0.5628093104705552,3.718482704626029
87,0,midLeft,lowA,2.061073918269069,1,0,0,0,0.3042902535098692,0.0747925990007047,0.2269506301600373,0.3939665173293886,1.8707586098022497
88,0,downLeft,high,3.024291820560592,0,0,1,0,0.2130031774569085,0.0523548193004933,0.4588654411120261,0.275776562130572,3.013911112390884
89,0,downLeft,high,3.793726427788034,0,0,1,0,0.1491022242198359,0.0366483735103453,0.6212058087784182,0.1930435934914004,3.9994842471258387
90,0,midLeft,lowA,2.5990085659799007,1,0,0,0,0.4043715569538851,0.0256538614572417,0.4348440661448928,0.1351305154439803,2.7990143526748312
91,0,downLeft,high,3.9974090485916114,0,0,1,0,0.2830600898677196,0.0179577030200692,0.6043908463014249,0.0945913608107862,4.036263783352433
92,0,midLeft,lowA,3.153792799876519,1,0,0,0,0.4981420629074037,0.0125703921140484,0.4230735924109974,0.0662139525675503,3.213484574609776
93,0,downLeft,high,3.963044390302243,0,0,1,0,0.3486994440351826,0.0087992744798339,0.5961515146876982,0.0463497667972852,3.963122067002406
94,0,midLeft,lowA,3.580090239334824,1,0,0,0,0.5440896108246278,0.0061594921358837,0.4173060602813887,0.0324448367580996,3.561970402417627
95,0,downRight,lowC,2.165518186624916,0,0,0,1,0.3808627275772395,0.0043116444951186,0.2921142421969721,0.3227113857306697,2.0121367074187573
96,0,midRight,lowB,1.8053502883750896,0,1,0,0,0.2666039093040676,0.303018151146583,0.2044799695378805,0.2258979700114688,1.9880924642261104
97,0,downRight,lowC,2.953174538059073,0,0,0,1,0.1866227365128473,0.2121127058026081,0.1431359786765163,0.4581285790080281,3.0513461702032356
98,0,downLeft,high,2.6339026997985586,0,0,1,0,0.1306359155589931,0.1484788940618256,0.4001951850735614,0.3206900053056197,2.593900136142069
99,0,downLeft,high,3.795122877919642,0,0,1,0,0.0914451408912951,0.1039352258432779,0.580136629551493,0.2244830037139338,3.6948181386007115
100,1,downRight,lowC,3.0206036908064906,0,0,0,1,0.0640115986239066,0.0727546580902945,0.4060956406860451,0.4571381025997536,3.1194257980312416
101,1,midRight,lowA,2.415591439772306,0,1,0,0,0.0448081190367346,0.3509282606632062,0.2842669484802316,0.3199966718198275,2.1074294662192985
102,1,downLeft,lowB,3.3210259006357394,0,0,1,0,0.0313656833257142,0.2456497824642443,0.4989868639361621,0.2239976702738793,3.3309105956724747
103,1,midLeft,high,2.142662705799195,1,0,0,0,0.321955978328,0.171954847724971,0.3492908047553135,0.1567983691917155,2.1163386141605027
104,1,downRight,lowC,2.662764543438232,0,0,0,1,0.2253691848296,0.1203683934074797,0.2445035633287194,0.4097588584342008,2.763617241105179
105,1,midLeft,high,2.841525042038374,1,0,0,0,0.45775842938072,0.0842578753852358,0.1711524943301036,0.2868312009039406,2.928839990051459
106,1,midLeft,high,4.035256741027123,1,0,0,0,0.620430900566504,0.058980512769665,0.1198067460310725,0.2007818406327584,4.046349140496721
107,1,midRight,lowA,2.23844264103661,0,1,0,0,0.4343016303965528,0.3412863589387656,0.0838647222217507,0.1405472884429309,2.1375673881667634
108,1,midLeft,high,3.9869520220176,1,0,0,0,0.6040111412775869,0.2389004512571359,0.0587053055552255,0.0983831019100516,3.976544715264971
109,1,downLeft,lowB,2.285931445406268,0,0,1,0,0.4228077988943108,0.1672303158799951,0.3410937138886578,0.0688681713370361,2.163014897183196
110,1,midLeft,high,3.961384597505733,1,0,0,0,0.5959654592260176,0.1170612211159966,0.2387655997220605,0.0482077199359253,3.8619176145492338
111,1,midLeft,high,4.707642565234931,1,0,0,0,0.7171758214582123,0.0819428547811976,0.1671359198054423,0.0337454039551477,4.559911981013538
112,1,downRight,lowC,2.202698899615905,0,0,0,1,0.5020230750207486,0.0573599983468383,0.1169951438638096,0.3236217827686034,2.1822924439316633
113,1,midLeft,high,4.360262503230075,1,0,0,0,0.651416152514524,0.0401519988427868,0.0818966007046667,0.2265352479380224,4.312304953288221
114,1,midLeft,high,4.962899722090366,1,0,0,0,0.7559913067601668,0.0281063991899507,0.0573276204932667,0.1585746735566157,5.0154180179166925
115,1,downLeft,lowB,2.3422812535307203,0,0,1,0,0.5291939147321167,0.0196744794329655,0.3401293343452867,0.1110022714896309,2.3211217300543
116,1,downLeft,lowB,3.615446999782795,0,0,1,0,0.3704357403124817,0.0137721356030758,0.5380905340417007,0.0777015900427416,3.335817269848414
117,1,midLeft,high,3.7508613046562314,1,0,0,0,0.5593050182187372,0.0096404949221531,0.3766633738291904,0.0543911130299191,3.6115513578953538
118,1,midRight,lowA,2.0447390471972398,0,1,0,0,0.3915135127531161,0.3067483464455072,0.2636643616804333,0.0380737791209434,2.009392968749765
119,1,midLeft,high,3.763651038927157,1,0,0,0,0.5740594589271812,0.214723842511855,0.1845650531763033,0.0266516453846603,3.8786025478951003
120,1,midLeft,high,4.617077306315421,1,0,0,0,0.7018416212490268,0.1503066897582985,0.1291955372234123,0.0186561517692622,4.585634399267329
121,1,midLeft,high,5.116595306868684,1,0,0,0,0.7912891348743187,0.1052146828308089,0.0904368760563886,0.0130593062384835,5.2320041868026
122,1,midLeft,high,5.60102484657041,1,0,0,0,0.8539023944120231,0.0736502779815662,0.063305813239472,0.0091415143669385,5.432909817975637
123,1,downLeft,lowB,2.109081438420748,0,0,1,0,0.5977316760884162,0.0515551945870964,0.3443140692676304,0.0063990600568569,2.1989260933811225
124,1,midLeft,high,4.59079389398312,1,0,0,0,0.7184121732618913,0.0360886362109674,0.2410198484873413,0.0044793420397998,4.561255212738102
125,1,midRight,lowA,2.106140478115198,0,1,0,0,0.502888521283324,0.3252620453476772,0.1687138939411389,0.0031355394278599,2.182857912815242
126,1,midLeft,high,4.221744687172345,1,0,0,0,0.6520219648983268,0.227683431743374,0.1180997257587972,0.0021948775995019,4.305281762811752
127,1,midLeft,high,4.872174754290855,1,0,0,0,0.7564153754288288,0.1593784022203618,0.082669808031158,0.0015364143196513,4.999651601639414
128,1,midLeft,high,5.354088815831299,1,0,0,0,0.8294907628001801,0.1115648815542533,0.0578688656218106,0.0010754900237559,5.396763958685024
129,1,midLeft,high,5.6408968680908,1,0,0,0,0.8806435339601261,0.0780954170879773,0.0405082059352674,0.0007528430166291,5.707892106477101
130,1,midLeft,high,6.038228967816741,1,0,0,0,0.9164504737720882,0.0546667919615841,0.0283557441546872,0.0005269901116404,6.058580910382144
131,1,midLeft,high,6.159961659444034,1,0,0,0,0.9415153316404618,0.0382667543731088,0.019849020908281,0.0003688930781482,6.079040968270784
132,1,downLeft,lowB,1.982419253397492,0,0,1,0,0.6590607321483233,0.0267867280611762,0.3138943146357967,0.0002582251547038,1.9974842356097766
133,1,downRight,lowC,2.074920475499925,0,0,0,1,0.4613425125038263,0.0187507096428233,0.2197260202450577,0.3001807576082926,2.020579849668416
134,1,midLeft,high,4.02500578268677,1,0,0,0,0.6229397587526784,0.0131254967499763,0.1538082141715404,0.2101265303258048,4.191062642968285
135,1,midLeft,high,4.583054653575366,1,0,0,0,0.7360578311268748,0.0091878477249834,0.1076657499200782,0.1470885712280634,4.733896564371115
136,1,midRight,lowA,1.8425819994208223,0,1,0,0,0.5152404817888124,0.3064314934074884,0.0753660249440547,0.1029619998596443,2.0717784125653202
137,1,downRight,lowC,2.392165169793011,0,0,0,1,0.3606683372521687,0.2145020453852418,0.0527562174608383,0.372073399901751,2.4390479517358106
138,1,midRight,lowA,2.9188103195218176,0,1,0,0,0.2524678360765181,0.4501514317696693,0.0369293522225868,0.2604513799312257,2.877941278624518
139,1,midRight,lowA,3.900329082049338,0,1,0,0,0.1767274852535627,0.6151060022387685,0.0258505465558107,0.182315965951858,4.0125216403850095
140,1,midLeft,high,2.665496640992629,1,0,0,0,0.4237092396774938,0.430574201567138,0.0180953825890675,0.1276211761663006,2.703104613089327
141,1,downRight,lowC,2.5653504914313165,0,0,0,1,0.2965964677742457,0.3014019410969966,0.0126667678123472,0.3893348233164104,2.5368372005568642
142,1,midRight,lowA,3.267453282510634,0,1,0,0,0.2076175274419719,0.5109813587678976,0.0088667374686431,0.2725343763214873,3.502604237838066
143,1,midLeft,high,3.069546102748556,1,0,0,0,0.4453322692093803,0.3576869511375283,0.0062067162280501,0.1907740634250411,3.1788762926754193
144,1,midLeft,high,4.104786343923538,1,0,0,0,0.6117325884465662,0.2503808657962698,0.0043447013596351,0.1335418443975287,3.947389553402568
145,1,downLeft,lowB,1.875661184261031,0,0,1,0,0.4282128119125963,0.1752666060573889,0.3030412909517445,0.0934792910782701,2.0355690505366963
146,1,midRight,lowA,2.863151959891084,0,1,0,0,0.2997489683388174,0.4226866242401722,0.2121289036662211,0.0654355037547891,2.9367617590256945
147,1,midLeft,high,3.36003327275055,1,0,0,0,0.5098242778371722,0.2958806369681205,0.1484902325663548,0.0458048526283523,3.3265187930762115
148,1,midLeft,high,4.342123804395958,1,0,0,0,0.6568769944860205,0.2071164458776844,0.1039431627964483,0.0320633968398466,4.207860734343323
149,1,downLeft,lowB,2.3807032510505577,0,0,1,0,0.4598138961402144,0.1449815121143791,0.3727602139575138,0.0224443777878926,2.4178272914415415
150,1,midLeft,high,3.920864563801337,1,0,0,0,0.62186972729815,0.1014870584800653,0.2609321497702597,0.0157110644515248,4.028880579041596
151,1,downLeft,lowB,3.0294535522229937,0,0,1,0,0.435308809108705,0.0710409409360457,0.4826525048391817,0.0109977451160674,3.2157692531855173
152,1,midLeft,high,4.176290814787839,1,0,0,0,0.6047161663760936,0.049728658655232,0.3378567533874272,0.0076984215812471,3.9458883843025787
153,1,downRight,lowC,2.1496813479867467,0,0,0,1,0.4233013164632655,0.0348100610586624,0.2364997273711991,0.305388895106873,2.011791111629785
154,1,downLeft,lowB,2.977881948625831,0,0,1,0,0.2963109215242858,0.0243670427410637,0.4655498091598393,0.2137722265748111,3.1259138747327455
155,1,downRight,lowC,2.7555538325695714,0,0,0,1,0.2074176450670001,0.0170569299187445,0.3258848664118875,0.4496405586023677,3.0172429657088204
156,1,downLeft,lowB,3.611067494177144,0,0,1,0,0.1451923515469,0.0119398509431212,0.5281194064883212,0.3147483910216574,3.3908169128431562
157,1,downRight,lowC,3.3753071073528416,0,0,0,1,0.10163464608283,0.0083578956601848,0.3696835845418249,0.5203238737151602,3.5288047328526346
158,1,midLeft,high,2.441225597042803,1,0,0,0,0.371144252257981,0.0058505269621293,0.2587785091792774,0.3642267116006121,2.356765410811341
159,1,downLeft,lowB,3.2115861985521192,0,0,1,0,0.2598009765805867,0.0040953688734905,0.4811449564254942,0.2549586981204285,3.143029790965683
160,1,midRight,lowA,1.9608430815555065,0,1,0,0,0.1818606836064107,0.3028667582114434,0.3368014694978459,0.1784710886842999,2.2160017110368786
161,1,midLeft,high,2.7196355959875897,1,0,0,0,0.4273024785244874,0.2120067307480104,0.2357610286484922,0.1249297620790099,2.645091309897206
162,1,midRight,lowA,3.0650892556890894,0,1,0,0,0.2991117349671412,0.4484047115236073,0.1650327200539445,0.0874508334553069,2.898755089426181
163,1,downLeft,lowB,2.909177257040694,0,0,1,0,0.2093782144769988,0.3138832980665251,0.4155229040377611,0.0612155834187148,2.558159129369073
164,1,midLeft,high,2.961236369707542,1,0,0,0,0.4465647501338992,0.2197183086465675,0.2908660328264328,0.0428509083931004,2.995060067091444
165,1,downLeft,lowB,3.27686770395452,0,0,1,0,0.3125953250937294,0.1538028160525972,0.503606222978503,0.0299956358751702,3.2721727035657557
166,1,downRight,lowC,2.1616463447085126,0,0,0,1,0.2188167275656106,0.107661971236818,0.3525243560849521,0.3209969451126191,2.163312242455861
167,1,midLeft,high,2.989727376113238,1,0,0,0,0.4531717092959274,0.0753633798657726,0.2467670492594665,0.2246978615788334,3.083173617311044
168,1,midLeft,high,3.897748574456018,1,0,0,0,0.6172201965071492,0.0527543659060408,0.1727369344816265,0.1572885031051833,4.013300969573735
169,1,midLeft,high,4.727377008420984,1,0,0,0,0.7320541375550045,0.0369280561342286,0.1209158541371386,0.1101019521736283,4.766546668171856
170,1,downRight,lowC,2.3415061620710893,0,0,0,1,0.5124378962885031,0.02584963929396,0.084641097895997,0.3770713665215398,2.452032408647168
171,1,midLeft,high,4.328508734279553,1,0,0,0,0.6587065274019521,0.018094747505772,0.0592487685271979,0.2639499565650779,4.542667644799333
172,1,midLeft,high,4.870860625925706,1,0,0,0,0.7610945691813665,0.0126663232540404,0.0414741379690385,0.1847649695955545,5.117218216841581
173,1,downRight,lowC,2.7160547223195373,0,0,0,1,0.5327661984269566,0.0088664262778282,0.0290318965783269,0.4293354787168881,2.671527047498885
174,1,downRight,lowC,3.950976643243693,0,0,0,1,0.3729363388988696,0.0062064983944798,0.0203223276048288,0.6005348351018217,3.721196335894399
175,1,midLeft,high,3.7274938349993447,1,0,0,0,0.5610554372292087,0.0043445488761358,0.0142256293233802,0.4203743845712752,3.732398855613313
176,1,midRight,lowA,1.883099861861353,0,1,0,0,0.3927388060604461,0.303041184213295,0.0099579405263661,0.2942620691998926,2.08674284270918
177,1,downLeft,lowB,1.9862523590552743,0,0,1,0,0.2749171642423123,0.2121288289493065,0.3069705583684563,0.2059834484399248,2.173391299040873
178,1,midRight,lowA,2.914090018398652,0,1,0,0,0.1924420149696186,0.4484901802645146,0.2148793908579194,0.1441884139079474,3.0214689752432666
179,1,midLeft,high,2.864631832282657,1,0,0,0,0.434709410478733,0.3139431261851602,0.1504155736005436,0.1009318897355631,3.020074422050971
180,1,midLeft,high,3.853995389826261,1,0,0,0,0.6042965873351132,0.2197601883296121,0.1052909015203805,0.0706523228148942,3.8419852835679422
181,1,midLeft,high,4.844687877133463,1,0,0,0,0.7230076111345792,0.1538321318307285,0.0737036310642663,0.0494566259704259,4.8251949673552925
182,1,midLeft,high,5.162370436708002,1,0,0,0,0.8061053277942054,0.1076824922815099,0.0515925417449864,0.0346196381792981,5.199960979922339
183,1,midRight,lowA,2.518891267599556,0,1,0,0,0.5642737294559438,0.375377744597057,0.0361147792214905,0.0242337467255087,2.4974411564923535
184,1,downRight,lowC,2.1565418675700267,0,0,0,1,0.3949916106191606,0.2627644212179398,0.0252803454550433,0.3169636227078561,1.9648889513930754
185,1,midLeft,high,3.9204670717737145,1,0,0,0,0.5764941274334124,0.1839350948525579,0.0176962418185303,0.2218745358954992,3.8276843124232887
186,1,midRight,lowA,2.86684028165603,0,1,0,0,0.4035458892033887,0.4287545663967905,0.0123873692729712,0.1553121751268494,2.9908797055329432
187,1,downRight,lowC,2.9721305748515534,0,0,0,1,0.2824821224423721,0.3001281964777533,0.0086711584910798,0.4087185225887946,2.6792861488619417
188,1,midLeft,high,3.309141734555622,1,0,0,0,0.4977374857096605,0.2100897375344273,0.0060698109437559,0.2861029658121562,3.337278025155231
189,1,downLeft,lowB,1.9619383520494715,0,0,1,0,0.3484162399967623,0.1470628162740991,0.3042488676606291,0.2002720760685093,2.166895077313793
190,1,midLeft,high,3.69734064905769,1,0,0,0,0.5438913679977336,0.1029439713918694,0.2129742073624403,0.1401904532479565,3.4335004559585283
191,1,midLeft,high,4.483214851690898,1,0,0,0,0.6807239575984135,0.0720607799743085,0.1490819451537082,0.0981333172735695,4.451321214069464
192,1,midLeft,high,4.98683573585491,1,0,0,0,0.7765067703188895,0.050442545982016,0.1043573616075957,0.0686933220914987,4.880723658791135
193,1,midLeft,high,5.6335306503275095,1,0,0,0,0.8435547392232227,0.0353097821874112,0.073050153125317,0.0480853254640491,5.478040926394329
194,1,midLeft,high,5.989702303996484,1,0,0,0,0.8904883174562559,0.0247168475311878,0.0511351071877219,0.0336597278248343,5.892994442993932
195,1,midLeft,high,6.031921985049214,1,0,0,0,0.9233418222193792,0.0173017932718314,0.0357945750314053,0.023561809477384,5.878604451010778
196,1,midRight,lowA,2.1308536208696744,0,1,0,0,0.6463392755535654,0.312111255290282,0.0250562025219837,0.0164932666341688,2.0188244890818767
197,1,midLeft,high,4.992759520198651,1,0,0,0,0.7524374928874957,0.2184778787031974,0.0175393417653886,0.0115452866439181,5.049514656133338
198,1,downRight,lowC,1.9980088964575224,0,0,0,1,0.526706245021247,0.1529345150922382,0.012277539235772,0.3080817006507427,1.9997367527429633
199,1,midLeft,high,4.318339687215318,1,0,0,0,0.6686943715148729,0.1070541605645667,0.0085942774650404,0.2156571904555199,4.461151093510132
200,2,downLeft,high,2.006915570395216,0,0,1,0,0.468086060060411,0.0749379123951967,0.3060159942255283,0.1509600333188639,2.3047647300704424
201,2,downRight,lowC,2.625317516931001,0,0,0,1,0.3276602420422877,0.0524565386766377,0.2142111959578698,0.4056720233232047,2.8431838452955547
202,2,midRight,lowB,2.292245410895968,0,1,0,0,0.2293621694296014,0.3367195770736464,0.1499478371705088,0.2839704163262433,2.3388675674574246
203,2,midLeft,lowA,3.0719444684162247,1,0,0,0,0.4605535186007209,0.2357037039515525,0.1049634860193562,0.1987792914283703,3.0613137565854087
204,2,downLeft,high,2.328017792351139,0,0,1,0,0.3223874630205047,0.1649925927660867,0.3734744402135493,0.1391455039998592,2.4273686737550095
205,2,downLeft,high,3.6126761241932113,0,0,1,0,0.2256712241143533,0.1154948149362607,0.5614321081494845,0.0974018527999014,3.8530216348454593
206,2,downLeft,high,4.628077306932076,0,0,1,0,0.1579698568800473,0.0808463704553825,0.6930024757046391,0.068181296959931,4.449732829592335
207,2,downLeft,high,5.06763446898318,0,0,1,0,0.1105788998160331,0.0565924593187677,0.7851017329932474,0.0477269078719517,5.090272597357122
208,2,midLeft,lowA,2.471147238346399,1,0,0,0,0.3774052298712232,0.0396147215231374,0.5495712130952732,0.0334088355103662,2.5518916123749604
209,2,downLeft,high,4.290395731863497,0,0,1,0,0.2641836609098562,0.0277303050661961,0.6846998491666912,0.0233861848572563,4.362819970137589
210,2,downRight,lowC,2.052746641078492,0,0,0,1,0.1849285626368993,0.0194112135463373,0.4792898944166839,0.3163703294000795,2.0761855572580843
211,2,downLeft,high,4.247365616855,0,0,1,0,0.1294499938458295,0.0135878494824361,0.6355029260916787,0.2214592305800556,4.184824738375604
212,2,downLeft,high,5.1031749101944905,0,0,1,0,0.0906149956920807,0.0095114946377052,0.7448520482641751,0.1550214614060389,4.7886854131944006
213,2,downRight,lowC,2.6528522612956165,0,0,0,1,0.0634304969844564,0.0066580462463937,0.5213964337849225,0.4085150229842272,2.668094106155017
214,2,midRight,lowB,2.0061631470529067,0,1,0,0,0.0444013478891195,0.3046606323724756,0.3649775036494457,0.2859605160889591,2.2608560018665544
215,2,downLeft,high,3.663794320637078,0,0,1,0,0.0310809435223836,0.2132624426607329,0.555484252554612,0.2001723612622714,3.536321812534348
216,2,downLeft,high,4.392395636932881,0,0,1,0,0.0217566604656685,0.149283709862513,0.6888389767882284,0.14012065288359,4.484273896211363
217,2,midRight,lowB,2.6684518114498927,0,1,0,0,0.015229662325968,0.4044985969037591,0.4821872837517599,0.098084457018513,2.4986135817921866
218,2,midLeft,lowA,2.141937170980539,1,0,0,0,0.3106607636281775,0.2831490178326313,0.3375310986262319,0.0686591199129591,2.090201484964885
219,2,midLeft,lowA,3.582804042602984,1,0,0,0,0.5174625345397244,0.1982043124828419,0.2362717690383623,0.0480613839390713,3.326046760402985
220,2,downLeft,high,2.9784648945183605,0,0,1,0,0.362223774177807,0.1387430187379894,0.4653902383268536,0.0336429687573499,3.0211931184466585
221,2,downRight,lowC,2.2312317732814293,0,0,0,1,0.2535566419244649,0.0971201131165925,0.3257731668287975,0.3235500781301449,2.1340785297342326
222,2,downLeft,high,3.480122152124798,0,0,1,0,0.1774896493471254,0.0679840791816148,0.5280412167801583,0.2264850546911014,3.55629356043416
223,2,downRight,lowC,2.9083201670463,0,0,0,1,0.1242427545429878,0.0475888554271303,0.3696288517461108,0.458539538283771,2.9639303092044873
224,2,downLeft,high,3.5982226968752284,0,0,1,0,0.0869699281800914,0.0333121987989912,0.5587401962222776,0.3209776767986397,3.5479095110230294
225,2,midRight,lowB,2.2892503647330624,0,1,0,0,0.060878949726064,0.3233185391592938,0.3911181373555943,0.2246843737590478,2.4065224429043495
226,2,downLeft,high,3.74429424167538,0,0,1,0,0.0426152648082448,0.2263229774115057,0.573782696148916,0.1572790616313334,3.95084354958763
227,2,downLeft,high,4.634213244773914,0,0,1,0,0.0298306853657713,0.1584260841880539,0.7016478873042412,0.1100953431419334,4.423952284882896
228,2,downLeft,high,5.207691259827195,0,0,1,0,0.0208814797560399,0.1108982589316378,0.7911535211129689,0.0770667401993534,5.135625688955891
229,2,downRight,lowC,2.4312452444533013,0,0,0,1,0.0146170358292279,0.0776287812521464,0.5538074647790783,0.3539467181395473,2.4717206891387624
230,2,midLeft,lowA,1.9620274031705625,1,0,0,0,0.3102319250804595,0.0543401468765025,0.3876652253453548,0.2477627026976831,2.170022249291507
231,2,midLeft,lowA,3.559562979471611,1,0,0,0,0.5171623475563217,0.0380381028135517,0.2713656577417483,0.1734338918883782,3.4343955811435896
232,2,downLeft,high,3.187874607796752,0,0,1,0,0.3620136432894252,0.0266266719694862,0.4899559604192238,0.1214037243218647,3.274405890629359
233,2,midRight,lowB,2.10330991982906,0,1,0,0,0.2534095503025976,0.3186386703786403,0.3429691722934567,0.0849826070253053,2.134847997424324
234,2,midRight,lowB,3.293188803694261,0,1,0,0,0.1773866852118183,0.5230470692650482,0.2400784206054196,0.0594878249177137,3.334999580924107
235,2,downLeft,high,3.102825873790365,0,0,1,0,0.1241706796482728,0.3661329484855337,0.4680548944237938,0.0416414774423996,2.9070299628212375
236,2,midLeft,lowA,2.3967527288953265,1,0,0,0,0.3869194757537909,0.2562930639398736,0.3276384260966556,0.0291490342096797,2.5170422840965383
237,2,downLeft,high,3.4729671933807005,0,0,1,0,0.2708436330276537,0.1794051447579115,0.5293468982676589,0.0204043239467758,3.4896227319117603
238,2,downRight,lowC,2.0506162228740927,0,0,0,1,0.1895905431193575,0.125583601330538,0.3705428287873612,0.314283026762743,2.1300866966366443
239,2,downLeft,high,3.512654527177673,0,0,1,0,0.1327133801835503,0.0879085209313766,0.5593799801511529,0.2199981187339201,3.649195222095419
240,2,downRight,lowC,2.886186743385529,0,0,0,1,0.0928993661284852,0.0615359646519636,0.391565986105807,0.4539986831137441,2.992431833359818
241,2,downLeft,high,3.729588340493226,0,0,1,0,0.0650295562899396,0.0430751752563745,0.5740961902740649,0.3177990781796208,3.648776835074524
242,2,midLeft,lowA,2.292912365944886,1,0,0,0,0.3455206894029577,0.0301526226794622,0.4018673331918454,0.2224593547257345,2.214413491090764
243,2,midRight,lowB,1.9735647691986544,0,1,0,0,0.2418644825820704,0.3211068358756235,0.2813071332342918,0.1557215483080142,2.1577479070848855
244,2,midRight,lowB,3.5131895944705445,0,1,0,0,0.1693051378074493,0.5247747851129364,0.1969149932640042,0.1090050838156099,3.3919522438422405
245,2,downLeft,high,2.8698479815507807,0,0,1,0,0.1185135964652145,0.3673423495790555,0.4378404952848029,0.0763035586709269,2.8054089954113293
246,2,downLeft,high,4.0024407705099065,0,0,1,0,0.0829595175256501,0.2571396447053388,0.606488346699362,0.0534124910696488,3.959239283198281
247,2,downLeft,high,4.777755574825591,0,0,1,0,0.0580716622679551,0.1799977512937371,0.7245418426895534,0.0373887437487542,4.682842315042349
248,2,downLeft,high,5.272473412183314,0,0,1,0,0.0406501635875685,0.125998425905616,0.8071792898826874,0.0261721206241279,5.100434246731232
249,2,midRight,lowB,2.5518886743299776,0,1,0,0,0.028455114511298,0.3881988981339311,0.5650255029178812,0.0183204844368895,2.3835530302270533
250,2,downLeft,high,4.545638219771766,0,0,1,0,0.0199185801579086,0.2717392286937518,0.6955178520425168,0.0128243391058226,4.555694645644628
251,2,downRight,lowC,2.000585192865935,0,0,0,1,0.013943006110536,0.1902174600856263,0.4868624964297617,0.3089770373740759,1.9836310035951548
252,2,midLeft,lowA,2.0247204743033214,1,0,0,0,0.3097601042773752,0.1331522220599384,0.3408037475008332,0.2162839261618531,2.0622739516945217
253,2,downRight,lowC,2.9599633095934994,0,0,0,1,0.2168320729941626,0.0932065554419568,0.2385626232505832,0.4513987483132972,2.8092135744420217
254,2,downRight,lowC,3.975255846458403,0,0,0,1,0.1517824510959138,0.0652445888093698,0.1669938362754082,0.615979123819308,4.113827179711577
255,2,downLeft,high,2.7393003282434787,0,0,1,0,0.1062477157671397,0.0456712121665588,0.4168956853927857,0.4311853866735156,2.801261674523203
256,2,downLeft,high,3.8331674716207567,0,0,1,0,0.0743734010369978,0.0319698485165912,0.59182697977495,0.3018297706714609,3.859166971762701
257,2,midRight,lowB,2.182343614147259,0,1,0,0,0.0520613807258984,0.3223788939616138,0.414278885842465,0.2112808394700226,2.000049600130573
258,2,midLeft,lowA,2.191075197659565,1,0,0,0,0.3364429665081289,0.2256652257731296,0.2899952200897255,0.1478965876290158,2.1417144712648852
259,2,downLeft,high,3.3886711857725915,0,0,1,0,0.2355100765556902,0.1579656580411907,0.5029966540628079,0.1035276113403111,3.3113508264206906
260,2,downLeft,high,4.249557256264984,0,0,1,0,0.1648570535889831,0.1105759606288335,0.6520976578439656,0.0724693279382177,4.189304095117621
261,2,downLeft,high,4.967971040766161,0,0,1,0,0.1153999375122882,0.0774031724401834,0.7564683604907759,0.0507285295567524,4.780187611241041
262,2,downLeft,high,5.462825421590452,0,0,1,0,0.0807799562586017,0.0541822207081284,0.8295278523435432,0.0355099706897267,5.476442060487261
263,2,midLeft,lowA,2.3905143916705742,1,0,0,0,0.3565459693810212,0.0379275544956899,0.5806694966404803,0.0248569794828086,2.1113936129242643
264,2,midLeft,lowA,3.606178228066777,1,0,0,0,0.5495821785667149,0.0265492881469829,0.4064686476483362,0.017399885637966,3.6335257018344094
265,2,midRight,lowB,2.150763386509977,0,1,0,0,0.3847075249967004,0.318584501702888,0.2845280533538353,0.0121799199465762,2.0961096195864246
266,2,downLeft,high,3.3829333983100662,0,0,1,0,0.2692952674976903,0.2230091511920216,0.4991696373476847,0.0085259439626033,3.2786386497627293
267,2,downLeft,high,4.104369606438767,0,0,1,0,0.1885066872483832,0.1561064058344151,0.6494187461433794,0.0059681607738223,4.3063515704228115
268,2,downRight,lowC,2.1006199933219123,0,0,0,1,0.1319546810738682,0.1092744840840906,0.4545931223003655,0.3041777125416757,2.059689117392169
269,2,midRight,lowB,2.4729321492652585,0,1,0,0,0.0923682767517077,0.3764921388588634,0.3182151856102558,0.212924398779173,2.560960628547718
270,2,downLeft,high,3.424827422072957,0,0,1,0,0.0646577937261954,0.2635444972012044,0.5227506299271791,0.1490470791454211,3.268355754708124
271,2,midRight,lowB,3.190275551390485,0,1,0,0,0.0452604556083368,0.4844811480408431,0.3659254409490254,0.1043329554017947,3.1974678678449555
272,2,downLeft,high,3.72143190470472,0,0,1,0,0.0316823189258357,0.3391368036285901,0.5561478086643178,0.0730330687812563,3.4689032842745644
273,2,downLeft,high,4.655336879604074,0,0,1,0,0.022177623248085,0.2373957625400131,0.6893034660650225,0.0511231481468794,4.515207964768031
274,2,downLeft,high,5.069212599530078,0,0,1,0,0.0155243362736595,0.1661770337780092,0.7825124262455158,0.0357862037028156,5.141292653241157
275,2,downLeft,high,5.309875024762222,0,0,1,0,0.0108670353915616,0.1163239236446064,0.847758698371861,0.0250503425919709,5.674855516082144
276,2,downLeft,high,5.660002827171663,0,0,1,0,0.0076069247740931,0.0814267465512245,0.8934310888603028,0.0175352398143796,5.8598861842063945
277,2,midLeft,lowA,2.074506859308901,1,0,0,0,0.3053248473418652,0.0569987225858571,0.6254017622022119,0.0122746678700657,1.9912123928528385
278,2,downRight,lowC,1.9952656990067377,0,0,0,1,0.2137273931393056,0.0398991058101,0.4377812335415483,0.308592267509046,2.0125816702540407
279,2,downLeft,high,3.901563860787182,0,0,1,0,0.149609175197514,0.02792937406707,0.6064468634790838,0.2160145872563322,4.168501711427932
280,2,downRight,lowC,3.0046406889858983,0,0,0,1,0.1047264226382597,0.019550561846949,0.4245128044353586,0.4512102110794325,2.9087904667074085
281,2,downLeft,high,3.984875714152299,0,0,1,0,0.0733084958467818,0.0136853932928643,0.597158963104751,0.3158471477556028,3.920784871080303
282,2,downLeft,high,4.8017401665194575,0,0,1,0,0.0513159470927473,0.009579775305005,0.7180112741733258,0.2210930034289219,4.694665552263062
283,2,downLeft,high,5.026335635955432,0,0,1,0,0.0359211629649231,0.0067058427135035,0.8026078919213281,0.1547651024002453,5.135003499607683
284,2,midRight,lowB,2.1009008247375287,0,1,0,0,0.0251448140754461,0.3046940898994524,0.5618255243449297,0.1083355716801717,2.2305049212574164
285,2,downLeft,high,4.551580821152645,0,0,1,0,0.0176013698528123,0.2132858629296167,0.6932778670414508,0.0758349001761202,4.425177874036147
286,2,downLeft,high,4.978528810692407,0,0,1,0,0.0123209588969686,0.1493001040507316,0.7852945069290156,0.0530844301232841,5.158412440229707
287,2,downLeft,high,5.606002501676801,0,0,1,0,0.008624671227878,0.1045100728355121,0.8497061548503109,0.0371591010862989,5.6224990150430205
288,2,midRight,lowB,2.443476099843481,0,1,0,0,0.0060372698595146,0.3731570509848585,0.5947943083952176,0.0260113707604092,2.3100514086937576
289,2,downLeft,high,4.47495716086298,0,0,1,0,0.0042260889016602,0.261209935689401,0.7163560158766523,0.0182079595322864,4.748063041332204
290,2,downLeft,high,5.235233271008265,0,0,1,0,0.0029582622311621,0.1828469549825807,0.8014492111136566,0.0127455716726005,5.364288543935352
291,2,midLeft,lowA,2.109781068163978,1,0,0,0,0.3020707835618135,0.1279928684878065,0.5610144477795597,0.0089219001708203,2.0240205482677918
292,2,downRight,lowC,2.182435695082436,0,0,0,1,0.2114495484932694,0.0895950079414645,0.3927101134456917,0.3062453301195743,1.9689847462308183
293,2,midLeft,lowA,2.6266473978764124,1,0,0,0,0.4480146839452886,0.0627165055590251,0.2748970794119842,0.214371731083702,2.9704500373531446
294,2,downRight,lowC,2.965644666834805,0,0,0,1,0.313610278761702,0.0439015538913176,0.1924279555883889,0.4500602117585914,3.0060550401858697
295,2,midLeft,lowA,3.355851117759204,1,0,0,0,0.5195271951331915,0.0307310877239223,0.1346995689118722,0.3150421482310139,3.4003111502721826
296,2,downLeft,high,2.540281355271333,0,0,1,0,0.363669036593234,0.0215117614067456,0.3942896982383106,0.2205295037617097,2.7960797659989187
297,2,downLeft,high,3.654527101300524,0,0,1,0,0.2545683256152638,0.0150582329847219,0.5760027887668174,0.1543706526331968,3.8541283383749323
298,2,downLeft,high,4.543845349844136,0,0,1,0,0.1781978279306846,0.0105407630893053,0.7032019521367722,0.1080594568432377,4.431884661917956
299,2,midRight,lowB,2.1679323905985752,0,1,0,0,0.1247384795514792,0.3073785341625137,0.4922413664957405,0.0756416197902664,1.924120902284888
300,3,midRight,lowC,3.572634476509951,0,1,0,0,0.0873169356860354,0.5151649739137596,0.3445689565470183,0.0529491338531865,3.3957589150136487
301,3,downRight,lowB,2.340844955100785,0,0,0,1,0.0611218549802248,0.3606154817396317,0.2411982695829128,0.3370643936972305,2.300766642384678
302,3,downLeft,high,3.0485039603921917,0,0,1,0,0.0427852984861573,0.2524308372177422,0.4688387887080389,0.2359450755880613,3.224988116411169
303,3,downLeft,high,4.103844058798417,0,0,1,0,0.0299497089403101,0.1767015860524195,0.6281871520956273,0.1651615529116429,3.9941073635374345
304,3,midRight,lowC,2.98803227318588,0,1,0,0,0.0209647962582171,0.4236911102366937,0.4397310064669391,0.11561308703815,2.7208954841283473
305,3,midRight,lowC,3.978003941207704,0,1,0,0,0.0146753573807519,0.5965837771656856,0.3078117045268573,0.080929160926705,3.9061129101106715
306,3,downLeft,high,3.47539324025446,0,0,1,0,0.0102727501665263,0.4176086440159798,0.5154681931688001,0.0566504126486935,3.2665444415862894
307,3,downRight,lowB,2.2662382335913738,0,0,0,1,0.0071909251165684,0.2923260508111859,0.3608277352181601,0.3396552888540854,2.374051794919879
308,3,downLeft,high,3.620428155290039,0,0,1,0,0.0050336475815979,0.2046282355678301,0.5525794146527121,0.2377587021978598,3.5939850721924356
309,3,downLeft,high,4.29426947238864,0,0,1,0,0.0035235533071185,0.143239764897481,0.6868055902568985,0.1664310915385018,4.5384361204254535
310,3,downRight,lowB,2.8333461022491955,0,0,0,1,0.0024664873149829,0.1002678354282367,0.4807639131798289,0.4165017640769513,2.7944307158828936
311,3,midLeft,lowA,2.0175879999621564,1,0,0,0,0.3017265411204881,0.0701874847997657,0.3365347392258803,0.2915512348538659,2.1548913142410915
312,3,midLeft,lowA,3.2453343653855278,1,0,0,0,0.5112085787843417,0.049131239359836,0.2355743174581162,0.2040858643977061,3.2955875722433117
313,3,midLeft,lowA,4.209933063166327,1,0,0,0,0.6578460051490391,0.0343918675518852,0.1649020222206813,0.1428601050783943,4.128334851084445
314,3,midLeft,lowA,4.990492516770575,1,0,0,0,0.7604922036043273,0.0240743072863196,0.1154314155544769,0.100002073554876,4.873837415611957
315,3,downRight,lowB,2.3232437872480487,0,0,0,1,0.5323445425230291,0.0168520151004237,0.0808019908881338,0.3700014514884132,2.1558260796657605
316,3,midLeft,lowA,4.353946887094276,1,0,0,0,0.6726411797661204,0.0117964105702966,0.0565613936216937,0.2590010160418892,4.293860955674086
317,3,downRight,lowB,3.04717346012052,0,0,0,1,0.4708488258362843,0.0082574873992076,0.0395929755351855,0.4813007112293225,3.2283819390627166
318,3,downLeft,high,2.223485411825947,0,0,1,0,0.329594178085399,0.0057802411794453,0.3277150828746299,0.3369104978605257,2.07918918641745
319,3,downLeft,high,3.429877253719853,0,0,1,0,0.2307159246597793,0.0040461688256117,0.529400558012241,0.235837348502368,3.4277375110857218
320,3,midLeft,lowA,3.0889790389312477,1,0,0,0,0.4615011472618455,0.0028323181779282,0.3705803906085687,0.1650861439516576,2.9886592031190236
321,3,downLeft,high,3.644434505757281,0,0,1,0,0.3230508030832919,0.0019826227245497,0.559406273425998,0.1155603007661603,3.7723936567895873
322,3,downRight,lowB,2.533756149854594,0,0,0,1,0.2261355621583043,0.0013878359071848,0.3915843913981986,0.3808922105363123,2.5482777706519015
323,3,downRight,lowB,3.7950405820480215,0,0,0,1,0.158294893510813,0.0009714851350293,0.274109073978739,0.5666245473754186,3.5972167943320885
324,3,downLeft,high,3.1208750398768843,0,0,1,0,0.1108064254575691,0.0006800395945205,0.4918763517851173,0.396637183162793,3.0130396114366698
325,3,downLeft,high,4.124466421838938,0,0,1,0,0.0775644978202984,0.0004760277161643,0.6443134462495821,0.2776460282139551,4.251363369270859
326,3,downRight,lowB,3.290487088426572,0,0,0,1,0.0542951484742088,0.000333219401315,0.4510194123747074,0.4943522197497686,3.316856957474277
327,3,downLeft,high,3.953142470422368,0,0,1,0,0.0380066039319462,0.0002332535809205,0.6157135886622952,0.346046553824838,3.7692294614284543
328,3,downLeft,high,4.87025200346415,0,0,1,0,0.0266046227523623,0.0001632775066443,0.7309995120636066,0.2422325876773866,4.886683410389117
329,3,midRight,lowC,2.048054721823536,0,1,0,0,0.0186232359266536,0.3001142942546511,0.5116996584445246,0.1695628113741706,1.9276537010055173
330,3,downLeft,high,4.313466285561552,0,0,1,0,0.0130362651486575,0.2100800059782557,0.6581897609111672,0.1186939679619194,4.298100243987069
331,3,downLeft,high,5.038204897134933,0,0,1,0,0.0091253856040602,0.147056004184779,0.7607328326378171,0.0830857775733436,4.960797163342883
332,3,midRight,lowC,2.6775671808182837,0,1,0,0,0.0063877699228422,0.4029392029293453,0.532512982846472,0.0581600443013405,2.584690255453869
333,3,downRight,lowB,2.3850587696441217,0,0,0,1,0.0044714389459895,0.2820574420505417,0.3727590879925304,0.3407120310109383,2.1239669285744776
334,3,downLeft,high,3.61661726438265,0,0,1,0,0.0031300072621926,0.1974402094353792,0.5609313615947713,0.2384984217076568,3.6720336678469683
335,3,midLeft,lowA,2.1560340021660727,1,0,0,0,0.3021910050835348,0.1382081466047654,0.3926519531163399,0.1669488951953597,2.293344942412706
336,3,downLeft,high,3.753501394262799,0,0,1,0,0.2115337035584744,0.0967457026233358,0.574856367181438,0.1168642266367518,3.7635254073686393
337,3,midRight,lowC,2.58036170688304,0,1,0,0,0.148073592490932,0.3677219918363351,0.4023994570270066,0.0818049586457262,2.278832713408248
338,3,midRight,lowC,3.477733032900997,0,1,0,0,0.1036515147436524,0.5574053942854346,0.2816796199189046,0.0572634710520084,3.7607708765419394
339,3,downLeft,high,3.103745711739964,0,0,1,0,0.0725560603205567,0.3901837759998042,0.4971757339432332,0.0400844297364058,3.1781095376013857
340,3,downLeft,high,4.314660552866511,0,0,1,0,0.0507892422243897,0.2731286431998629,0.6480230137602633,0.0280591008154841,4.188440059380623
341,3,downRight,lowB,2.0125470456620094,0,0,0,1,0.0355524695570727,0.1911900502399041,0.4536161096321843,0.3196413705708388,2.1297324513105957
342,3,downLeft,high,4.155529670961279,0,0,1,0,0.0248867286899509,0.1338330351679328,0.6175312767425291,0.2237489593995872,4.118746837705758
343,3,downLeft,high,4.655934976692788,0,0,1,0,0.0174207100829656,0.093683124617553,0.7322718937197703,0.156624271579711,4.904883585018805
344,3,downRight,lowB,2.734426533535945,0,0,0,1,0.0121944970580759,0.0655781872322871,0.5125903256038392,0.4096369901057977,2.4436999448929395
345,3,midLeft,lowA,2.027255046396834,1,0,0,0,0.3085361479406531,0.0459047310626009,0.3588132279226874,0.2867458930740584,2.075791647513759
346,3,midRight,lowC,2.311024189966728,0,1,0,0,0.2159753035584572,0.3321333117438206,0.2511692595458812,0.2007221251518409,2.1147368818714787
347,3,downLeft,high,3.0970600668585853,0,0,1,0,0.15118271249092,0.2324933182206744,0.4758184816821168,0.1405054876062886,2.9910068464614157
348,3,midLeft,lowA,2.48797183888146,1,0,0,0,0.405827898743644,0.1627453227544721,0.3330729371774817,0.098353841324402,2.587994422480554
349,3,downLeft,high,3.5085204089923927,0,0,1,0,0.2840795291205508,0.1139217259281304,0.5331510560242372,0.0688476889270814,3.614395775355719
350,3,downLeft,high,4.389648938325461,0,0,1,0,0.1988556703843855,0.0797452081496913,0.673205739216966,0.048193382248957,4.328798548135997
351,3,downRight,lowB,2.032434986696525,0,0,0,1,0.1391989692690698,0.0558216457047839,0.4712440174518762,0.3337353675742699,1.9751285731514878
352,3,downLeft,high,4.109019161702028,0,0,1,0,0.0974392784883489,0.0390751519933487,0.6298708122163134,0.2336147573019889,4.10503142485161
353,3,downLeft,high,4.794564898172227,0,0,1,0,0.0682074949418442,0.0273526063953441,0.7409095685514193,0.1635303301113922,4.897438804967048
354,3,midLeft,lowA,2.349755242777404,1,0,0,0,0.3477452464592909,0.0191468244767408,0.5186366979859935,0.1144712310779745,2.2062981213225195
355,3,midRight,lowC,1.932099470379467,0,1,0,0,0.2434216725215036,0.3134027771337186,0.3630456885901955,0.0801298617545822,2.0404502510447546
356,3,downLeft,high,3.5701987705718565,0,0,1,0,0.1703951707650525,0.219381943993603,0.5541319820131368,0.0560909032282075,3.6466747583815433
357,3,midRight,lowC,2.957654783786474,0,1,0,0,0.1192766195355368,0.4535673607955221,0.3878923874091958,0.0392636322597452,3.0175458428755055
358,3,midLeft,lowA,2.551124542502514,1,0,0,0,0.3834936336748757,0.3174971525568655,0.2715246711864371,0.0274845425818216,2.4712746982949105
359,3,midLeft,lowA,3.757873450215086,1,0,0,0,0.5684455435724131,0.2222480067898058,0.1900672698305059,0.0192391798072751,3.6629480956680296
360,3,downLeft,high,2.688641865933519,0,0,1,0,0.3979118805006891,0.1555736047528641,0.4330470888813542,0.0134674258650926,2.7954606723715445
361,3,downRight,lowB,2.157722997162879,0,0,0,1,0.2785383163504824,0.1089015233270048,0.3031329622169479,0.3094271981055648,2.0086319714027554
362,3,downLeft,high,3.2790478216088945,0,0,1,0,0.1949768214453377,0.0762310663289034,0.5121930735518636,0.2165990386738954,3.3397337472068838
363,3,downLeft,high,4.444777768636422,0,0,1,0,0.1364837750117364,0.0533617464302323,0.6585351514863045,0.1516193270717268,4.272046225442841
364,3,downLeft,high,5.047979086701258,0,0,1,0,0.0955386425082154,0.0373532225011626,0.7609746060404131,0.1061335289502087,5.027946788116106
365,3,midRight,lowC,2.0930011209916954,0,1,0,0,0.0668770497557508,0.3261472557508139,0.5326822242282891,0.0742934702651461,2.2268627610182086
366,3,downLeft,high,4.3585117023874185,0,0,1,0,0.0468139348290255,0.2283030790255697,0.6728775569598024,0.0520054291856022,4.560075298312521
367,3,downLeft,high,4.979435491745422,0,0,1,0,0.0327697543803179,0.1598121553178988,0.7710142898718617,0.0364038004299216,4.985824673327068
368,3,midRight,lowC,2.780811260524825,0,1,0,0,0.0229388280662225,0.4118685087225291,0.5397100029103032,0.0254826603009451,2.5379259724325003
369,3,downRight,lowB,1.9474475933822848,0,0,0,1,0.0160571796463557,0.2883079561057704,0.3777970020372123,0.3178378622106615,2.1321450697239017
370,3,downLeft,high,3.622537816234039,0,0,1,0,0.011240025752449,0.2018155692740393,0.5644579014260486,0.2224865035474631,3.691345891127805
371,3,downLeft,high,4.534478201243325,0,0,1,0,0.0078680180267143,0.1412708984918275,0.695120530998234,0.1557405524832241,4.594662559450038
372,3,downLeft,high,5.071269308134754,0,0,1,0,0.0055076126187,0.0988896289442792,0.7865843716987638,0.1090183867382569,5.047067317801281
373,3,downLeft,high,5.3654233497091095,0,0,1,0,0.00385532883309,0.0692227402609955,0.8506090601891347,0.0763128707167798,5.453452345670097
374,3,downLeft,high,5.725122170374095,0,0,1,0,0.002698730183163,0.0484559181826968,0.8954263421323944,0.0534190095017459,5.778874352228437
375,3,downRight,lowB,2.296977750363274,0,0,0,1,0.0018891111282141,0.0339191427278877,0.626798439492676,0.3373933066512221,2.3277337159046763
376,3,downLeft,high,4.856673298732955,0,0,1,0,0.0013223777897498,0.0237433999095214,0.7387589076448732,0.2361753146558554,4.646731459175357
377,3,downLeft,high,5.466397484677811,0,0,1,0,0.0009256644528249,0.016620379936665,0.8171312353514112,0.1653227202590988,5.417764531342185
378,3,midRight,lowC,2.09630061331672,0,1,0,0,0.0006479651169774,0.3116342659556655,0.5719918647459878,0.1157259041813691,2.128472811128411
379,3,downLeft,high,4.532572432176805,0,0,1,0,0.0004535755818842,0.2181439861689658,0.7003943053221915,0.0810081329269584,4.4018931836021205
380,3,downLeft,high,5.069431071100793,0,0,1,0,0.0003175029073189,0.1527007903182761,0.790276013725534,0.0567056930488709,5.303919133217415
381,3,downLeft,high,5.565194452286132,0,0,1,0,0.0002222520351232,0.1068905532227932,0.8531932096078738,0.0396939851342096,5.599946813003774
382,3,downLeft,high,5.83568191119992,0,0,1,0,0.0001555764245862,0.0748233872559553,0.8972352467255117,0.0277857895939467,5.985107141195558
383,3,downLeft,high,6.042660726553648,0,0,1,0,0.0001089034972103,0.0523763710791687,0.9280646727078582,0.0194500527157627,6.093919859960682
384,3,downLeft,high,6.24168015380754,0,0,1,0,7.623244804727887e-05,0.0366634597554181,0.9496452708955008,0.0136150369010339,6.1292855534866595
385,3,downLeft,high,6.380322735729025,0,0,1,0,5.336271363309521e-05,0.0256644218287926,0.9647516896268504,0.0095305258307237,6.4598937942779315
386,3,downLeft,high,6.410450044403188,0,0,1,0,3.7353899543166646e-05,0.0179650952801548,0.9753261827387952,0.0066713680815066,6.462737969320792
387,3,midRight,lowC,2.038152776279742,0,1,0,0,2.614772968021665e-05,0.3125755666961084,0.6827283279171568,0.0046699576570546,1.9400948652323509
388,3,midRight,lowC,3.3583670588126977,0,1,0,0,1.8303410776151657e-05,0.5188028966872759,0.4779098295420098,0.0032689703599382,3.2124048295123093
389,3,midLeft,lowA,2.076809224076904,1,0,0,0,0.3000128123875433,0.363162027681093,0.3345368806794068,0.0022882792519567,2.085863443765893
390,3,downLeft,high,3.3889522935288454,0,0,1,0,0.2100089686712803,0.2542134193767651,0.5341758164755848,0.0016017954763697,3.412049441783537
391,3,downLeft,high,4.399572976182217,0,0,1,0,0.1470062780698962,0.1779493935637356,0.6739230715329093,0.0011212568334588,4.572129134247333
392,3,midRight,lowC,2.877092823360614,0,1,0,0,0.1029043946489273,0.4245645754946149,0.4717461500730365,0.0007848797834211,2.797088163739525
393,3,midLeft,lowA,2.3361431992797965,1,0,0,0,0.3720330762542491,0.2971952028462304,0.3302223050511256,0.0005494158483948,2.5130494462762956
394,3,downLeft,high,3.4030109868309943,0,0,1,0,0.2604231533779744,0.2080366419923613,0.5311556135357879,0.0003845910938763,3.461082126899574
395,3,midLeft,lowA,3.1285893212271696,1,0,0,0,0.482296207364582,0.1456256493946529,0.3718089294750515,0.0002692137657134,3.282092007936154
396,3,midLeft,lowA,4.156360667059306,1,0,0,0,0.6376073451552075,0.101937954576257,0.260266250632536,0.0001884496359994,4.142146041093614
397,3,downLeft,high,3.166356181871659,0,0,1,0,0.4463251416086452,0.0713565682033799,0.4821863754427752,0.0001319147451995,3.2607833652857487
398,3,downLeft,high,4.140334456296094,0,0,1,0,0.3124275991260516,0.0499495977423659,0.6375304628099426,9.234032163971744e-05,4.110315015698892
399,3,downRight,lowB,1.982228932335235,0,0,0,1,0.2186993193882361,0.0349647184196561,0.4462713239669598,0.3000646382251478,1.90222615762329
400,4,midLeft,high,3.120805011509969,1,0,0,0,0.4530895235717653,0.0244753028937593,0.3123899267768719,0.2100452467576034,3.006365304371473
401,4,downRight,lowB,3.1153804059628856,0,0,0,1,0.3171626665002357,0.0171327120256315,0.2186729487438103,0.4470316727303224,2.973854070116479
402,4,midLeft,high,3.4962855366808543,1,0,0,0,0.522013866550165,0.011992898417942,0.1530710641206672,0.3129221709112256,3.39641220054552
403,4,midLeft,high,4.350106787652465,1,0,0,0,0.6654097065851154,0.0083950288925594,0.107149744884467,0.2190455196378579,4.245428311666131
404,4,midRight,lowA,2.0805912234093427,0,1,0,0,0.4657867946095808,0.3058765202247915,0.0750048214191269,0.1533318637465005,2.0891863714592813
405,4,downRight,lowB,2.829088080199821,0,0,0,1,0.3260507562267066,0.2141135641573541,0.0525033749933888,0.4073323046225504,2.7589855309895723
406,4,midLeft,high,3.4436261410758338,1,0,0,0,0.5282355293586947,0.1498794949101478,0.0367523624953722,0.2851326132357853,3.311188647763081
407,4,downLeft,lowC,2.043359608203328,0,0,1,0,0.3697648705510863,0.1049156464371035,0.3257266537467606,0.1995928292650497,2.2155101071423653
408,4,midLeft,high,3.691950854944198,1,0,0,0,0.5588354093857604,0.0734409525059724,0.2280086576227324,0.1397149804855348,3.6079686059874048
409,4,midLeft,high,4.515376455044711,1,0,0,0,0.6911847865700322,0.0514086667541807,0.1596060603359126,0.0978004863398743,4.606309146848319
410,4,midLeft,high,5.131484100782451,1,0,0,0,0.7838293505990226,0.0359860667279265,0.1117242422351388,0.068460340437912,5.221730678502147
411,4,midLeft,high,5.489985349648677,1,0,0,0,0.8486805454193158,0.0251902467095485,0.0782069695645972,0.0479222383065384,5.593084506499773
412,4,midLeft,high,5.801032670040173,1,0,0,0,0.8940763817935211,0.0176331726966839,0.054744878695218,0.0335455668145769,5.566398898620582
413,4,midLeft,high,6.118010740599405,1,0,0,0,0.9258534672554648,0.0123432208876787,0.0383214150866526,0.0234818967702038,5.818899821995377
414,4,downLeft,lowC,2.1821072549968528,0,0,1,0,0.6480974270788253,0.0086402546213751,0.3268249905606568,0.0164373277391426,2.2607504682871573
415,4,downLeft,lowC,3.580611604732119,0,0,1,0,0.4536681989551777,0.0060481782349626,0.5287774933924598,0.0115061294173998,3.4402788362895684
416,4,midRight,lowA,1.9952133418516669,0,1,0,0,0.3175677392686244,0.3042337247644738,0.3701442453747219,0.0080542905921799,1.9835598295415686
417,4,downRight,lowB,1.9063309458656943,0,0,0,1,0.2222974174880371,0.2129636073351316,0.2591009717623053,0.3056380034145259,1.9797811501924159
418,4,midLeft,high,2.910438048440942,1,0,0,0,0.4556081922416259,0.1490745251345921,0.1813706802336137,0.2139466023901681,2.9362949841731485
419,4,midLeft,high,3.94619138732416,1,0,0,0,0.6189257345691381,0.1043521675942145,0.1269594761635296,0.1497626216731177,4.126861796832786
420,4,midRight,lowA,2.3373747850760007,0,1,0,0,0.4332480141983967,0.3730465173159501,0.0888716333144707,0.1048338351711824,2.4634326869489596
421,4,midRight,lowA,3.6906384178733074,0,1,0,0,0.3032736099388777,0.5611325621211651,0.0622101433201295,0.0733836846198276,3.8159363807780764
422,4,downLeft,lowC,2.2522034222775447,0,0,1,0,0.2122915269572143,0.3927927934848156,0.3435471003240906,0.0513685792338793,2.2562812408904613
423,4,midLeft,high,2.9476538928240164,1,0,0,0,0.44860406887005,0.2749549554393709,0.2404829702268634,0.0359580054637155,2.932940259625531
424,4,downLeft,lowC,3.080245908154048,0,0,1,0,0.314022848209035,0.1924684688075596,0.4683380791588044,0.0251706038246008,3.2129309981342398
425,4,midRight,lowA,2.8170079809071917,0,1,0,0,0.2198159937463245,0.4347279281652917,0.3278366554111631,0.0176194226772206,2.7201474557284655
426,4,downRight,lowB,1.989899884921508,0,0,0,1,0.1538711956224271,0.3043095497157042,0.2294856587878141,0.3123335958740544,1.9685626812285637
427,4,midLeft,high,2.682702748789888,1,0,0,0,0.407709836935699,0.2130166848009929,0.1606399611514699,0.2186335171118381,2.6462589255469475
428,4,downRight,lowB,3.0747407950244416,0,0,0,1,0.2853968858549893,0.149111679360695,0.1124479728060289,0.4530434619782866,3.004756103197352
429,4,downRight,lowB,4.044444913678821,0,0,0,1,0.1997778200984925,0.1043781755524865,0.0787135809642202,0.6171304233848007,4.167064931036825
430,4,midLeft,high,2.788390251559657,1,0,0,0,0.4398444740689448,0.0730647228867406,0.0550995066749542,0.4319912963693605,2.845840392068943
431,4,midLeft,high,3.908661662038761,1,0,0,0,0.6078911318482614,0.0511453060207184,0.0385696546724679,0.3023939074585523,4.072166414106663
432,4,midLeft,high,4.645936302438392,1,0,0,0,0.7255237922937829,0.0358017142145028,0.0269987582707275,0.2116757352209866,4.674443134327505
433,4,midLeft,high,5.349127553509821,1,0,0,0,0.8078666546056481,0.025061199950152,0.0188991307895093,0.1481730146546906,5.159449930692793
434,4,midRight,lowA,2.203492094317736,0,1,0,0,0.5655066582239536,0.3175428399651064,0.0132293915526565,0.1037211102582834,1.9916979402554111
435,4,midRight,lowA,3.4807310483424034,0,1,0,0,0.3958546607567675,0.5222799879755745,0.0092605740868595,0.0726047771807984,3.64705005485269
436,4,downLeft,lowC,2.17292121962988,0,0,1,0,0.2770982625297373,0.3655959915829021,0.3064824018608016,0.0508233440265588,2.0829898924555135
437,4,midRight,lowA,3.506988135774967,0,1,0,0,0.1939687837708161,0.5559171941080314,0.2145376813025611,0.0355763408185912,3.591780102311641
438,4,midLeft,high,2.802843209781829,1,0,0,0,0.4357781486395712,0.389142035875622,0.1501763769117928,0.0249034385730138,2.739972086406378
439,4,midLeft,high,3.9966468881241752,1,0,0,0,0.6050447040476998,0.2723994251129354,0.1051234638382549,0.0174324070011097,3.950637015331446
440,4,midRight,lowA,3.306233406816184,0,1,0,0,0.4235312928333898,0.4906795975790547,0.0735864246867784,0.0122026849007767,3.207017760064909
441,4,midLeft,high,3.863240458149654,1,0,0,0,0.5964719049833729,0.3434757183053383,0.0515104972807449,0.0085418794305437,4.0058339213418455
442,4,downLeft,lowC,2.247503749702485,0,0,1,0,0.417530333488361,0.2404330028137368,0.3360573480965214,0.0059793156013806,2.280402610508815
443,4,midRight,lowA,3.2954680625620645,0,1,0,0,0.2922712334418527,0.4683031019696158,0.235240143667565,0.0041855209209664,3.0334490921842856
444,4,downRight,lowB,1.948401323459532,0,0,0,1,0.2045898634092968,0.3278121713787311,0.1646681005672955,0.3029298646446764,1.998810619369718
445,4,midLeft,high,2.715058510926509,1,0,0,0,0.4432129043865078,0.2294685199651117,0.1152676703971068,0.2120509052512735,2.814190271570559
446,4,midLeft,high,4.167330635799091,1,0,0,0,0.6102490330705554,0.1606279639755782,0.0806873692779748,0.1484356336758914,3.819098493513256
447,4,midLeft,high,4.6573345591456325,1,0,0,0,0.7271743231493888,0.1124395747829047,0.0564811584945823,0.103904943573124,4.66705736038652
448,4,midLeft,high,5.290214744690625,1,0,0,0,0.8090220262045722,0.0787077023480333,0.0395368109462076,0.0727334605011868,5.2452712387581935
449,4,downLeft,lowC,2.2079005320627614,0,0,1,0,0.5663154183432005,0.0550953916436233,0.3276757676623453,0.0509134223508307,2.1808023089093784
450,4,downLeft,lowC,3.466671072678835,0,0,1,0,0.3964207928402403,0.0385667741505363,0.5293730373636417,0.0356393956455815,3.3982233598781675
451,4,downRight,lowB,2.2056389334110227,0,0,0,1,0.2774945549881682,0.0269967419053754,0.3705611261545491,0.324947576951907,2.175868712247147
452,4,downRight,lowB,3.4686216753906813,0,0,0,1,0.1942461884917177,0.0188977193337628,0.2593927883081844,0.527463303866335,3.6077000362354035
453,4,downRight,lowB,4.21994311109792,0,0,0,1,0.1359723319442024,0.0132284035336339,0.181574951815729,0.6692243127064345,4.39506322759204
454,4,midLeft,high,2.667084090977928,1,0,0,0,0.3951806323609417,0.0092598824735437,0.1271024662710103,0.4684570188945041,2.607580355930302
455,4,midLeft,high,3.7077848083248304,1,0,0,0,0.5766264426526592,0.0064819177314806,0.0889717263897072,0.3279199132261529,3.7355822877573672
456,4,midLeft,high,4.631334014504767,1,0,0,0,0.7036385098568614,0.0045373424120364,0.062280208472795,0.229543939258307,4.261129278744431
457,4,downRight,lowB,2.85420939967556,0,0,0,1,0.492546956899803,0.0031761396884255,0.0435961459309565,0.4606807574808149,3.0153728317337434
458,4,downLeft,lowC,2.3129672503724352,0,0,1,0,0.344782869829862,0.0022232977818978,0.3305173021516696,0.3224765302365704,2.0668126619040854
459,4,midLeft,high,3.5034478885352245,1,0,0,0,0.5413480088809034,0.0015563084473285,0.2313621115061687,0.2257335711655993,3.6514269133817328
460,4,downRight,lowB,3.132484316586993,0,0,0,1,0.3789436062166323,0.0010894159131299,0.1619534780543181,0.4580134998159195,2.9612788657264155
461,4,downLeft,lowC,2.7553608679341,0,0,1,0,0.2652605243516426,0.0007625911391909,0.4133674346380226,0.3206094498711437,2.913573086842978
462,4,downLeft,lowC,3.8877331637729458,0,0,1,0,0.1856823670461498,0.0005338137974336,0.5893572042466159,0.2244266149098006,3.802065415267674
463,4,midLeft,high,2.855932899439615,1,0,0,0,0.4299776569323049,0.0003736696582035,0.4125500429726311,0.1570986304368604,2.8911252403770877
464,4,downRight,lowB,2.57080418825524,0,0,0,1,0.3009843598526134,0.0002615687607425,0.2887850300808418,0.4099690413058022,2.964960522809833
465,4,midLeft,high,3.3240198397167444,1,0,0,0,0.5106890518968294,0.0001830981325197,0.2021495210565892,0.2869783289140616,3.2601134739392026
466,4,midLeft,high,4.369583792195075,1,0,0,0,0.6574823363277806,0.0001281686927638,0.1415046647396124,0.2008848302398431,4.09202939778453
467,4,midLeft,high,4.935540293101866,1,0,0,0,0.7602376354294464,8.9718084934678e-05,0.0990532653177287,0.1406193811678902,4.9796064539961025
468,4,midLeft,high,5.31424921758801,1,0,0,0,0.8321663448006125,6.28026594542746e-05,0.0693372857224101,0.0984335668175231,5.422638573549091
469,4,downLeft,lowC,2.296736498439296,0,0,1,0,0.5825164413604287,4.396186161799221e-05,0.348536100005687,0.0689034967722661,2.2688613068047405
470,4,midLeft,high,4.45600570951839,1,0,0,0,0.7077615089523001,3.077330313259455e-05,0.2439752700039809,0.0482324477405863,4.4707976876200615
471,4,midLeft,high,4.9292665067968375,1,0,0,0,0.7954330562666101,2.1541312192816184e-05,0.1707826890027866,0.0337627134184104,5.310456059506526
472,4,midLeft,high,5.627298537642146,1,0,0,0,0.8568031393866271,1.507891853497133e-05,0.1195478823019506,0.0236338993928873,5.639460642657008
473,4,downRight,lowB,2.165426583241757,0,0,0,1,0.599762197570639,1.0555242974479932e-05,0.0836835176113654,0.3165437295750211,2.012414325227868
474,4,downLeft,lowC,2.453133105527177,0,0,1,0,0.4198335382994472,7.388670082135952e-06,0.3585784623279557,0.2215806107025147,2.2919664717206647
475,4,midLeft,high,4.070727766554185,1,0,0,0,0.5938834768096131,5.172069057495166e-06,0.251004923629569,0.1551064274917603,3.919141611342881
476,4,downLeft,lowC,3.089318863062032,0,0,1,0,0.4157184337667291,3.620448340246616e-06,0.4757034465406983,0.1085744992442322,3.189444984543599
477,4,midLeft,high,3.72349892309598,1,0,0,0,0.5910029036367104,2.5343138381726317e-06,0.3329924125784888,0.0760021494709625,3.843546816924673
478,4,midRight,lowA,2.0363041872059977,0,1,0,0,0.4137020325456972,0.3000017740196867,0.2330946888049421,0.0532015046296737,2.210730482404597
479,4,midRight,lowA,3.2953905026144827,0,1,0,0,0.2895914227819881,0.5100012418137807,0.1631662821634595,0.0372410532407716,3.277318148614493
480,4,midRight,lowA,4.3801665637299765,0,1,0,0,0.2027139959473916,0.6570008692696465,0.1142163975144216,0.0260687372685401,4.438584004565134
481,4,midLeft,high,2.9487776520468483,1,0,0,0,0.4418997971631742,0.4599006084887526,0.0799514782600951,0.0182481160879781,2.9578559933737454
482,4,downLeft,lowC,2.337888129580729,0,0,1,0,0.3093298580142219,0.3219304259421268,0.3559660347820665,0.0127736812615846,2.5952681792931402
483,4,midLeft,high,3.3386031064487964,1,0,0,0,0.5165309006099554,0.2253512981594888,0.2491762243474466,0.0089415768831092,3.336052032209511
484,4,midLeft,high,4.551367724853558,1,0,0,0,0.6615716304269688,0.1577459087116421,0.1744233570432126,0.0062591038181764,4.359393978697156
485,4,midLeft,high,4.873600256026726,1,0,0,0,0.7631001412988782,0.1104221360981495,0.1220963499302488,0.0043813726727235,5.008911163379149
486,4,midRight,lowA,2.4905973029133106,0,1,0,0,0.5341700989092147,0.3772954952687046,0.0854674449511742,0.0030669608709064,2.413999384410732
487,4,midLeft,high,4.45924118466735,1,0,0,0,0.6739190692364503,0.2641068466880932,0.0598272114658219,0.0021468726096345,4.250154240808303
488,4,midLeft,high,5.085811639992425,1,0,0,0,0.7717433484655152,0.1848747926816653,0.0418790480260753,0.0015028108267441,5.062322457371021
489,4,midLeft,high,5.378628101536391,1,0,0,0,0.8402203439258606,0.1294123548771657,0.0293153336182527,0.0010519675787209,5.580868898840143
490,4,midLeft,high,5.7142181884524526,1,0,0,0,0.8881542407481025,0.090588648414016,0.0205207335327769,0.0007363773051046,5.870994195313181
491,4,midLeft,high,5.990686826135421,1,0,0,0,0.9217079685236718,0.0634120538898111,0.0143645134729438,0.0005154641135732,5.911155111611603
492,4,midLeft,high,6.164264901117289,1,0,0,0,0.9451955779665704,0.0443884377228678,0.0100551594310606,0.0003608248795012,6.109805333484027
493,4,downRight,lowB,2.2103773581154567,0,0,0,1,0.6616369045765992,0.0310719064060074,0.0070386116017424,0.3002525774156508,1.9913651706306998
494,4,midLeft,high,5.091100663478149,1,0,0,0,0.7631458332036194,0.0217503344842052,0.0049270281212197,0.2101768041909556,5.055269868988609
495,4,midRight,lowA,2.117497841036684,0,1,0,0,0.5342020832425336,0.3152252341389436,0.0034489196848538,0.1471237629336689,2.10505539282336
496,4,midRight,lowA,3.5619791763904165,0,1,0,0,0.3739414582697735,0.5206576638972605,0.0024142437793976,0.1029866340535682,3.3540026246274244
497,4,midLeft,high,3.6988292138905607,1,0,0,0,0.5617590207888414,0.3644603647280824,0.0016899706455783,0.0720906438374977,3.6190377821200594
498,4,midLeft,high,4.415379947533257,1,0,0,0,0.693231314552189,0.2551222553096577,0.0011829794519048,0.0504634506862484,4.387405643308306
499,4,downRight,lowB,2.370697997565304,0,0,0,1,0.4852619201865323,0.1785855787167604,0.0008280856163334,0.3353244154803738,2.170565105073296
500,5,midLeft,high,4.165752449629469,1,0,0,0,0.6396833441305726,0.1250099051017322,0.0005796599314333,0.2347270908362617,4.157441086310188
501,5,downLeft,lowC,1.8801552014463017,0,0,1,0,0.4477783408914008,0.0875069335712125,0.3004057619520033,0.1643089635853832,2.1386687267658604
502,5,midLeft,high,3.8930904695582047,1,0,0,0,0.6134448386239806,0.0612548534998488,0.2102840333664023,0.1150162745097682,3.9876484330981556
503,5,midLeft,high,4.724211779358267,1,0,0,0,0.7294113870367864,0.0428783974498941,0.1471988233564816,0.0805113921568377,4.93905128055302
504,5,midRight,lowA,2.226089581215505,0,1,0,0,0.5105879709257505,0.3300148782149259,0.1030391763495371,0.0563579745097864,2.2617829746008793
505,5,midLeft,high,4.267329611953084,1,0,0,0,0.6574115796480253,0.2310104147504481,0.072127423444676,0.0394505821568505,4.162600901487338
506,5,midLeft,high,5.055207932908484,1,0,0,0,0.7601881057536177,0.1617072903253137,0.0504891964112732,0.0276154075097953,4.990360865154714
507,5,midLeft,high,5.318993477463167,1,0,0,0,0.8321316740275324,0.1131951032277196,0.0353424374878912,0.0193307852568567,5.45510920712679
508,5,midLeft,high,5.749183479288628,1,0,0,0,0.8824921718192726,0.0792365722594037,0.0247397062415238,0.0135315496797997,5.847101126545146
509,5,downLeft,lowC,2.2508034297201696,0,0,1,0,0.6177445202734908,0.0554656005815826,0.3173177943690667,0.0094720847758598,2.0223134517405184
510,5,midLeft,high,4.7303340650581385,1,0,0,0,0.7324211641914435,0.0388259204071078,0.2221224560583466,0.0066304593431018,4.695577942252207
511,5,downLeft,lowC,3.012936953183396,0,0,1,0,0.5126948149340105,0.0271781442849754,0.4554857192408427,0.0046413215401713,2.973006629508785
512,5,downLeft,lowC,4.101677546571732,0,0,1,0,0.3588863704538073,0.0190247009994828,0.6188400034685899,0.0032489250781199,3.9677485447758354
513,5,midRight,lowA,2.049985679656504,0,1,0,0,0.2512204593176651,0.313317290699638,0.4331880024280129,0.0022742475546839,2.106454410403191
514,5,downRight,lowB,1.8800387197564647,0,0,0,1,0.1758543215223655,0.2193221034897466,0.303231601699609,0.3015919732882787,1.9910820820324175
515,5,midRight,lowA,2.973189639592033,0,1,0,0,0.1230980250656559,0.4535254724428226,0.2122621211897263,0.2111143813017951,2.645003936352936
516,5,downLeft,lowC,2.830534302380296,0,0,1,0,0.0861686175459591,0.3174678307099758,0.4485834848328084,0.1477800669112565,2.9727749454233954
517,5,midLeft,high,2.3282562366972197,1,0,0,0,0.3603180322821713,0.2222274814969831,0.3140084393829658,0.1034460468378795,2.452552883815914
518,5,midRight,lowA,2.9360623803808004,0,1,0,0,0.2522226225975199,0.4555592370478881,0.2198059075680761,0.0724122327865157,3.0588937627620023
519,5,midLeft,high,3.039598005854368,1,0,0,0,0.4765558358182639,0.3188914659335217,0.1538641352976532,0.050688562950561,3.1469049974139796
520,5,midRight,lowA,3.5353139620611267,0,1,0,0,0.3335890850727847,0.5232240261534652,0.1077048947083572,0.0354819940653927,3.27062280629354
521,5,midRight,lowA,4.170799112098289,0,1,0,0,0.2335123595509493,0.6662568183074257,0.0753934262958501,0.0248373958457748,4.379060101786106
522,5,midLeft,high,3.194817580641584,1,0,0,0,0.4634586516856645,0.4663797728151979,0.052775398407095,0.0173861770920424,3.0877016888828495
523,5,midLeft,high,4.222010638701086,1,0,0,0,0.6244210561799652,0.3264658409706386,0.0369427788849665,0.0121703239644296,4.160576366090261
524,5,midLeft,high,4.886778075113725,1,0,0,0,0.7370947393259757,0.228526088679447,0.0258599452194765,0.0085192267751007,4.82705379662447
525,5,downLeft,lowC,2.2276158794142584,0,0,1,0,0.515966317528183,0.1599682620756129,0.3181019616536336,0.0059634587425705,2.019167471050519
526,5,downRight,lowB,2.017566007179414,0,0,0,1,0.3611764222697281,0.111977783452929,0.2226713731575435,0.3041744211197993,1.9901119972519905
527,5,midRight,lowA,2.543902477328948,0,1,0,0,0.2528234955888097,0.3783844484170503,0.1558699612102804,0.2129220947838595,2.471775769149546
528,5,downRight,lowB,2.971340844012779,0,0,0,1,0.1769764469121668,0.2648691138919352,0.1091089728471963,0.4490454663487017,3.0640640673546202
529,5,downLeft,lowC,2.503977341093804,0,0,1,0,0.1238835128385167,0.1854083797243546,0.3763762809930374,0.3143318264440912,2.534583858286309
530,5,midLeft,high,2.5153315308309563,1,0,0,0,0.3867184589869618,0.1297858658070482,0.2634633966951262,0.2200322785108638,2.6861249900072375
531,5,midLeft,high,3.721326325159593,1,0,0,0,0.5707029212908732,0.0908501060649338,0.1844243776865883,0.1540225949576046,3.8220631937665903
532,5,midLeft,high,4.636721174015634,1,0,0,0,0.6994920449036113,0.0635950742454536,0.1290970643806118,0.1078158164703232,4.598566680187992
533,5,midLeft,high,5.035319968635236,1,0,0,0,0.7896444314325279,0.0445165519718175,0.0903679450664282,0.0754710715292263,5.1684531623380385
534,5,midLeft,high,5.55427656225917,1,0,0,0,0.8527511020027696,0.0311615863802722,0.0632575615464998,0.0528297500704584,5.51899424107732
535,5,midLeft,high,5.670964252567574,1,0,0,0,0.8969257714019387,0.0218131104661906,0.0442802930825498,0.0369808250493208,5.732492278637977
536,5,downLeft,lowC,2.230478841941123,0,0,1,0,0.6278480399813571,0.0152691773263334,0.3309962051577849,0.0258865775345246,2.025261126843008
537,5,downRight,lowB,2.09280260634058,0,0,0,1,0.4394936279869499,0.0106884241284333,0.2316973436104494,0.3181206042741672,2.1705111159911334
538,5,downLeft,lowC,3.037412313666189,0,0,1,0,0.307645539590865,0.0074818968899033,0.4621881405273145,0.222684422991917,3.1905615901766926
539,5,downRight,lowB,3.05541375203996,0,0,0,1,0.2153518777136054,0.0052373278229323,0.3235316983691202,0.4558790960943419,2.7848439971033168
540,5,midLeft,high,3.0595515513671208,1,0,0,0,0.4507463143995238,0.0036661294760526,0.2264721888583841,0.3191153672660393,3.044112836339385
541,5,midRight,lowA,1.803686418399618,0,1,0,0,0.3155224200796667,0.3025662906332368,0.1585305322008689,0.2233807570862275,2.0839389380776083
542,5,midRight,lowA,3.1065790397825865,0,1,0,0,0.2208656940557666,0.5117964034432658,0.1109713725406082,0.1563665299603592,3.123067138805541
543,5,midLeft,high,2.998111712831273,1,0,0,0,0.4546059858390366,0.3582574824102861,0.0776799607784257,0.1094565709722514,3.088566086250152
544,5,midLeft,high,4.227125213188995,1,0,0,0,0.6182241900873257,0.2507802376872002,0.054375972544898,0.076619599680576,4.289434333976225
545,5,midLeft,high,4.898692455590705,1,0,0,0,0.732756933061128,0.1755461663810402,0.0380631807814286,0.0536337197764032,4.791858259031568
546,5,downLeft,lowC,2.377004148574802,0,0,1,0,0.5129298531427896,0.1228823164667281,0.326644226547,0.0375436038434822,2.327684829158971
547,5,midRight,lowA,2.4334697548232493,0,1,0,0,0.3590508971999527,0.3860176215267097,0.2286509585829,0.0262805226904375,2.59065184547246
548,5,downLeft,lowC,2.8088772097793844,0,0,1,0,0.2513356280399669,0.2702123350686968,0.46005567100803,0.0183963658833063,2.93294011664734
549,5,downRight,lowB,2.034044129652272,0,0,0,1,0.1759349396279768,0.1891486345480877,0.322038969705621,0.3128774561183144,1.9742225465975893
550,5,downRight,lowB,3.21991876436362,0,0,0,1,0.1231544577395838,0.1324040441836614,0.2254272787939347,0.5190142192828201,3.4682587038381594
551,5,midLeft,high,2.585951844035276,1,0,0,0,0.3862081204177087,0.092682830928563,0.1577990951557543,0.363309953497974,2.6786631523778306
552,5,downRight,lowB,3.7044479439736375,0,0,0,1,0.2703456842923961,0.0648779816499941,0.110459366609028,0.5543169674485818,3.6572918906238416
553,5,downRight,lowB,4.504751236780339,0,0,0,1,0.1892419790046772,0.0454145871549958,0.0773215566263196,0.6880218772140073,4.488386532203209
554,5,midLeft,high,2.8379431200128584,1,0,0,0,0.432469385303274,0.0317902110084971,0.0541250896384237,0.4816153140498051,2.672081031642388
555,5,downRight,lowB,4.276096746604151,0,0,0,1,0.3027285697122918,0.0222531477059479,0.0378875627468966,0.6371307198348636,4.172394090807139
556,5,midLeft,high,3.549697346927834,1,0,0,0,0.5119099987986042,0.0155772033941635,0.0265212939228276,0.4459915038844045,3.3807616236979743
557,5,midLeft,high,4.424158066235335,1,0,0,0,0.6583369991590229,0.0109040423759145,0.0185649057459793,0.3121940527190832,4.350070305463308
558,5,midRight,lowA,1.9201320396762835,0,1,0,0,0.460835899411316,0.3076328296631401,0.0129954340221855,0.2185358369033582,1.8978123803967037
559,5,downRight,lowB,2.9493513447067428,0,0,0,1,0.3225851295879212,0.2153429807641981,0.0090968038155298,0.4529750858323508,3.010432140072388
560,5,downRight,lowB,4.085342389788042,0,0,0,1,0.2258095907115448,0.1507400865349387,0.0063677626708709,0.6170825600826455,4.16370074444222
561,5,midLeft,high,2.9855581181856907,1,0,0,0,0.4580667134980813,0.105518060574457,0.0044574338696096,0.4319577920578519,3.0773601791277123
562,5,midLeft,high,4.070467006544864,1,0,0,0,0.6206466994486569,0.0738626424021199,0.0031202037087267,0.3023704544404964,3.931015731481776
563,5,midLeft,high,4.666638010677467,1,0,0,0,0.7344526896140599,0.0517038496814839,0.0021841425961087,0.2116593181083474,4.742179538082716
564,5,midLeft,high,5.394143009860443,1,0,0,0,0.814116882729842,0.0361926947770387,0.0015288998172761,0.1481615226758432,5.51452660263897
565,5,midLeft,high,5.608151133852199,1,0,0,0,0.8698818179108894,0.0253348863439271,0.0010702298720932,0.1037130658730902,5.650526999755272
566,5,midLeft,high,5.951564983744258,1,0,0,0,0.9089172725376226,0.017734420440749,0.0007491609104652,0.0725991461111632,5.909692347504668
567,5,midLeft,high,6.098199080974122,1,0,0,0,0.9362420907763358,0.0124140943085243,0.0005244126373257,0.0508194022778142,5.964960998380084
568,5,midLeft,high,6.2009924134275565,1,0,0,0,0.9553694635434352,0.008689866015967,0.0003670888461279,0.0355735815944699,6.195506860888972
569,5,midLeft,high,6.3381288266168685,1,0,0,0,0.9687586244804046,0.0060829062111769,0.0002569621922895,0.0249015071161289,6.402909031204493
570,5,midLeft,high,6.547810455928122,1,0,0,0,0.9781310371362832,0.0042580343478238,0.0001798735346027,0.0174310549812902,6.535745161833618
571,5,midRight,lowA,2.0618667032913702,0,1,0,0,0.6846917259953983,0.3029806240434767,0.0001259114742219,0.0122017384869032,1.962017947635608
572,5,midLeft,high,5.124562083128202,1,0,0,0,0.7792842081967788,0.2120864368304337,8.813803195533116e-05,0.0085412169408322,5.083640859142796
573,5,midLeft,high,5.433374503095092,1,0,0,0,0.8454989457377452,0.1484605057813036,6.169662236873181e-05,0.0059788518585825,5.565802023518509
574,5,downLeft,lowC,2.039986830666481,0,0,1,0,0.5918492620164216,0.1039223540469125,0.300043187635658,0.0041851963010077,1.935803467287348
575,5,downRight,lowB,2.0627455263223893,0,0,0,1,0.4142944834114951,0.0727456478328387,0.2100302313449606,0.3029296374107054,1.7805292049091008
576,5,midLeft,high,3.88502373635806,1,0,0,0,0.5900061383880466,0.0509219534829871,0.1470211619414724,0.2120507461874938,3.806053078142139
577,5,midLeft,high,4.736577263754831,1,0,0,0,0.7130042968716326,0.035645367438091,0.1029148133590307,0.1484355223312456,4.8130980217002675
578,5,midRight,lowA,1.993147996871531,0,1,0,0,0.4991030078101428,0.3249517572066637,0.0720403693513215,0.1039048656318719,2.0830292445503584
579,5,midLeft,high,4.282754879069191,1,0,0,0,0.6493721054671,0.2274662300446646,0.050428258545925,0.0727334059423104,4.338682772151674
580,5,midLeft,high,5.173375255491296,1,0,0,0,0.75456047382697,0.1592263610312652,0.0352997809821475,0.0509133841596172,4.926225740461927
581,5,downRight,lowB,2.2095393411198003,0,0,0,1,0.528192331678879,0.1114584527218856,0.0247098466875032,0.335639368911732,2.213202559805708
582,5,midRight,lowA,2.423343156352109,0,1,0,0,0.3697346321752153,0.3780209169053199,0.0172968926812523,0.2349475582382124,2.5490452142041304
583,5,midRight,lowA,3.623896027971163,0,1,0,0,0.2588142425226507,0.564614641833724,0.0121078248768766,0.1644632907667487,3.601198574097383
584,5,downLeft,lowC,2.151648308482518,0,0,1,0,0.1811699697658555,0.3952302492836068,0.3084754774138136,0.115124303536724,2.078912050946937
585,5,midLeft,high,2.838243370790108,1,0,0,0,0.4268189788360989,0.2766611744985248,0.2159328341896695,0.0805870124757068,2.7881418541324403
586,5,midLeft,high,3.948977254736428,1,0,0,0,0.5987732851852692,0.1936628221489673,0.1511529839327687,0.0564109087329948,3.994037296863355
587,5,midLeft,high,4.755966550088402,1,0,0,0,0.7191412996296884,0.1355639755042771,0.1058070887529381,0.0394876361130963,4.719891243678546
588,5,downRight,lowB,1.955876681223212,0,0,0,1,0.5033989097407819,0.094894782852994,0.0740649621270566,0.3276413452791674,2.129125481578336
589,5,midLeft,high,4.31160495885868,1,0,0,0,0.6523792368185474,0.0664263479970958,0.0518454734889396,0.2293489416954172,4.384156165904941
590,5,downLeft,lowC,2.1286203400194488,0,0,1,0,0.4566654657729831,0.046498443597967,0.3362918314422577,0.160544259186792,2.308217854993181
591,5,midLeft,high,4.197121551805275,1,0,0,0,0.6196658260410882,0.0325489105185769,0.2354042820095804,0.1123809814307544,3.9437642418662233
592,5,midLeft,high,4.801919571986865,1,0,0,0,0.7337660782287617,0.0227842373630038,0.1647829974067063,0.0786666870015281,4.829350954089992
593,5,midLeft,high,5.185513399713111,1,0,0,0,0.8136362547601332,0.0159489661541027,0.1153480981846944,0.0550666809010696,5.36801305935013
594,5,downLeft,lowC,2.4359138744065576,0,0,1,0,0.5695453783320933,0.0111642763078718,0.3807436687292861,0.0385466766307487,2.408877873828322
595,5,midRight,lowA,2.007198058534068,0,1,0,0,0.3986817648324653,0.3078149934155103,0.2665205681105003,0.0269826736415241,1.891666281111043
596,5,downRight,lowB,2.242771835163932,0,0,0,1,0.2790772353827257,0.2154704953908572,0.1865643976773502,0.3188878715490668,2.0896649886655005
597,5,downLeft,lowC,2.858613570886232,0,0,1,0,0.195354064767908,0.1508293467736,0.4305950783741451,0.2232215100843468,2.8740795932775427
598,5,midLeft,high,2.830820884494243,1,0,0,0,0.4367478453375356,0.10558054274152,0.3014165548619015,0.1562550570590427,2.863317428093021
599,5,midLeft,high,3.882343737672685,1,0,0,0,0.6057234917362749,0.073906379919064,0.2109915884033311,0.1093785399413299,3.9181444345078202
600,6,midRight,high,2.2957389045383167,0,1,0,0,0.4240064442153924,0.3517344659433448,0.1476941118823317,0.0765649779589309,2.3237542427452076
601,6,midLeft,lowB,3.978772595377456,1,0,0,0,0.5968045109507747,0.2462141261603413,0.1033858783176322,0.0535954845712516,3.9838516062974287
602,6,midRight,high,3.0091906605036383,0,1,0,0,0.4177631576655423,0.4723498883122389,0.0723701148223425,0.0375168391998761,3.1183344730972538
603,6,midRight,high,4.133168916236842,0,1,0,0,0.2924342103658796,0.6306449218185672,0.0506590803756398,0.0262617874399133,4.105046359386016
604,6,downLeft,lowC,2.167092640336,0,0,1,0,0.2047039472561157,0.441451445272997,0.3354613562629479,0.0183832512079393,2.208263632469711
605,6,midRight,high,4.1786741139599295,0,1,0,0,0.143292763079281,0.609016011691098,0.2348229493840635,0.0128682758455575,3.8163972254948426
606,6,midRight,high,4.77352971828602,0,1,0,0,0.1003049341554967,0.7263112081837686,0.1643760645688444,0.0090077930918902,4.735170791388564
607,6,midRight,high,5.361655613089956,0,1,0,0,0.0702134539088477,0.8084178457286381,0.1150632451981911,0.0063054551643231,5.19287113212779
608,6,downRight,lowA,1.9188144498568909,0,0,0,1,0.0491494177361933,0.5658924920100467,0.0805442716387337,0.3044138186150262,1.9192938362806107
609,6,midRight,high,4.500628038718146,0,1,0,0,0.0344045924153353,0.6961247444070326,0.0563809901471136,0.2130896730305183,4.4870294264052
610,6,midRight,high,5.228725440474907,0,1,0,0,0.0240832146907347,0.7872873210849228,0.0394666931029795,0.1491627711213628,5.136045470486545
611,6,midRight,high,5.687218113903214,0,1,0,0,0.0168582502835143,0.851101124759446,0.0276266851720856,0.1044139397849539,5.560209531822409
612,6,downRight,lowA,2.5088571673797726,0,0,0,1,0.01180077519846,0.5957707873316123,0.0193386796204599,0.3730897578494678,2.5723003443113486
613,6,midRight,high,4.609172130916635,0,1,0,0,0.008260542638922,0.7170395511321286,0.0135370757343219,0.2611628304946274,4.769677088320536
614,6,midRight,high,5.217996398158065,0,1,0,0,0.0057823798472454,0.80192768579249,0.0094759530140253,0.1828139813462392,4.986865863609923
615,6,midLeft,lowB,1.910526114929714,1,0,0,0,0.3040476658930718,0.561349380054743,0.0066331671098177,0.1279697869423674,2.033625327570401
616,6,midRight,high,4.634203600801171,0,1,0,0,0.2128333661251502,0.6929445660383201,0.0046432169768724,0.0895788508596572,4.528105979696341
617,6,midRight,high,5.349928044978599,0,1,0,0,0.1489833562876051,0.7850611962268241,0.0032502518838107,0.06270519560176,5.086292355799474
618,6,midRight,high,5.50753828326624,0,1,0,0,0.1042883494013236,0.8495428373587769,0.0022751763186674,0.043893636921232,5.471197490098679
619,6,midLeft,lowB,2.588087183008431,1,0,0,0,0.3730018445809265,0.5946799861511438,0.0015926234230672,0.0307255458448624,2.4755958234710107
620,6,downRight,lowA,1.998828160824116,0,0,0,1,0.2611012912066486,0.4162759903058006,0.001114836396147,0.3215078820914037,2.2093059373346806
621,6,midRight,high,3.615776437746835,0,1,0,0,0.182770903844654,0.5913931932140605,0.0007803854773029,0.2250555174639825,3.826266119120704
622,6,downLeft,lowC,1.9776633645160124,0,0,1,0,0.1279396326912578,0.4139752352498423,0.3005462698341121,0.1575388622247878,2.0693164028260274
623,6,midRight,high,3.775739576131915,0,1,0,0,0.0895577428838804,0.5897826646748896,0.2103823888838784,0.1102772035573514,3.892821441170679
624,6,midRight,high,4.8144168629292565,0,1,0,0,0.0626904200187163,0.7128478652724227,0.1472676722187149,0.077194042490146,4.495977562706705
625,6,midLeft,lowB,2.233242015107058,1,0,0,0,0.3438832940131014,0.4989935056906959,0.1030873705531004,0.0540358297431022,2.354380429980927
626,6,midRight,high,4.156681591187378,0,1,0,0,0.2407183058091709,0.6492954539834871,0.0721611593871703,0.0378250808201715,4.2463224899074685
627,6,midRight,high,4.918009030176435,0,1,0,0,0.1685028140664197,0.754506817788441,0.0505128115710192,0.02647755657412,5.003275939730679
628,6,midLeft,lowB,2.7631425580968774,1,0,0,0,0.4179519698464937,0.5281547724519087,0.0353589680997134,0.018534289601884,2.6517263237477526
629,6,downLeft,lowC,2.250525694302041,0,0,1,0,0.2925663788925456,0.369708340716336,0.3247512776697994,0.0129740027213188,2.1437274275593303
630,6,midLeft,lowB,3.1985992793260283,1,0,0,0,0.5047964652247819,0.2587958385014353,0.2273258943688595,0.0090818019049231,3.290110902079551
631,6,midLeft,lowB,4.286179633738535,1,0,0,0,0.6533575256573474,0.1811570869510047,0.1591281260582017,0.0063572613334462,4.400238804503622
632,6,midLeft,lowB,4.916447433334628,1,0,0,0,0.7573502679601432,0.1268099608657033,0.1113896882407411,0.0044500829334123,5.187108303006672
633,6,downRight,lowA,1.9301245752736784,0,0,0,1,0.5301451875721002,0.0887669726059923,0.0779727817685188,0.3031150580533887,1.9788735534503008
634,6,downLeft,lowC,2.355009267912876,0,0,1,0,0.3711016313004701,0.0621368808241946,0.3545809472379632,0.212180540637372,2.262520713331263
635,6,midRight,high,2.2559901715008253,0,1,0,0,0.2597711419103291,0.3434958165769362,0.2482066630665742,0.1485263784461604,2.2720844381027474
636,6,downLeft,lowC,3.0494682768109467,0,0,1,0,0.1818397993372303,0.2404470716038553,0.473744664146602,0.1039684649123123,2.956480763296417
637,6,midRight,high,3.0481333941145787,0,1,0,0,0.1272878595360612,0.4683129501226987,0.3316212649026214,0.0727779254386186,3.057238754319214
638,6,midRight,high,4.14803536743598,0,1,0,0,0.0891015016752428,0.627819065085889,0.2321348854318349,0.050944547807033,4.26354648120181
639,6,downRight,lowA,2.069689345385161,0,0,0,1,0.06237105117267,0.4394733455601223,0.1624944198022844,0.3356611834649231,2.343668606413726
640,6,midRight,high,4.1957409106739405,0,1,0,0,0.043659735820869,0.6076313418920856,0.1137460938615991,0.2349628284254462,4.065244565749929
641,6,midRight,high,4.760042005751119,0,1,0,0,0.0305618150746083,0.7253419393244599,0.0796222657031194,0.1644739798978123,4.9382512522447755
642,6,midRight,high,5.594193857257897,0,1,0,0,0.0213932705522258,0.8077393575271219,0.0557355859921835,0.1151317859284686,5.413777958324528
643,6,midRight,high,5.702776058585757,0,1,0,0,0.014975289386558,0.8654175502689854,0.0390149101945285,0.080592250149928,5.670835871376506
644,6,downLeft,lowC,2.324280381677961,0,0,1,0,0.0104827025705906,0.6057922851882898,0.32731043713617,0.0564145751049496,2.2773104603982905
645,6,downRight,lowA,2.273603997311102,0,0,0,1,0.0073378917994134,0.4240545996318028,0.229117305995319,0.3394902025734647,2.2073200111537914
646,6,downLeft,lowC,2.980147147086901,0,0,1,0,0.0051365242595894,0.296838219742262,0.4603821141967232,0.2376431418014253,3.1122378932629737
647,6,midRight,high,3.4575948310720244,0,1,0,0,0.0035955669817125,0.5077867538195834,0.3222674799377063,0.1663501992609977,3.2430244958103702
648,6,downRight,lowA,2.714488758959208,0,0,0,1,0.0025168968871988,0.3554507276737083,0.2255872359563944,0.4164451394826984,2.8795959522011545
649,6,downRight,lowA,3.8288145723500016,0,0,0,1,0.0017618278210391,0.2488155093715958,0.1579110651694761,0.5915115976378889,3.8383697020959984
650,6,midRight,high,3.1165151141802165,0,1,0,0,0.0012332794747274,0.4741708565601171,0.1105377456186332,0.4140581183465222,2.992484089992888
651,6,downRight,lowA,3.754993106119645,0,0,0,1,0.0008632956323091,0.3319195995920819,0.0773764219330433,0.5898406828425655,3.860362935253516
652,6,midRight,high,3.5171775298213186,0,1,0,0,0.0006043069426164,0.5323437197144574,0.0541634953531303,0.4128884779897959,3.4851777356227083
653,6,midRight,high,4.364407263533662,0,1,0,0,0.0004230148598315,0.6726406038001201,0.0379144467471912,0.2890219345928571,4.288518716104204
654,6,midRight,high,5.083538001106058,0,1,0,0,0.000296110401882,0.7708484226600841,0.0265401127230338,0.202315354215,4.917556541007323
655,6,downLeft,lowC,2.091460644376621,0,0,1,0,0.0002072772813174,0.539593895862059,0.3185780789061237,0.1416207479505,2.1811549771517935
656,6,downRight,lowA,2.499875568809047,0,0,0,1,0.0001450940969222,0.3777157271034412,0.2230046552342866,0.3991345235653499,2.5686131004096575
657,6,midRight,high,3.573607916265396,0,1,0,0,0.0001015658678455,0.5644010089724089,0.1561032586640006,0.279394166495745,3.912808259129161
658,6,midLeft,lowB,1.87530818602234,1,0,0,0,0.3000710961074918,0.3950807062806862,0.1092722810648004,0.1955759165470215,2.2135315567631797
659,6,downLeft,lowC,2.5727252091292425,0,0,1,0,0.2100497672752442,0.2765564943964803,0.3764905967453603,0.136903141582915,2.492752894183192
660,6,midRight,high,3.5253725360490584,0,1,0,0,0.147034837092671,0.4935895460775362,0.2635434177217522,0.0958321991080405,3.159720020049645
661,6,downRight,lowA,2.408034560228422,0,0,0,1,0.1029243859648697,0.3455126822542753,0.1844803924052265,0.3670825393756283,2.5282726128569193
662,6,midLeft,lowB,2.572455556119952,1,0,0,0,0.3720470701754088,0.2418588775779927,0.1291362746836586,0.2569577775629398,2.392662214536382
663,6,midRight,high,3.143779627336559,0,1,0,0,0.2604329491227862,0.4693012143045949,0.090395392278561,0.1798704442940579,3.080443556517406
664,6,midRight,high,4.023270683065071,0,1,0,0,0.1823030643859503,0.6285108500132164,0.0632767745949927,0.1259093110058405,4.125656649511522
665,6,downLeft,lowC,2.231979022575703,0,0,1,0,0.1276121450701652,0.4399575950092514,0.3442937422164949,0.0881365177040883,2.1344910327332145
666,6,downRight,lowA,2.217628509217108,0,0,0,1,0.0893285015491156,0.307970316506476,0.2410056195515464,0.3616955623928618,2.36661940215151
667,6,downRight,lowA,3.845985776770191,0,0,0,1,0.0625299510843809,0.2155792215545331,0.1687039336860825,0.5531868936750033,3.753370130931128
668,6,midLeft,lowB,2.2684611560866315,1,0,0,0,0.3437709657590667,0.1509054550881732,0.1180927535802577,0.3872308255725023,2.2441699895342935
669,6,downRight,lowA,3.538449543473082,0,0,0,1,0.2406396760313466,0.1056338185617212,0.0826649275061804,0.5710615779007516,3.6297459111195054
670,6,downLeft,lowC,2.5303155938225395,0,0,1,0,0.1684477732219426,0.0739436729932048,0.3578654492543263,0.3997431045305261,2.4911255605611595
671,6,downLeft,lowC,3.696439211049941,0,0,1,0,0.1179134412553598,0.0517605710952434,0.5505058144780284,0.2798201731713683,3.482519141612231
672,6,downLeft,lowC,4.317237065105028,0,0,1,0,0.0825394088787519,0.0362323997666703,0.6853540701346199,0.1958741212199578,4.62171077279271
673,6,midRight,high,2.059016781722548,0,1,0,0,0.0577775862151263,0.3253626798366692,0.4797478490942339,0.1371118848539705,2.182321313286539
674,6,midRight,high,3.45741482582348,0,1,0,0,0.0404443103505884,0.5277538758856685,0.3358234943659638,0.0959783193977793,3.362044048279183
675,6,midRight,high,4.274723205872469,0,1,0,0,0.0283110172454119,0.669427713119968,0.2350764460561746,0.0671848235784455,4.388484827050889
676,6,downLeft,lowC,3.1727379725115044,0,0,1,0,0.0198177120717883,0.4685993991839776,0.4645535122393222,0.0470293765049118,3.286993283904422
677,6,midRight,high,4.103790348574,0,1,0,0,0.0138723984502518,0.6280195794287843,0.3251874585675255,0.0329205635534383,4.080239788057092
678,6,midRight,high,4.854896572705541,0,1,0,0,0.0097106789151762,0.739613705600149,0.2276312209972679,0.0230443944874068,4.803680174844301
679,6,midRight,high,5.543116535334786,0,1,0,0,0.0067974752406233,0.8177295939201044,0.1593418546980875,0.0161310761411847,5.134242266848197
680,6,midRight,high,5.643527567652867,0,1,0,0,0.0047582326684363,0.872410715744073,0.1115392982886612,0.0112917532988293,5.7144637702203696
681,6,midRight,high,5.974672973404215,0,1,0,0,0.0033307628679054,0.9106875010208512,0.0780775088020628,0.0079042273091805,6.14284799346282
682,6,downLeft,lowC,2.291437515728806,0,0,1,0,0.0023315340075338,0.6374812507145958,0.354654256161444,0.0055329591164263,2.3608143832421664
683,6,midRight,high,4.91312303474208,0,1,0,0,0.0016320738052736,0.7462368755002171,0.2482579793130108,0.0038730713814984,4.744053117675846
684,6,downLeft,lowC,2.992836380004716,0,0,1,0,0.0011424516636915,0.522365812850152,0.4737805855191075,0.0027111499670489,3.1830081840289313
685,6,midRight,high,4.369165909222118,0,1,0,0,0.0007997161645841,0.6656560689951064,0.3316464098633752,0.0018978049769342,4.356706288936566
686,6,midLeft,lowB,1.8104900097705927,1,0,0,0,0.3005598013152089,0.4659592482965745,0.2321524869043627,0.0013284634838539,1.8678351687637649
687,6,midLeft,lowB,3.430950546714898,1,0,0,0,0.5103918609206461,0.3261714738076021,0.1625067408330539,0.0009299244386977,3.6061497106151674
688,6,midLeft,lowB,4.066709244980375,1,0,0,0,0.6572743026444523,0.2283200316653215,0.1137547185831377,0.0006509471070884,4.436856345008015
689,6,midRight,high,2.935554068422329,0,1,0,0,0.4600920118511166,0.459824022165725,0.0796283030081964,0.0004556629749619,2.9286783027333017
690,6,midRight,high,4.103362029985881,0,1,0,0,0.3220644082957816,0.6218768155160075,0.0557398121057374,0.0003189640824733,4.276929208704798
691,6,downRight,lowA,1.972624392843718,0,0,0,1,0.2254450858070471,0.4353137708612052,0.0390178684740162,0.3002232748577313,1.9014626043564689
692,6,midRight,high,3.893618483441807,0,1,0,0,0.157811560064933,0.6047196396028437,0.0273125079318113,0.2101562924004119,4.086715921563843
693,6,downRight,lowA,2.8655391596821174,0,0,0,1,0.1104680920454531,0.4233037477219906,0.0191187555522679,0.4471094046802883,2.87146474639405
694,6,midLeft,lowB,2.3605255290676213,1,0,0,0,0.3773276644318171,0.2963126234053934,0.0133831288865875,0.3129765832762018,2.4601811566250453
695,6,midRight,high,3.5465263453664058,0,1,0,0,0.264129365102272,0.5074188363837754,0.0093681902206113,0.2190836082933413,3.3176159560197025
696,6,midRight,high,4.368765105849639,0,1,0,0,0.1848905555715904,0.6551931854686428,0.0065577331544279,0.1533585258053389,4.389230496019922
697,6,midLeft,lowB,2.977255504539019,1,0,0,0,0.4294233889001133,0.4586352298280499,0.0045904132080995,0.1073509680637372,2.78669888220188
698,6,midRight,high,4.147453946624983,0,1,0,0,0.3005963722300793,0.621044660879635,0.0032132892456696,0.075145677644616,3.8921538856460294
699,6,midRight,high,4.900357017418111,0,1,0,0,0.2104174605610555,0.7347312626157445,0.0022493024719687,0.0526019743512312,4.831327828506219
700,7,downLeft,lowA,1.915782974391793,0,0,1,0,0.1472922223927388,0.5143118838310212,0.3015745117303781,0.0368213820458618,2.0101319515460156
701,7,midLeft,lowB,2.4012790249466085,1,0,0,0,0.4031045556749172,0.3600183186817148,0.2111021582112647,0.0257749674321033,2.7104563458445874
702,7,downRight,high,2.1615041980687417,0,0,0,1,0.282173188972442,0.2520128230772004,0.1477715107478853,0.3180424772024723,2.296801484824459
703,7,midLeft,lowB,3.243764087685093,1,0,0,0,0.4975212322807094,0.1764089761540402,0.1034400575235197,0.2226297340417306,3.212040759248769
704,7,downRight,high,2.9047240670549206,0,0,0,1,0.3482648625964966,0.1234862833078282,0.0724080402664638,0.4558408138292114,2.9141936967224717
705,7,midLeft,lowB,3.569553172618748,1,0,0,0,0.5437854038175476,0.0864403983154797,0.0506856281865246,0.319088569680448,3.504229144487698
706,7,midLeft,lowB,4.330926120898737,1,0,0,0,0.6806497826722833,0.0605082788208358,0.0354799397305672,0.2233619987763136,4.462015063860426
707,7,downRight,high,3.0405495388542363,0,0,0,1,0.4764548478705983,0.042355795174585,0.024835957811397,0.4563533991434195,3.0024092768333963
708,7,downRight,high,3.89122671226462,0,0,0,1,0.3335183935094188,0.0296490566222095,0.0173851704679779,0.6194473794003936,4.065351472095101
709,7,midRight,lowC,2.1515643828272504,0,1,0,0,0.2334628754565931,0.3207543396355467,0.0121696193275845,0.4336131655802755,2.1853515061347535
710,7,midLeft,lowB,3.066632059648732,1,0,0,0,0.4634240128196152,0.2245280377448827,0.0085187335293092,0.3035292159061928,3.0702223180450154
711,7,downRight,high,3.4093634928846592,0,0,0,1,0.3243968089737307,0.1571696264214179,0.0059631134705164,0.512470451134335,3.3966394026229163
712,7,downRight,high,4.316018436033132,0,0,0,1,0.2270777662816114,0.1100187384949925,0.0041741794293615,0.6587293157940345,4.220423212820146
713,7,downRight,high,5.032738364636456,0,0,0,1,0.158954436397128,0.0770131169464947,0.002921925600553,0.7611105210558241,5.0215434536731545
714,7,downRight,high,5.524798674425485,0,0,0,1,0.1112681054779896,0.0539091818625463,0.0020453479203871,0.8327773647390768,5.406301637672178
715,7,downLeft,lowA,1.8891629295599464,0,0,1,0,0.0778876738345927,0.0377364273037824,0.301431743544271,0.5829441553173538,1.997306710845224
716,7,midRight,lowC,2.0213394349147347,0,1,0,0,0.0545213716842149,0.3264154991126477,0.2110022204809897,0.4080609087221476,2.1217651766172443
717,7,downRight,high,3.670034243436649,0,0,0,1,0.0381649601789504,0.2284908493788534,0.1477015543366928,0.5856426361055034,3.982455709173942
718,7,downLeft,lowA,2.6442648176554915,0,0,1,0,0.0267154721252653,0.1599435945651973,0.4033910880356849,0.4099498452738523,2.510137391190008
719,7,midRight,lowC,2.574824512788572,0,1,0,0,0.0187008304876857,0.4119605161956381,0.2823737616249794,0.2869648916916966,2.7655743014053873
720,7,downRight,high,3.179763127811659,0,0,0,1,0.01309058134138,0.2883723613369466,0.1976616331374856,0.5008754241841876,3.4029136489461838
721,7,downLeft,lowA,2.7463322349520136,0,0,1,0,0.009163406938966,0.2018606529358626,0.4383631431962399,0.3506127969289313,2.6632941533514987
722,7,downRight,high,3.633280673678105,0,0,0,1,0.0064143848572762,0.1413024570551038,0.306854200237368,0.5454289578502519,3.7858007260500206
723,7,midRight,lowC,2.254921845743209,0,1,0,0,0.0044900694000933,0.3989117199385727,0.2147979401661576,0.3818002704951763,2.65632728322414
724,7,downRight,high,3.75018779829554,0,0,0,1,0.0031430485800653,0.2792382039570009,0.1503585581163103,0.5672601893466234,3.5828596789843905
725,7,midRight,lowC,3.166791928080999,0,1,0,0,0.0022001340060457,0.4954667427699006,0.1052509906814172,0.3970821325426363,3.203797757996942
726,7,downLeft,lowA,2.409191385368901,0,0,1,0,0.001540093804232,0.3468267199389304,0.3736756934769921,0.2779574927798454,2.5113340412693783
727,7,downRight,high,3.181957524124306,0,0,0,1,0.0010780656629624,0.2427787039572513,0.2615729854338944,0.4945702449458918,3.2909616321175936
728,7,midLeft,lowB,1.9370391936120817,1,0,0,0,0.3007546459640737,0.1699450927700759,0.1831010898037261,0.3461991714621243,1.958444084249925
729,7,downRight,high,3.5987996178920003,0,0,0,1,0.2105282521748516,0.1189615649390531,0.1281707628626083,0.542339420023487,3.5162023528985404
730,7,downRight,high,4.31545982471217,0,0,0,1,0.1473697765223961,0.0832730954573371,0.0897195340038258,0.6796375940164409,4.618729386659794
731,7,downRight,high,5.101159338497769,0,0,0,1,0.1031588435656773,0.058291166820136,0.062803673802678,0.7757463158115085,5.036810879424192
732,7,downRight,high,5.463355179639542,0,0,0,1,0.0722111904959741,0.0408038167740952,0.0439625716618746,0.843022421068056,5.394995654916965
733,7,downRight,high,5.83163513073872,0,0,0,1,0.0505478333471818,0.0285626717418666,0.0307738001633122,0.8901156947476392,5.842257739156603
734,7,downRight,high,5.961726313792695,0,0,0,1,0.0353834833430273,0.0199938702193066,0.0215416601143185,0.9230809863233476,5.9507301046274135
735,7,midLeft,lowB,2.092360475696005,1,0,0,0,0.3247684383401191,0.0139957091535146,0.015079162080023,0.6461566904263432,2.3117636261599563
736,7,downRight,high,5.005990051972471,0,0,0,1,0.2273379068380833,0.0097969964074602,0.0105554134560161,0.7523096832984402,5.1058682797586314
737,7,downRight,high,5.246072413790647,0,0,0,1,0.1591365347866583,0.0068578974852221,0.0073887894192112,0.8266167783089081,5.389098728510579
738,7,downLeft,lowA,2.0846276232052454,0,0,1,0,0.1113955743506608,0.0048005282396555,0.3051721525934479,0.5786317448162357,1.8743942740486843
739,7,downLeft,lowA,3.558034118278421,0,0,1,0,0.0779769020454625,0.0033603697677588,0.5136205068154135,0.405042221371365,3.5421103979343758
740,7,downRight,high,3.7483208837954174,0,0,0,1,0.0545838314318238,0.0023522588374312,0.3595343547707894,0.5835295549599555,3.949852732351837
741,7,downRight,high,4.540715896305836,0,0,0,1,0.0382086820022766,0.0016465811862018,0.2516740483395526,0.7084706884719688,4.654315476965462
742,7,downRight,high,5.185454116898694,0,0,0,1,0.0267460774015936,0.0011526068303412,0.1761718338376868,0.7959294819303782,5.194808551491169
743,7,midLeft,lowB,2.2770470282887016,1,0,0,0,0.3187222541811156,0.0008068247812389,0.1233202836863807,0.5571506373512647,2.035879760725085
744,7,downRight,high,4.376204131501873,0,0,0,1,0.2231055779267809,0.0005647773468672,0.0863241985804665,0.6900054461458853,4.664220619788102
745,7,downRight,high,5.010116789010184,0,0,0,1,0.1561739045487466,0.000395344142807,0.0604269390063265,0.7830038123021197,5.061921468192685
746,7,midRight,lowC,1.9270538826235528,0,1,0,0,0.1093217331841226,0.3002767408999649,0.0422988573044286,0.5481026686114838,2.0217189349900817
747,7,downRight,high,4.353738166803811,0,0,0,1,0.0765252132288858,0.2101937186299754,0.0296092001131,0.6836718680280387,4.439552553021494
748,7,downLeft,lowA,2.080407134281089,0,0,1,0,0.05356764926022,0.1471356030409828,0.32072644007917,0.4785703076196271,2.221063007738413
749,7,downRight,high,4.200925377212247,0,0,0,1,0.037497354482154,0.1029949221286879,0.224508508055419,0.6349992153337389,4.179811982417476
750,7,downRight,high,4.732127118140625,0,0,0,1,0.0262481481375078,0.0720964454900815,0.1571559556387933,0.7444994507336172,4.794993282538827
751,7,downLeft,lowA,2.6870528906698303,0,0,1,0,0.0183737036962554,0.0504675118430571,0.4100091689471553,0.521149615513532,2.4998739796521217
752,7,downLeft,lowA,3.9018191552495214,0,0,1,0,0.0128615925873788,0.0353272582901399,0.5870064182630087,0.3648047308594724,3.9150252659247835
753,7,downRight,high,3.795031257838178,0,0,0,1,0.0090031148111651,0.0247290808030979,0.4109044927841061,0.5553633116016307,3.590899185592321
754,7,midRight,lowC,2.152379422140738,0,1,0,0,0.0063021803678156,0.3173103565621686,0.2876331449488742,0.3887543181211415,2.1821409799892595
755,7,midLeft,lowB,1.9408266842963773,1,0,0,0,0.304411526257471,0.222117249593518,0.2013432014642119,0.272128022684799,2.0594760238878242
756,7,downLeft,lowA,3.0324171440618133,0,0,1,0,0.2130880683802297,0.1554820747154626,0.4409402410249483,0.1904896158793593,3.0970734295328723
757,7,downRight,high,2.908284166159503,0,0,0,1,0.1491616478661608,0.1088374523008238,0.3086581687174639,0.4333427311155515,2.9543819863557066
758,7,downRight,high,3.956490033686093,0,0,0,1,0.1044131535063125,0.0761862166105766,0.2160607181022247,0.603339911780886,3.9277858921086732
759,7,downRight,high,4.71778806756665,0,0,0,1,0.0730892074544188,0.0533303516274036,0.1512425026715573,0.7223379382466202,4.729247276159619
760,7,midLeft,lowB,2.2225066135352414,1,0,0,0,0.3511624452180931,0.0373312461391825,0.1058697518700901,0.5056365567726342,2.2099468963143787
761,7,downRight,high,4.3037887233361865,0,0,0,1,0.2458137116526652,0.0261318722974277,0.0741088263090631,0.6539455897408439,4.26915279069552
762,7,midRight,lowC,2.216164235024357,0,1,0,0,0.1720695981568656,0.3182923106081994,0.0518761784163441,0.4577619128185908,2.1364445150391846
763,7,midLeft,lowB,2.871787413414667,1,0,0,0,0.4204487187098059,0.2228046174257396,0.0363133248914409,0.3204333389730135,2.7255837103708127
764,7,midLeft,lowB,3.984115038190122,1,0,0,0,0.5943141030968642,0.1559632321980177,0.0254193274240086,0.2243033372811095,3.888913131559044
765,7,downRight,high,2.958893993634155,0,0,0,1,0.4160198721678049,0.1091742625386124,0.017793529196806,0.4570123360967766,3.0692544058320133
766,7,downRight,high,4.124517463108809,0,0,0,1,0.2912139105174634,0.0764219837770286,0.0124554704377642,0.6199086352677436,3.936112823363771
767,7,downRight,high,4.846179231775261,0,0,0,1,0.2038497373622244,0.05349538864392,0.0087188293064349,0.7339360446874206,4.852953765507804
768,7,midLeft,lowB,3.1098555013782034,1,0,0,0,0.4426948161535571,0.037446772050744,0.0061031805145044,0.5137552312811944,2.8661039346641846
769,7,midRight,lowC,2.103836288999052,0,1,0,0,0.3098863713074899,0.3262127404355208,0.0042722263601531,0.359628661896836,2.220198998217494
770,7,midRight,lowC,3.53667560025346,0,1,0,0,0.216920459915243,0.5283489183048646,0.0029905584521071,0.2517400633277852,3.3877827119804884
771,7,midRight,lowC,4.350684827446994,0,1,0,0,0.1518443219406701,0.6698442428134053,0.002093390916475,0.1762180443294496,4.3320621504074
772,7,downRight,high,2.92529446673274,0,0,0,1,0.106291025358469,0.4688909699693837,0.0014653736415325,0.4233526310306147,2.841779617829635
773,7,downRight,high,3.86585062624357,0,0,0,1,0.0744037177509283,0.3282236789785686,0.0010257615490727,0.5963468417214304,3.819659078710208
774,7,downRight,high,4.823748589393246,0,0,0,1,0.0520826024256498,0.229756575284998,0.0007180330843509,0.7174427892050013,4.623096588671782
775,7,downRight,high,5.26931937188204,0,0,0,1,0.0364578216979549,0.1608296026994986,0.0005026231590456,0.8022099524435009,5.262291629662996
776,7,midLeft,lowB,2.199195839066506,1,0,0,0,0.3255204751885684,0.112580721889649,0.0003518362113319,0.5615469667104507,2.125131755605829
777,7,midRight,lowC,2.636978175363932,0,1,0,0,0.2278643326319979,0.3788065053227543,0.0002462853479323,0.3930828766973154,2.5371700732957736
778,7,downRight,high,3.8265100395442144,0,0,0,1,0.1595050328423985,0.265164553725928,0.0001723997435526,0.5751580136881208,3.616220246608194
779,7,downRight,high,4.601234838997431,0,0,0,1,0.1116535229896789,0.1856151876081496,0.0001206798204868,0.7026106095816845,4.775055960186704
780,7,downLeft,lowA,2.114140262373537,0,0,1,0,0.0781574660927753,0.1299306313257047,0.3000844758743408,0.4918274267071791,2.004484833034204
781,7,midRight,lowC,2.665263855455562,0,1,0,0,0.0547102262649427,0.3909514419279933,0.2100591331120385,0.3442791986950254,2.688647895720398
782,7,downRight,high,3.606826813587409,0,0,0,1,0.0382971583854599,0.2736660093495953,0.147041393178427,0.5409954390865178,3.561452326383733
783,7,downRight,high,4.4112213662187045,0,0,0,1,0.0268080108698219,0.1915662065447167,0.1029289752248988,0.6786968073605625,4.524966281681061
784,7,downRight,high,5.001718021319314,0,0,0,1,0.0187656076088753,0.1340963445813017,0.0720502826574292,0.7750877651523937,5.083996875250745
785,7,downRight,high,5.526481558273708,0,0,0,1,0.0131359253262127,0.0938674412069112,0.0504351978602004,0.8425614356066756,5.544147760072298
786,7,midLeft,lowB,2.212916495387847,1,0,0,0,0.3091951477283489,0.0657072088448378,0.0353046385021403,0.5897930049246729,2.107176961697771
787,7,downLeft,lowA,2.2177086570959768,0,0,1,0,0.2164366034098442,0.0459950461913864,0.3247132469514982,0.412855103447271,2.335370805540247
788,7,downRight,high,3.8543735514010944,0,0,0,1,0.1515056223868909,0.0321965323339705,0.2272992728660487,0.5889985724130897,3.797446140291954
789,7,midRight,lowC,2.244584228447418,0,1,0,0,0.1060539356708236,0.3225375726337793,0.1591094910062341,0.4122990006891628,2.1032197089590006
790,7,midLeft,lowB,2.556466836773103,1,0,0,0,0.3742377549695765,0.2257763008436455,0.1113766437043638,0.2886093004824139,2.4029786899520063
791,7,downLeft,lowA,2.398414477371539,0,0,1,0,0.2619664284787036,0.1580434105905518,0.3779636505930547,0.2020265103376897,2.6100164756529702
792,7,downRight,high,2.919818116091593,0,0,0,1,0.1833764999350925,0.1106303874133863,0.2645745554151383,0.4414185572363828,2.7564742755141944
793,7,downLeft,lowA,3.168950221952288,0,0,1,0,0.1283635499545647,0.0774412711893704,0.4852021887905968,0.308992990065468,3.102687115896634
794,7,downLeft,lowA,4.161533009865657,0,0,1,0,0.0898544849681953,0.0542088898325592,0.6396415321534178,0.2162950930458276,4.192079807846931
795,7,downRight,high,2.862046469773297,0,0,0,1,0.0628981394777367,0.0379462228827915,0.4477490725073925,0.4514065651320793,2.9185002701240887
796,7,midRight,lowC,2.048952188924477,0,1,0,0,0.0440286976344157,0.326562356017954,0.3134243507551747,0.3159845955924555,2.2311570058443175
797,7,downRight,high,3.57267140504333,0,0,0,1,0.030820088344091,0.2285936492125678,0.2193970455286223,0.5211892169147189,3.526132049836118
798,7,midRight,lowC,3.07446184919428,0,1,0,0,0.0215740618408637,0.4600155544487975,0.1535779318700356,0.3648324518403032,2.9933181618898264
799,7,downRight,high,3.607064373544712,0,0,0,1,0.0151018432886045,0.3220108881141582,0.1075045523090249,0.5553827162882122,3.6888105464835124
800,8,midRight,lowC,3.490731590734697,0,1,0,0,0.0105712903020232,0.5254076216799107,0.0752531866163174,0.3887679014017485,3.4212871345608553
801,8,midRight,lowC,4.370413856121234,0,1,0,0,0.0073999032114162,0.6677853351759375,0.0526772306314222,0.272137530981224,4.427582832117752
802,8,downRight,high,3.21876807808778,0,0,0,1,0.0051799322479913,0.4674497346231563,0.0368740614419955,0.4904962716868568,3.0601461483173362
803,8,midRight,lowC,4.098845782620987,0,1,0,0,0.0036259525735939,0.6272148142362094,0.0258118430093968,0.3433473901807998,4.028259592893049
804,8,downRight,high,3.426863907555094,0,0,0,1,0.0025381668015157,0.4390503699653466,0.0180682901065778,0.5403431731265599,3.648088033518172
805,8,downLeft,lowA,2.1180198161441326,0,0,1,0,0.001776716761061,0.3073352589757426,0.3126478030746045,0.3782402211885919,1.9741051250686517
806,8,downRight,high,3.6282964980427024,0,0,0,1,0.0012437017327427,0.2151346812830198,0.2188534621522231,0.5647681548320144,3.64961695662366
807,8,downRight,high,4.328147621683026,0,0,0,1,0.0008705912129199,0.1505942768981139,0.1531974235065562,0.69533770838241,4.5423587710656
808,8,downRight,high,5.058258991396031,0,0,0,1,0.0006094138490439,0.1054159938286797,0.1072381964545893,0.7867363958676871,5.067340354583766
809,8,downRight,high,5.5890188279290784,0,0,0,1,0.0004265896943307,0.0737911956800758,0.0750667375182125,0.8507154771073809,5.663292816469832
810,8,downRight,high,5.834471578315413,0,0,0,1,0.0002986127860315,0.051653836976053,0.0525467162627487,0.8955008339751667,5.835818801891524
811,8,downRight,high,6.013140547018367,0,0,0,1,0.000209028950222,0.0361576858832371,0.0367827013839241,0.9268505837826166,5.97949751394569
812,8,downLeft,lowA,2.183630093191861,0,0,1,0,0.0001463202651554,0.025310380118266,0.3257478909687469,0.6487954086478316,1.8683795616045444
813,8,midRight,lowC,2.041956006234003,0,1,0,0,0.0001024241856088,0.3177172660827861,0.2280235236781228,0.4541567860534821,2.1615480040814083
814,8,midLeft,lowB,2.045470149597149,1,0,0,0,0.3000716969299261,0.2224020862579503,0.1596164665746859,0.3179097502374375,2.059603761031529
815,8,downRight,high,3.407615162530832,0,0,0,1,0.2100501878509483,0.1556814603805652,0.1117315266022802,0.5225368251662063,3.3441847478660374
816,8,midRight,lowC,2.782330670528761,0,1,0,0,0.1470351314956638,0.4089770222663956,0.0782120686215961,0.3657757776163444,2.666499555403206
817,8,midRight,lowC,3.705322495849288,0,1,0,0,0.1029245920469646,0.586283915586477,0.0547484480351172,0.2560430443314411,4.040897886047175
818,8,downRight,high,2.9642664191328105,0,0,0,1,0.0720472144328752,0.4103987409105338,0.0383239136245821,0.4792301310320087,3.002585599765649
819,8,downRight,high,4.093472600477483,0,0,0,1,0.0504330501030127,0.2872791186373737,0.0268267395372074,0.6354610917224062,4.160820790828185
820,8,midLeft,lowB,2.173924885953816,1,0,0,0,0.3353031350721088,0.2010953830461616,0.0187787176760452,0.4448227642056843,2.1539452766329417
821,8,midLeft,lowB,3.459230831008117,1,0,0,0,0.5347121945504762,0.1407667681323131,0.0131451023732316,0.3113759349439791,3.464375923257856
822,8,midLeft,lowB,4.472453250640533,1,0,0,0,0.6742985361853333,0.0985367376926191,0.0092015716612621,0.2179631544607853,4.518348511268153
823,8,downRight,high,3.1033643011822445,0,0,0,1,0.4720089753297333,0.0689757163848334,0.0064411001628835,0.4525742081225497,3.040512813120607
824,8,downRight,high,4.099624635687795,0,0,0,1,0.3304062827308133,0.0482830014693834,0.0045087701140184,0.6168019456857848,4.218123959218183
825,8,downRight,high,4.708463785150716,0,0,0,1,0.2312843979115693,0.0337981010285683,0.0031561390798129,0.7317613619800494,4.837728820754082
826,8,downLeft,lowA,1.955366766884292,0,0,1,0,0.1618990785380985,0.0236586707199978,0.302209297355869,0.5122329533860346,1.9740987822597504
827,8,downRight,high,4.384722011401204,0,0,0,1,0.1133293549766689,0.0165610695039985,0.2115465081491083,0.6585630673702242,4.217928189853972
828,8,downLeft,lowA,2.967082151546424,0,0,1,0,0.0793305484836682,0.0115927486527989,0.4480825557043758,0.4609941471591569,2.759345496241685
829,8,downRight,high,4.080384536497561,0,0,0,1,0.0555313839385678,0.0081149240569592,0.313657788993063,0.6226959030114099,4.06186698660584
830,8,downRight,high,4.943438501516405,0,0,0,1,0.0388719687569974,0.0056804468398714,0.2195604522951441,0.735887132107987,4.807714168954772
831,8,midLeft,lowB,2.00813186956788,1,0,0,0,0.3272103781298981,0.00397631278791,0.1536923166066009,0.5151209924755908,2.322620526915896
832,8,downRight,high,4.223194958152726,0,0,0,1,0.2290472646909287,0.002783418951537,0.1075846216246206,0.6605846947329136,4.408471235661268
833,8,downLeft,lowA,2.7844702987462817,0,0,1,0,0.1603330852836501,0.0019483932660759,0.3753092351372344,0.4624092863130395,2.3378267122881704
834,8,midRight,lowC,2.036107371472406,0,1,0,0,0.112233159698555,0.3013638752862531,0.2627164645960641,0.3236865004191276,1.9280871166126208
835,8,midRight,lowC,3.2580469673188315,0,1,0,0,0.0785632117889885,0.5109547127003772,0.1839015252172449,0.2265805502933893,3.322369128289435
836,8,downRight,high,2.8876518236747257,0,0,0,1,0.0549942482522919,0.357668298890264,0.1287310676520714,0.4586063852053725,2.9525056545307473
837,8,downLeft,lowA,2.6836929686534137,0,0,1,0,0.0384959737766043,0.2503678092231848,0.39011174735645,0.3210244696437608,2.4690990733535765
838,8,downRight,high,3.450099066667507,0,0,0,1,0.026947181643623,0.1752574664562293,0.273078223149515,0.5247171287506326,3.356978134148178
839,8,downRight,high,4.523176288076931,0,0,0,1,0.0188630271505361,0.1226802265193605,0.1911547562046605,0.6673019901254428,4.306783356906559
840,8,downRight,high,5.0815052579182485,0,0,0,1,0.0132041190053753,0.0858761585635524,0.1338083293432623,0.76711139308781,5.033324119342526
841,8,midRight,lowC,2.144788114719771,0,1,0,0,0.0092428833037627,0.3601133109944867,0.0936658305402836,0.536977975161467,2.4637128468276788
842,8,downRight,high,4.460847770575871,0,0,0,1,0.0064700183126339,0.2520793176961406,0.0655660813781985,0.6758845826130269,4.462752110368102
843,8,downRight,high,5.046801240608837,0,0,0,1,0.0045290128188437,0.1764555223872984,0.0458962569647389,0.7731192078291188,4.894747350295222
844,8,downRight,high,5.413670959484792,0,0,0,1,0.0031703089731906,0.1235188656711089,0.0321273798753172,0.8411834454803832,5.36768292128378
845,8,downLeft,lowA,2.0548304368112085,0,0,1,0,0.0022192162812334,0.0864632059697762,0.3224891659127221,0.5888284118362682,2.0178410667268327
846,8,downLeft,lowA,3.4002336727804185,0,0,1,0,0.0015534513968634,0.0605242441788433,0.5257424161389055,0.4121798882853877,3.419869620584515
847,8,midRight,lowC,2.393793628379916,0,1,0,0,0.0010874159778043,0.3423669709251903,0.3680196912972339,0.2885259217997714,2.2177071950692393
848,8,downRight,high,3.319157735956253,0,0,0,1,0.000761191184463,0.2396568796476332,0.2576137839080637,0.50196814525984,3.3001902889536523
849,8,downRight,high,4.223518019793432,0,0,0,1,0.0005328338291241,0.1677598157533433,0.1803296487356446,0.651377701681888,4.2878241850303915
850,8,downRight,high,4.83926574363698,0,0,0,1,0.0003729836803869,0.1174318710273403,0.1262307541149512,0.7559643911773216,4.688213551588078
851,8,midRight,lowC,2.459428351463671,0,1,0,0,0.0002610885762708,0.3822023097191382,0.0883615278804658,0.5291750738241252,2.5138752992306297
852,8,midLeft,lowB,2.114019898712343,1,0,0,0,0.3001827620033895,0.2675416168033967,0.0618530695163261,0.3704225516768876,1.9698975281585842
853,8,midLeft,lowB,3.3597381393449988,1,0,0,0,0.5101279334023727,0.1872791317623777,0.0432971486614282,0.2592957861738214,3.294608336005687
854,8,midRight,lowC,2.8566681330382546,0,1,0,0,0.3570895533816609,0.4310953922336644,0.0303080040629997,0.1815070503216749,2.9438673520609875
855,8,downRight,high,2.8633117753310824,0,0,0,1,0.2499626873671626,0.301766774563565,0.0212156028440998,0.4270549352251724,2.995534431441536
856,8,downRight,high,3.9365330115954222,0,0,0,1,0.1749738811570138,0.2112367421944955,0.0148509219908698,0.5989384546576207,4.048202221001832
857,8,downRight,high,4.654982577514545,0,0,0,1,0.1224817168099096,0.1478657195361468,0.0103956453936089,0.7192569182603346,4.574206924283735
858,8,midRight,lowC,2.6575993328920973,0,1,0,0,0.0857372017669367,0.4035060036753027,0.0072769517755262,0.5034798427822342,2.733754427484573
859,8,downLeft,lowA,2.006621699825451,0,0,1,0,0.0600160412368557,0.2824542025727119,0.3050938662428683,0.352435889947564,2.098194424884632
860,8,downLeft,lowA,3.1869315296210035,0,0,1,0,0.042011228865799,0.1977179418008983,0.5135657063700079,0.2467051229632947,3.311601180699559
861,8,downRight,high,3.140242083651082,0,0,0,1,0.0294078602060593,0.1384025592606288,0.3594959944590055,0.4726935860743063,3.0846308833125837
862,8,downLeft,lowA,3.5993613688708948,0,0,1,0,0.0205855021442415,0.0968817914824402,0.5516471961213039,0.3308855102520144,3.437849579187306
863,8,midLeft,lowB,2.159587096452404,1,0,0,0,0.314409851500969,0.0678172540377081,0.3861530372849127,0.2316198571764101,2.2300528531766757
864,8,downRight,high,3.141002537811401,0,0,0,1,0.2200868960506783,0.0474720778263956,0.2703071260994388,0.4621339000234871,2.9959594537629006
865,8,downRight,high,4.071957434358509,0,0,0,1,0.1540608272354748,0.0332304544784769,0.1892149882696072,0.6234937300164409,4.254256483033888
866,8,downLeft,lowA,2.968693109835018,0,0,1,0,0.1078425790648323,0.0232613181349338,0.432450491788725,0.4364456110115087,3.0420956515994635
867,8,downRight,high,4.052885675924034,0,0,0,1,0.0754898053453826,0.0162829226944537,0.3027153442521075,0.6055119277080561,4.035411636817895
868,8,midLeft,lowB,2.3374080333811067,1,0,0,0,0.3528428637417679,0.0113980458861176,0.2119007409764753,0.4238583493956392,2.3014779395454483
869,8,midLeft,lowB,3.5750386428843397,1,0,0,0,0.5469900046192375,0.0079786321202823,0.1483305186835327,0.2967008445769474,3.844751092003394
870,8,downLeft,lowA,2.5728657142773868,0,0,1,0,0.3828930032334663,0.0055850424841976,0.4038313630784729,0.2076905912038632,2.573689904649097
871,8,downRight,high,2.9585206730117943,0,0,0,1,0.2680251022634264,0.0039095297389383,0.282681954154931,0.4453834138427042,3.153218237379459
872,8,downLeft,lowA,3.4023046674804465,0,0,1,0,0.1876175715843984,0.0027366708172568,0.4978773679084517,0.3117683896898929,3.255556301017213
873,8,downRight,high,3.5115610140914817,0,0,0,1,0.1313323001090789,0.0019156695720797,0.3485141575359162,0.5182378727829251,3.5243182236708677
874,8,downRight,high,4.588847215166219,0,0,0,1,0.0919326100763552,0.0013409687004558,0.2439599102751413,0.6627665109480476,4.522160157257067
875,8,midLeft,lowB,2.4911658275638624,1,0,0,0,0.3643528270534486,0.000938678090319,0.1707719371925989,0.4639365576636333,2.241213097499218
876,8,downRight,high,4.1216060099001215,0,0,0,1,0.255046978937414,0.0006570746632233,0.1195403560348192,0.6247555903645433,3.945996371300207
877,8,downRight,high,4.926243344153783,0,0,0,1,0.1785328852561898,0.0004599522642563,0.0836782492243735,0.7373289132551804,4.71791914109253
878,8,downRight,high,5.5678964433264415,0,0,0,1,0.1249730196793328,0.0003219665849794,0.0585747744570614,0.8161302392786263,5.450856027608497
879,8,midLeft,lowB,2.490550043565441,1,0,0,0,0.387481113775533,0.0002253766094856,0.041002342119943,0.5712911674950384,2.621642928224824
880,8,midRight,lowC,2.164928808723536,0,1,0,0,0.2712367796428731,0.3001577636266399,0.0287016394839601,0.3999038172465269,1.8083027682615094
881,8,downLeft,lowA,2.204087590673373,0,0,1,0,0.1898657457500112,0.2101104345386479,0.320091147638772,0.2799326720725688,2.211198802812584
882,8,downRight,high,3.2308953362059585,0,0,0,1,0.1329060220250078,0.1470773041770535,0.2240638033471404,0.4959528704507981,3.243462703520138
883,8,downRight,high,4.316498959118843,0,0,0,1,0.0930342154175054,0.1029541129239375,0.1568446623429983,0.6471670093155587,4.1974176116282464
884,8,downRight,high,4.832468399386174,0,0,0,1,0.0651239507922538,0.0720678790467562,0.1097912636400988,0.7530169065208911,5.021582687797552
885,8,downRight,high,5.418098387556827,0,0,0,1,0.0455867655545776,0.0504475153327293,0.0768538845480691,0.8271118345646238,5.452176478962289
886,8,midLeft,lowB,2.0705344374353287,1,0,0,0,0.3319107358882044,0.0353132607329105,0.0537977191836484,0.5789782841952367,2.1832756760649774
887,8,midLeft,lowB,3.47155410035293,1,0,0,0,0.5323375151217431,0.0247192825130374,0.0376584034285539,0.4052847989366657,3.478783484543578
888,8,downRight,high,3.922791119031214,0,0,0,1,0.3726362605852201,0.0173034977591261,0.0263608823999877,0.583699359255666,3.7959702388315733
889,8,downRight,high,4.568819050328819,0,0,0,1,0.2608453824096541,0.0121124484313883,0.0184526176799914,0.7085895514789662,4.607856511345225
890,8,midLeft,lowB,3.085125639126006,1,0,0,0,0.4825917676867578,0.0084787139019718,0.0129168323759939,0.4960126860352764,3.246819254386866
891,8,midRight,lowC,1.919098044530352,0,1,0,0,0.3378142373807304,0.3059350997313802,0.0090417826631957,0.3472088802246934,1.9943155155912424
892,8,midLeft,lowB,3.5710229607168524,1,0,0,0,0.5364699661665113,0.2141545698119661,0.006329247864237,0.2430462161572854,3.4932934503565285
893,8,downRight,high,3.043655214069694,0,0,0,1,0.3755289763165579,0.1499081988683763,0.0044304735049659,0.4701323513100998,3.0865058995211716
894,8,downRight,high,4.044278050841342,0,0,0,1,0.2628702834215905,0.1049357392078634,0.0031013314534761,0.6290926459170698,4.145410600266559
895,8,downRight,high,4.746918215166587,0,0,0,1,0.1840091983951133,0.0734550174455044,0.0021709320174333,0.7403648521419489,4.913493032101068
896,8,downLeft,lowA,2.1785365187760104,0,0,1,0,0.1288064388765793,0.051418512211853,0.3015196524122033,0.5182553964993643,2.0880622975983907
897,8,downRight,high,4.29114675227421,0,0,0,1,0.0901645072136055,0.0359929585482971,0.2110637566885423,0.6627787775495549,4.42352018328845
898,8,downRight,high,4.988173504245353,0,0,0,1,0.0631151550495238,0.025195070983808,0.1477446296819796,0.7639451442846885,4.891665175141414
899,8,midRight,lowC,2.180817043918532,0,1,0,0,0.0441806085346667,0.3176365496886656,0.1034212407773857,0.5347616009992819,2.2271422083669097
900,9,midRight,high,3.406263967316264,0,1,0,0,0.0309264259742667,0.5223455847820659,0.07239486854417,0.3743331206994973,3.516128332469364
901,9,midRight,high,4.440791508674036,0,1,0,0,0.0216484981819867,0.6656419093474462,0.050676407980919,0.2620331844896482,4.340840345303697
902,9,downRight,lowA,3.128192108339162,0,0,0,1,0.0151539487273906,0.4659493365432123,0.0354734855866433,0.4834232291427537,3.1006848759671226
903,9,midRight,high,3.9346997312282994,0,1,0,0,0.0106077641091734,0.6261645355802486,0.0248314399106503,0.3383962603999276,4.049385288697321
904,9,midRight,high,4.876736995042147,0,1,0,0,0.0074254348764214,0.738315174906174,0.0173820079374552,0.2368773822799493,4.717487708533
905,9,downRight,lowA,3.01624244092754,0,0,0,1,0.005197804413495,0.5168206224343218,0.0121674055562186,0.4658141675959645,3.1750011643415172
906,9,midRight,high,4.317482362752463,0,1,0,0,0.0036384630894465,0.6617744357040253,0.008517183889353,0.3260699173171751,4.326163133107917
907,9,downRight,lowA,3.533264175448991,0,0,0,1,0.0025469241626125,0.4632421049928177,0.0059620287225471,0.5282489421220227,3.5593494131258474
908,9,midRight,high,4.10724193858956,0,1,0,0,0.0017828469138287,0.6242694734949724,0.004173420105783,0.3697742594854158,3.9783163036789766
909,9,midRight,high,4.773339255312086,0,1,0,0,0.0012479928396801,0.7369886314464806,0.0029213940740481,0.2588419816397911,4.832867273601501
910,9,midRight,high,5.378234336540197,0,1,0,0,0.0008735949877761,0.8158920420125364,0.0020449758518336,0.1811893871478537,5.392733139403175
911,9,midLeft,lowC,2.1743330434578896,1,0,0,0,0.3006115164914433,0.5711244294087755,0.0014314830962835,0.1268325710034976,1.8653478685863254
912,9,downLeft,lowB,2.142740670922114,0,0,1,0,0.2104280615440103,0.3997871005861428,0.3010020381673984,0.0887827997024483,1.9084226073393529
913,9,midRight,high,4.002603943567864,0,1,0,0,0.1472996430808072,0.5798509704103,0.2107014267171789,0.0621479597917138,3.740503393173428
914,9,downRight,lowA,2.1339977865171487,0,0,0,1,0.103109750156565,0.40589567928721,0.1474909987020252,0.3435035718541996,2.147501279168985
915,9,midLeft,lowC,2.345720614763827,1,0,0,0,0.3721768251095955,0.284126975501047,0.1032436990914176,0.2404525002979397,2.5009824857280356
916,9,midLeft,lowC,3.706196476805827,1,0,0,0,0.5605237775767169,0.1988888828507329,0.0722705893639923,0.1683167502085578,3.8076985926218443
917,9,downLeft,lowB,2.1555196137816632,0,0,1,0,0.3923666443037018,0.139222217995513,0.3505894125547947,0.1178217251459905,2.3669385292259246
918,9,midRight,high,2.625115434976788,0,1,0,0,0.2746566510125913,0.3974555525968591,0.2454125887883563,0.0824752076021933,2.597612036841178
919,9,midRight,high,3.693080456088162,0,1,0,0,0.1922596557088139,0.5782188868178014,0.1717888121518494,0.0577326453215353,3.9114523258533223
920,9,downRight,lowA,2.211753187422854,0,0,0,1,0.1345817589961697,0.404753220772461,0.1202521685062946,0.3404128517250747,2.128866025834505
921,9,downRight,lowA,3.4770078949441623,0,0,0,1,0.0942072312973188,0.2833272545407227,0.0841765179544062,0.5382889962075523,3.5412848817542257
922,9,midRight,high,3.3412739456771225,0,1,0,0,0.0659450619081231,0.4983290781785059,0.0589235625680843,0.3768022973452866,3.3542817584144182
923,9,midRight,high,4.265028279745732,0,1,0,0,0.0461615433356862,0.6488303547249541,0.041246493797659,0.2637616081417007,4.202746842967588
924,9,midRight,high,5.031558111319954,0,1,0,0,0.0323130803349803,0.7541812483074679,0.0288725456583613,0.1846331256991905,4.985992132443172
925,9,midLeft,lowC,2.140557188075755,1,0,0,0,0.3226191562344862,0.5279268738152275,0.0202107819608529,0.1292431879894333,2.2245881990695913
926,9,downLeft,lowB,2.146447414894484,0,0,1,0,0.2258334093641403,0.3695488116706592,0.314147547372597,0.0904702315926033,2.071170607548995
927,9,midRight,high,3.660367954022325,0,1,0,0,0.1580833865548982,0.5586841681694614,0.2199032831608179,0.0633291621148223,3.7949531600561226
928,9,midRight,high,4.482156590888346,0,1,0,0,0.1106583705884287,0.691078917718623,0.1539322982125725,0.0443304134803756,4.5072057915988575
929,9,downLeft,lowB,2.672103721796219,0,0,1,0,0.0774608594119001,0.4837552424030361,0.4077526087488007,0.0310312894362629,2.7897888193298828
930,9,midRight,high,4.072731602951308,0,1,0,0,0.0542226015883301,0.6386286696821253,0.2854268261241605,0.021721902605384,4.125006870904774
931,9,downRight,lowA,2.1757395394334944,0,0,0,1,0.037955821111831,0.4470400687774877,0.1997987782869124,0.3152053318237688,2.246579373550326
932,9,midRight,high,4.080394926925085,0,1,0,0,0.0265690747782817,0.6129280481442414,0.1398591448008386,0.2206437322766382,4.052477751620525
933,9,midLeft,lowC,2.159425580905354,1,0,0,0,0.3185983523447972,0.429049633700969,0.097901401360587,0.1544506125936467,2.1018573428506775
934,9,midRight,high,3.815029587063417,0,1,0,0,0.223018846641358,0.6003347435906783,0.0685309809524109,0.1081154288155527,3.8494732800919826
935,9,midLeft,lowC,3.069009337456171,1,0,0,0,0.4561131926489506,0.4202343205134748,0.0479716866666876,0.0756808001708869,2.9674048886843787
936,9,midRight,high,3.7680658787075294,0,1,0,0,0.3192792348542654,0.5941640243594324,0.0335801806666813,0.0529765601196208,3.8180129422624445
937,9,midRight,high,4.723762128628668,0,1,0,0,0.2234954643979858,0.7159148170516026,0.0235061264666769,0.0370835920837345,4.779826313103938
938,9,midRight,high,5.265010645385416,0,1,0,0,0.1564468250785901,0.8011403719361219,0.0164542885266738,0.0259585144586142,5.190748102342783
939,9,midLeft,lowC,2.720680497910237,1,0,0,0,0.409512777555013,0.5607982603552853,0.0115180019686717,0.0181709601210299,2.730532655268027
940,9,midRight,high,4.685606760936547,0,1,0,0,0.2866589442885091,0.6925587822486997,0.0080626013780701,0.0127196720847209,4.510795783466586
941,9,midRight,high,5.144197855586787,0,1,0,0,0.2006612610019564,0.7847911475740899,0.0056438209646491,0.0089037704593046,5.1098581942508385
942,9,downRight,lowA,2.2065784191280806,0,0,0,1,0.1404628827013695,0.5493538033018629,0.0039506746752543,0.3062326393215133,2.0024597156202972
943,9,downRight,lowA,3.2372122047177245,0,0,0,1,0.0983240178909586,0.384547662311304,0.002765472272678,0.5143628475250592,3.448258368294417
944,9,midRight,high,3.6739601081932425,0,1,0,0,0.068826812523671,0.5691833636179128,0.0019358305908746,0.3600539932675415,3.8198139009147125
945,9,midLeft,lowC,2.380650358250397,1,0,0,0,0.3481787687665697,0.3984283545325389,0.0013550814136122,0.252037795287279,2.493210817352129
946,9,midLeft,lowC,3.5131949564630385,1,0,0,0,0.5437251381365988,0.2788998481727772,0.0009485569895285,0.1764264567010953,3.727319281714821
947,9,midLeft,lowC,4.483148047775447,1,0,0,0,0.6806075966956192,0.195229893720944,0.00066398989267,0.1234985196907667,4.3048728764503945
948,9,midRight,high,2.972742007637589,0,1,0,0,0.4764253176869334,0.4366609256046608,0.000464792924869,0.0864489637835367,2.7063170192173893
949,9,midRight,high,4.027565406190781,0,1,0,0,0.3334977223808534,0.6056626479232626,0.0003253550474083,0.0605142746484756,3.920704963198436
950,9,downLeft,lowB,2.06494127517692,0,0,1,0,0.2334484056665973,0.4239638535462838,0.3002277485331858,0.0423599922539329,1.8533641922319763
951,9,midLeft,lowC,3.0238262186473346,1,0,0,0,0.4634138839666181,0.2967746974823987,0.2101594239732301,0.029651994577753,3.1332466238807077
952,9,midRight,high,3.339209598296905,0,1,0,0,0.3243897187766327,0.5077422882376791,0.147111596781261,0.0207563962044271,3.321919657405325
953,9,midRight,high,4.400325332169498,0,1,0,0,0.2270728031436429,0.6554196017663754,0.1029781177468827,0.014529477343099,4.263497262000793
954,9,downLeft,lowB,2.4102920512248494,0,0,1,0,0.15895096220055,0.4587937212364628,0.3720846824228179,0.0101706341401693,2.308155328558946
955,9,downLeft,lowB,3.530358845960103,0,0,1,0,0.111265673540385,0.3211556048655239,0.5604592776959726,0.0071194438981185,3.6575784203602364
956,9,midRight,high,3.472284076682332,0,1,0,0,0.0778859714782695,0.5248089234058668,0.3923214943871808,0.0049836107286829,3.278200082045675
957,9,midLeft,lowC,2.348027455278413,1,0,0,0,0.3545201800347887,0.3673662463841067,0.2746250460710265,0.003488527510078,2.463895241638294
958,9,midRight,high,3.650061239868273,0,1,0,0,0.2481641260243521,0.5571563724688747,0.1922375322497186,0.0024419692570546,3.555648981479362
959,9,midRight,high,4.44376036262094,0,1,0,0,0.1737148882170464,0.6900094607282123,0.134566272574803,0.0017093784799382,4.299949357965484
960,9,downLeft,lowB,2.6912772125525786,0,0,1,0,0.1216004217519325,0.4830066225097487,0.3941963908023621,0.0011965649359567,2.450422143500672
961,9,midRight,high,4.126158052744322,0,1,0,0,0.0851202952263527,0.6381046357568241,0.2759374735616535,0.0008375954551697,4.318648698336791
962,9,downLeft,lowB,3.154753579568604,0,0,1,0,0.0595842066584469,0.4466732450297769,0.4931562314931574,0.0005863168186188,3.1500649771258726
963,9,downLeft,lowB,4.28665515174362,0,0,1,0,0.0417089446609128,0.3126712715208438,0.6452093620452102,0.0004104217730331,4.181076863269618
964,9,midRight,high,3.440263654722614,0,1,0,0,0.0291962612626389,0.5188698900645907,0.4516465534316471,0.0002872952411232,3.490655611412892
965,9,downRight,lowA,2.001703945522774,0,0,0,1,0.0204373828838472,0.3632089230452135,0.316152587402153,0.3002011066687862,2.0551761216646853
966,9,downLeft,lowB,3.502409179299556,0,0,1,0,0.0143061680186931,0.2542462461316495,0.5213068111815071,0.2101407746681503,3.407745770428985
967,9,downRight,lowA,2.975405037301701,0,0,0,1,0.0100143176130851,0.1779723722921546,0.364914767827055,0.4470985422677052,2.848976346897033
968,9,midRight,high,2.78784804095747,0,1,0,0,0.0070100223291596,0.4245806606045082,0.2554403374789385,0.3129689795873936,2.8473193468469087
969,9,midRight,high,3.9415043162325984,0,1,0,0,0.0049070156304117,0.5972064624231558,0.1788082362352569,0.2190782857111755,4.239184424985139
970,9,downRight,lowA,2.902575432206807,0,0,0,1,0.0034349109412882,0.418044523696209,0.1251657653646798,0.4533547999978229,2.698926363133483
971,9,midRight,high,3.854916675281319,0,1,0,0,0.0024044376589017,0.5926311665873463,0.0876160357552759,0.317348359998476,3.864758386055272
972,9,midRight,high,4.509849393638539,0,1,0,0,0.0016831063612312,0.7148418166111423,0.0613312250286931,0.2221438519989332,4.691971310397549
973,9,downLeft,lowB,2.2317870646837528,0,0,1,0,0.0011781744528618,0.5003892716277997,0.3429318575200852,0.1555006963992532,2.3012062475127224
974,9,downRight,lowA,2.5456217511992083,0,0,0,1,0.0008247221170033,0.3502724901394597,0.2400523002640596,0.4088504874794773,2.6558747393303777
975,9,midRight,high,3.6330419037116704,0,1,0,0,0.0005773054819023,0.5451907430976218,0.1680366101848417,0.2861953412356341,3.814569539138596
976,9,midRight,high,4.550546064574428,0,1,0,0,0.0004041138373316,0.6816335201683352,0.1176256271293892,0.2003367388649438,4.567065727604778
977,9,midRight,high,5.126187197435386,0,1,0,0,0.0002828796861321,0.7771434641178346,0.0823379389905724,0.1402357172054607,5.106984896483775
978,9,downRight,lowA,2.6174719311921715,0,0,0,1,0.0001980157802924,0.5440004248824842,0.0576365572934007,0.3981650020438225,2.6330680679396066
979,9,midRight,high,4.466491625270152,0,1,0,0,0.0001386110462047,0.680800297417739,0.0403455901053805,0.2787155014306758,4.3783550362026
980,9,midRight,high,5.206146106703333,0,1,0,0,9.702773234332137e-05,0.7765602081924172,0.0282419130737663,0.195100851001473,4.957102624279897
981,9,downLeft,lowB,1.9760139725247687,0,0,1,0,6.791941264032496e-05,0.5435921457346921,0.3197693391516364,0.1365705957010311,2.0174235263199733
982,9,downLeft,lowB,3.460002411117817,0,0,1,0,4.754358884822747e-05,0.3805145020142844,0.5238385374061455,0.0955994169907218,3.3681164674403927
983,9,midRight,high,3.7852424199423313,0,1,0,0,3.328051219375923e-05,0.5663601514099992,0.3666869761843018,0.0669195918935052,3.6973941307357836
984,9,downLeft,lowB,3.749734234990204,0,0,1,0,2.329635853563146e-05,0.3964521059869994,0.5566808833290113,0.0468437143254536,3.6438554065915736
985,9,midRight,high,3.815059374798016,0,1,0,0,1.6307450974942023e-05,0.5775164741908996,0.389676618330308,0.0327906000278175,3.7277459041055074
986,9,downRight,lowA,2.158205958871544,0,0,0,1,1.1415215682459416e-05,0.4042615319336297,0.2727736328312156,0.3229534200194723,2.2658314040133476
987,9,downRight,lowA,3.4550895065813463,0,0,0,1,7.99065097772159e-06,0.2829830723535408,0.1909415429818509,0.5260673940136306,3.588545743420048
988,9,downLeft,lowB,2.8866757140038195,0,0,1,0,5.5934556844051135e-06,0.1980881506474786,0.4336590800872956,0.3682471758095413,2.9381253937486678
989,9,midLeft,lowC,2.030182953002614,1,0,0,0,0.3000039154189791,0.138661705453235,0.3035613560611069,0.2577730230666789,1.9505344045339708
990,9,midRight,high,2.5779406702993417,0,1,0,0,0.2100027407932853,0.3970631938172645,0.2124929492427748,0.1804411161466752,2.6469512797966392
991,9,midRight,high,3.731446394075249,0,1,0,0,0.1470019185552997,0.5779442356720852,0.1487450644699424,0.1263087813026726,3.8561983303968987
992,9,midLeft,lowC,2.5917351853173103,1,0,0,0,0.4029013429887098,0.4045609649704597,0.1041215451289596,0.0884161469118708,2.5696117520664785
993,9,midRight,high,3.728383475741503,0,1,0,0,0.2820309400920969,0.5831926754793217,0.0728850815902717,0.0618913028383096,3.9154110664890007
994,9,midRight,high,4.777865157690972,0,1,0,0,0.1974216580644678,0.7082348728355252,0.0510195571131902,0.0433239119868167,4.4689184784804
995,9,midRight,high,5.223114023208885,0,1,0,0,0.1381951606451275,0.7957644109848676,0.0357136899792331,0.0303267383907717,5.235800050544103
996,9,midRight,high,5.616140647227146,0,1,0,0,0.0967366124515892,0.8570350876894073,0.0249995829854632,0.0212287168735402,5.752319442249154
997,9,midLeft,lowC,2.3619789358391103,1,0,0,0,0.3677156287161124,0.5999245613825851,0.0174997080898242,0.0148601018114781,2.6820478484048222
998,9,midLeft,lowC,3.504686606116378,1,0,0,0,0.5574009401012787,0.4199471929678096,0.0122497956628769,0.0104020712680346,3.5010247001278287
999,9,midRight,high,3.9843768377766233,0,1,0,0,0.3901806580708951,0.5939630350774667,0.0085748569640138,0.0072814498876242,3.8560238482074323
1000,10,midRight,lowB,4.619691844684473,0,1,0,0,0.2731264606496265,0.7157741245542267,0.0060023998748097,0.005097014921337,4.7504023579244565
1001,10,downLeft,lowA,1.8718413362173631,0,0,1,0,0.1911885224547385,0.5010418871879587,0.3042016799123668,0.0035679104449359,1.9407735338010998
1002,10,downRight,high,1.9352149468646584,0,0,0,1,0.133831965718317,0.3507293210315711,0.2129411759386567,0.3024975373114551,2.015888749439593
1003,10,downRight,high,3.236687705990345,0,0,0,1,0.0936823760028219,0.2455105247220997,0.1490588231570597,0.5117482761180185,3.352695001364
1004,10,midLeft,lowC,2.214780254622042,1,0,0,0,0.3655776632019753,0.1718573673054698,0.1043411762099418,0.358223793282613,2.4968435992807105
1005,10,downLeft,lowA,2.326612257535996,0,0,1,0,0.2559043642413827,0.1203001571138289,0.3730388233469592,0.2507566552978291,2.3469001288992266
1006,10,downLeft,lowA,3.78310214091858,0,0,1,0,0.1791330549689679,0.0842101099796802,0.5611271763428715,0.1755296587084803,3.5581114862270398
1007,10,downRight,high,2.7989939611820462,0,0,0,1,0.1253931384782775,0.0589470769857761,0.39278902344001,0.4228707610959362,2.736416878429895
1008,10,downRight,high,3.826376148914847,0,0,0,1,0.0877751969347942,0.0412629538900433,0.274952316408007,0.5960095327671554,3.9042915311048314
1009,10,downRight,high,4.950829179611804,0,0,0,1,0.061442637854356,0.0288840677230303,0.1924666214856049,0.7172066729370088,4.52270523431987
1010,10,downRight,high,5.211492845539996,0,0,0,1,0.0430098464980492,0.0202188474061212,0.1347266350399234,0.8020446710559062,5.396649408105555
1011,10,downLeft,lowA,2.6996363987300183,0,0,1,0,0.0301068925486344,0.0141531931842848,0.3943086445279464,0.5614312697391344,2.7109687627429087
1012,10,midRight,lowB,1.944868172034524,0,1,0,0,0.0210748247840441,0.3099072352289994,0.2760160511695625,0.393001888817394,2.0350448606962415
1013,10,downRight,high,3.739063644397812,0,0,0,1,0.0147523773488308,0.2169350646602995,0.1932112358186937,0.5751013221721758,3.838926855868652
1014,10,downRight,high,4.505633495461698,0,0,0,1,0.0103266641441816,0.1518545452622097,0.1352478650730856,0.702570925520523,4.54276253355478
1015,10,midLeft,lowC,2.066047676175037,1,0,0,0,0.3072286649009271,0.1062981816835468,0.0946735055511599,0.4917996478643661,2.0634300306347537
1016,10,downRight,high,4.189047015787232,0,0,0,1,0.2150600654306489,0.0744087271784827,0.0662714538858119,0.6442597535050563,4.149966017640912
1017,10,downLeft,lowA,2.394366003506355,0,0,1,0,0.1505420458014543,0.0520861090249379,0.3463900177200683,0.4509818274535394,2.314918962653459
1018,10,midRight,lowB,2.1990431384048224,0,1,0,0,0.105379432061018,0.3364602763174565,0.2424730124040478,0.3156872792174776,2.1793180945051756
1019,10,downRight,high,3.3346585305189453,0,0,0,1,0.0737656024427126,0.2355221934222195,0.1697311086828334,0.5209810954522344,3.1669892592066495
1020,10,downLeft,lowA,2.6578081333140693,0,0,1,0,0.0516359217098988,0.1648655353955537,0.4188117760779834,0.3646867668165641,2.82751294794014
1021,10,downRight,high,3.542995148415669,0,0,0,1,0.0361451451969291,0.1154058747768876,0.2931682432545884,0.5552807367715948,3.67800273804455
1022,10,downRight,high,4.622773855730046,0,0,0,1,0.0253016016378504,0.0807841123438213,0.2052177702782118,0.6886965157401164,4.644867257459502
1023,10,midRight,lowB,2.3871421308472045,0,1,0,0,0.0177111211464953,0.3565488786406749,0.1436524391947483,0.4820875610180815,2.3276280951247457
1024,10,downRight,high,3.983062312173325,0,0,0,1,0.0123977848025467,0.2495842150484724,0.1005567074363238,0.6374612927126571,4.056024394599422
1025,10,downRight,high,4.779635728791119,0,0,0,1,0.0086784493617826,0.1747089505339307,0.0703896952054266,0.7462229048988599,4.861828996350778
1026,10,downRight,high,5.404978899042021,0,0,0,1,0.0060749145532478,0.1222962653737514,0.0492727866437986,0.8223560334292019,5.415009628022416
1027,10,downRight,high,5.72811422538925,0,0,0,1,0.0042524401872735,0.085607385761626,0.034490950650659,0.8756492234004414,5.814319089335053
1028,10,downLeft,lowA,2.1218515260883057,0,0,1,0,0.0029767081310914,0.0599251700331382,0.3241436654554613,0.612954456380309,2.1597338710625835
1029,10,midRight,lowB,2.2409907743458723,0,1,0,0,0.002083695691764,0.3419476190231967,0.2269005658188229,0.4290681194662162,2.2410003712063604
1030,10,midLeft,lowC,2.0676286728095064,1,0,0,0,0.3014585869842348,0.2393633333162377,0.158830396073176,0.3003476836263514,2.0851611818461313
1031,10,downRight,high,3.3669742714082447,0,0,0,1,0.2110210108889643,0.1675543333213664,0.1111812772512232,0.5102433785384459,3.3689064216645908
1032,10,downRight,high,4.342625918566836,0,0,0,1,0.147714707622275,0.1172880333249564,0.0778268940758562,0.6571703649769122,4.317003494752684
1033,10,midLeft,lowC,2.649205395107665,1,0,0,0,0.4034002953355925,0.0821016233274695,0.0544788258530993,0.4600192554838385,2.824623690355827
1034,10,downRight,high,4.0598134711702585,0,0,0,1,0.2823802067349147,0.0574711363292286,0.0381351780971695,0.622013478838687,4.0842477185603
1035,10,downLeft,lowA,2.2285720948700813,0,0,1,0,0.1976661447144403,0.04022979543046,0.3266946246680187,0.4354094351870808,2.2503972353104
1036,10,midRight,lowB,2.2525133361919885,0,1,0,0,0.1383663013001082,0.328160856801322,0.228686237267613,0.3047866046309566,2.0674731053642996
1037,10,midLeft,lowC,2.736703064956129,1,0,0,0,0.3968564109100758,0.2297125997609254,0.1600803660873291,0.2133506232416696,2.4707465443771888
1038,10,midRight,lowB,3.195511385421254,0,1,0,0,0.2777994876370531,0.4607988198326477,0.1120562562611304,0.1493454362691687,2.9114276477951746
1039,10,downRight,high,2.6975396232297912,0,0,0,1,0.1944596413459371,0.3225591738828534,0.0784393793827913,0.4045418053884181,2.724395209314107
1040,10,downRight,high,3.7877676555115913,0,0,0,1,0.136121748942156,0.2257914217179974,0.0549075655679539,0.5831792637718927,3.8268841272655725
1041,10,downRight,high,4.605167828041798,0,0,0,1,0.0952852242595092,0.1580539952025982,0.0384352958975677,0.7082254846403249,4.626931516186456
1042,10,downRight,high,5.1253612704549445,0,0,0,1,0.0666996569816564,0.1106377966418187,0.0269047071282974,0.7957578392482274,5.170245644302341
1043,10,downRight,high,5.68860625023662,0,0,0,1,0.0466897598871595,0.0774464576492731,0.0188332949898081,0.8570304874737592,5.729692539040428
1044,10,midLeft,lowC,2.2949823036215857,1,0,0,0,0.3326828319210116,0.0542125203544911,0.0131833064928657,0.5999213412316314,2.1073583691399316
1045,10,downRight,high,4.652962496237428,0,0,0,1,0.2328779823447082,0.0379487642481438,0.009228314545006,0.719944938862142,4.667406919531446
1046,10,downRight,high,5.253774005567099,0,0,0,1,0.1630145876412957,0.0265641349737006,0.0064598201815042,0.8039614572034993,5.321272662640845
1047,10,downRight,high,5.584432175272871,0,0,0,1,0.114110211348907,0.0185948944815904,0.0045218741270529,0.8627730200424495,5.5335581390727535
1048,10,downLeft,lowA,1.927647251948688,0,0,1,0,0.0798771479442349,0.0130164261371133,0.3031653118889371,0.6039411140297146,1.9172530567653099
1049,10,midRight,lowB,1.919901191878328,0,1,0,0,0.0559140035609644,0.3091114982959793,0.2122157183222559,0.4227587798208002,2.0145676783702413
1050,10,downLeft,lowA,2.908659682036668,0,0,1,0,0.0391398024926751,0.2163780488071855,0.4485510028255791,0.2959311458745601,2.962876200570296
1051,10,downRight,high,3.3421982963371613,0,0,0,1,0.0273978617448725,0.1514646341650298,0.3139857019779054,0.5071518021121921,3.4519283531957132
1052,10,downRight,high,4.233022787955495,0,0,0,1,0.0191785032214108,0.1060252439155209,0.2197899913845338,0.6550062614785345,4.359987620076771
1053,10,downRight,high,4.931678448854775,0,0,0,1,0.0134249522549875,0.0742176707408646,0.1538529939691736,0.7585043830349741,4.860415819950734
1054,10,midRight,lowB,2.3610584285341085,0,1,0,0,0.0093974665784912,0.3519523695186052,0.1076970957784215,0.5309530681244818,2.29314555318274
1055,10,downRight,high,4.1510462262339125,0,0,0,1,0.0065782266049439,0.2463666586630236,0.0753879670448951,0.6716671476871373,4.378608291673095
1056,10,midLeft,lowC,2.0995297909330355,1,0,0,0,0.3046047586234607,0.1724566610641165,0.0527715769314265,0.4701670033809961,2.0383769912432212
1057,10,downLeft,lowA,2.251445269469569,0,0,1,0,0.2132233310364225,0.1207196627448815,0.3369401038519986,0.3291169023666973,2.157862390010299
1058,10,downRight,high,3.409529412541578,0,0,0,1,0.1492563317254957,0.0845037639214171,0.235858072696399,0.5303818316566882,3.4213268073199505
1059,10,midRight,lowB,2.4173844664402013,0,1,0,0,0.104479432207847,0.359152634744992,0.1651006508874793,0.3712672821596817,2.4849420466205365
1060,10,downRight,high,3.619708955686666,0,0,0,1,0.0731356025454929,0.2514068443214944,0.1155704556212355,0.5598870975117772,3.589028979544156
1061,10,midLeft,lowC,2.309275016642899,1,0,0,0,0.3511949217818451,0.1759847910250461,0.0808993189348648,0.3919209682582441,2.237443575995094
1062,10,downRight,high,3.9156545767945383,0,0,0,1,0.2458364452472915,0.1231893537175322,0.0566295232544054,0.5743446777807708,3.7772401645608107
1063,10,downRight,high,4.512214580226159,0,0,0,1,0.1720855116731041,0.0862325476022726,0.0396406662780837,0.7020412744465395,4.693602161420747
1064,10,midLeft,lowC,2.8015009646043763,1,0,0,0,0.4204598581711728,0.0603627833215908,0.0277484663946586,0.4914288921125777,2.68347274510062
1065,10,downRight,high,4.232938594917797,0,0,0,1,0.294321900719821,0.0422539483251135,0.019423926476261,0.6440002244788043,4.081348716298868
1066,10,downRight,high,5.085298476980876,0,0,0,1,0.2060253305038747,0.0295777638275795,0.0135967485333827,0.750800157135163,4.964147607824663
1067,10,downLeft,lowA,2.0362511717536043,0,0,1,0,0.1442177313527123,0.0207044346793056,0.3095177239733678,0.5255601099946141,2.1015781627195023
1068,10,downRight,high,4.482927442996493,0,0,0,1,0.1009524119468986,0.0144931042755139,0.2166624067813575,0.6678920769962299,4.301278797376363
1069,10,downLeft,lowA,2.9451467930169155,0,0,1,0,0.070666688362829,0.0101451729928597,0.4516636847469502,0.4675244538973609,2.9766380706142237
1070,10,downRight,high,4.081283390813522,0,0,0,1,0.0494666818539803,0.0071016210950018,0.3161645793228652,0.6272671177281527,4.1581586263032095
1071,10,downRight,high,4.87867156765324,0,0,0,1,0.0346266772977862,0.0049711347665012,0.2213152055260056,0.7390869824097068,5.040773147731162
1072,10,downRight,high,5.392371141568962,0,0,0,1,0.0242386741084503,0.0034797943365509,0.1549206438682039,0.8173608876867948,5.37280526686466
1073,10,midLeft,lowC,2.051772344524551,1,0,0,0,0.3169670718759153,0.0024358560355856,0.1084444507077427,0.5721526213807564,2.098051177185544
1074,10,midLeft,lowC,3.2298010226619787,1,0,0,0,0.5218769503131407,0.0017050992249099,0.0759111154954199,0.4005068349665295,3.4724662625710834
1075,10,downRight,high,3.821140492616472,0,0,0,1,0.3653138652191985,0.0011935694574369,0.0531377808467939,0.5803547844765706,3.7390333021763538
1076,10,downRight,high,4.790690734848582,0,0,0,1,0.2557197056534389,0.0008354986202058,0.0371964465927557,0.7062483491335995,4.521614482051743
1077,10,downRight,high,5.247647963175479,0,0,0,1,0.1790037939574072,0.0005848490341441,0.026037512614929,0.7943738443935197,5.5226736820620195
1078,10,midRight,lowB,1.955795530722148,0,1,0,0,0.125302655770185,0.3004093943239009,0.0182262588304503,0.5560616910754638,2.1434938732481053
1079,10,downLeft,lowA,2.098627354177581,0,0,1,0,0.0877118590391295,0.2102865760267306,0.3127583811813152,0.3892431837528246,2.1452569100537286
1080,10,midLeft,lowC,2.467960674605114,1,0,0,0,0.3613983013273906,0.1472006032187114,0.2189308668269206,0.2724702286269772,2.325027727738455
1081,10,downRight,high,3.214005998660455,0,0,0,1,0.2529788109291734,0.103040422253098,0.1532516067788444,0.490729160038884,3.123230582918721
1082,10,downLeft,lowA,2.672869871307658,0,0,1,0,0.1770851676504214,0.0721282955771686,0.4072761247451911,0.3435104120272189,2.7551464424531997
1083,10,midRight,lowB,2.229866861426123,0,1,0,0,0.123959617355295,0.350489806904018,0.2850932873216337,0.2404572884190532,2.3051701891445537
1084,10,downRight,high,3.0892248154305277,0,0,0,1,0.0867717321487065,0.2453428648328126,0.1995653011251436,0.4683201018933373,2.957022365399777
1085,10,midRight,lowB,3.217694798599763,0,1,0,0,0.0607402125040945,0.4717400053829688,0.1396957107876005,0.3278240713253361,3.163295477498214
1086,10,midRight,lowB,4.19288674855862,0,1,0,0,0.0425181487528661,0.6302180037680781,0.0977869975513203,0.2294768499277352,4.102532571895656
1087,10,downRight,high,2.950296528184193,0,0,0,1,0.0297627041270063,0.4411526026376546,0.0684508982859242,0.4606337949494146,3.153414284907235
1088,10,downRight,high,4.152041682877367,0,0,0,1,0.0208338928889044,0.3088068218463582,0.0479156288001469,0.6224436564645903,4.000995893766863
1089,10,downRight,high,4.662305288754699,0,0,0,1,0.0145837250222331,0.2161647752924508,0.0335409401601028,0.7357105595252132,4.828916619932973
1090,10,midLeft,lowC,2.0841883094632854,1,0,0,0,0.3102086075155631,0.1513153427047155,0.023478658112072,0.5149973916676492,2.1087591549141416
1091,10,midLeft,lowC,3.594005024576184,1,0,0,0,0.5171460252608941,0.1059207398933008,0.0164350606784504,0.3604981741673544,3.4357603266844534
1092,10,midLeft,lowC,4.3566975883693,1,0,0,0,0.6620022176826259,0.0741445179253106,0.0115045424749152,0.2523487219171481,4.317243132724223
1093,10,downRight,high,3.090216617993092,0,0,0,1,0.4634015523778381,0.0519011625477174,0.0080531797324407,0.4766441053420037,3.204924489183061
1094,10,midLeft,lowC,4.155185679332732,1,0,0,0,0.6243810866644868,0.0363308137834022,0.0056372258127084,0.3336508737394026,4.24004402610518
1095,10,downRight,high,3.4377923565036785,0,0,0,1,0.4370667606651407,0.0254315696483815,0.0039460580688959,0.5335556116175818,3.480830389814607
1096,10,downLeft,lowA,1.83868120215224,0,0,1,0,0.3059467324655985,0.017802098753867,0.3027622406482271,0.3734889281323073,1.9287016223618387
1097,10,midRight,lowB,2.1543147290884748,0,1,0,0,0.2141627127259189,0.3124614691277069,0.211933568453759,0.2614422496926151,2.0158430354193992
1098,10,midRight,lowB,3.4237072110617714,0,1,0,0,0.1499138989081432,0.5187230283893949,0.1483534979176313,0.1830095747848305,3.3348783352188502
1099,10,downRight,high,2.830902567642357,0,0,0,1,0.1049397292357003,0.3631061198725764,0.1038474485423419,0.4281067023493814,2.8764892064240817
1100,11,downRight,lowA,4.010108067607672,0,0,0,1,0.0734578104649902,0.2541742839108035,0.0726932139796393,0.599674691644567,3.956557468348178
1101,11,midRight,high,3.11956862967062,0,1,0,0,0.0514204673254931,0.4779219987375624,0.0508852497857475,0.4197722841511969,2.995385339983044
1102,11,midRight,high,4.180024568868835,0,1,0,0,0.0359943271278452,0.6345453991162937,0.0356196748500232,0.2938405989058378,4.143391200257209
1103,11,downLeft,lowB,2.249699907399915,0,0,1,0,0.0251960289894916,0.4441817793814056,0.3249337723950162,0.2056884192340864,2.1379264241683913
1104,11,midRight,high,4.011485516047462,0,1,0,0,0.0176372202926441,0.6109272455669839,0.2274536406765113,0.1439818934638605,3.8830905982135295
1105,11,downRight,lowA,2.6759879154301944,0,0,0,1,0.0123460542048509,0.4276490718968887,0.1592175484735579,0.4007873254247023,2.6524506364644953
1106,11,midRight,high,4.010088006423186,0,1,0,0,0.0086422379433956,0.5993543503278221,0.1114522839314905,0.2805511277972916,3.8140457156475804
1107,11,downLeft,lowB,2.6784802626613717,0,0,1,0,0.0060495665603769,0.4195480452294755,0.3780165987520434,0.1963857894581041,2.5397199721478834
1108,11,midRight,high,3.75861932777278,0,1,0,0,0.0042346965922638,0.5936836316606329,0.2646116191264304,0.1374700526206729,3.8412137644193622
1109,11,midRight,high,4.688096596375841,0,1,0,0,0.0029642876145847,0.715578542162443,0.1852281333885012,0.096229036834471,4.765873088643538
1110,11,midRight,high,5.15076258108171,0,1,0,0,0.0020750013302092,0.8009049795137101,0.1296596933719508,0.0673603257841297,5.245371472253679
1111,11,midRight,high,5.648582543428546,0,1,0,0,0.0014525009311465,0.8606334856595971,0.0907617853603656,0.0471522280488908,5.674023471983296
1112,11,downRight,lowA,2.350751145168457,0,0,0,1,0.0010167506518025,0.602443439961718,0.0635332497522559,0.3330065596342235,2.1223679360880663
1113,11,downRight,lowA,3.527957129713837,0,0,0,1,0.0007117254562617,0.4217104079732026,0.0444732748265791,0.5331045917439565,3.500104198622122
1114,11,midLeft,lowC,2.1333738392078585,1,0,0,0,0.3004982078193832,0.2951972855812418,0.0311312923786054,0.3731732142207695,2.1697906735339028
1115,11,downLeft,lowB,2.3240514514410804,0,0,1,0,0.2103487454735682,0.2066380999068692,0.3217919046650238,0.2612212499545386,2.2607199228929797
1116,11,midRight,high,3.092656218775664,0,1,0,0,0.1472441218314978,0.4446466699348084,0.2252543332655166,0.182854874968177,2.8338915908001945
1117,11,downRight,lowA,2.7638209911502107,0,0,0,1,0.1030708852820484,0.3112526689543659,0.1576780332858616,0.4279984124777239,3.053190222763214
1118,11,midRight,high,3.605387184489552,0,1,0,0,0.0721496196974339,0.5178768682680561,0.1103746233001031,0.2995988887344067,3.388151883501949
1119,11,midRight,high,4.513357619998253,0,1,0,0,0.0505047337882037,0.6625138077876392,0.0772622363100722,0.2097192221140847,4.303267252788605
1120,11,midLeft,lowC,2.131069696712432,1,0,0,0,0.3353533136517426,0.4637596654513475,0.0540835654170505,0.1468034554798593,2.24500195503895
1121,11,midLeft,lowC,3.744272785321861,1,0,0,0,0.5347473195562198,0.3246317658159432,0.0378584957919354,0.1027624188359015,3.5665199614734915
1122,11,midRight,high,3.420587451376421,0,1,0,0,0.3743231236893538,0.5272422360711603,0.0265009470543547,0.071933693185131,3.492046106369805
1123,11,midRight,high,4.323890496494918,0,1,0,0,0.2620261865825476,0.6690695652498122,0.0185506629380483,0.0503535852295917,4.353808625753206
1124,11,midRight,high,4.841601271922316,0,1,0,0,0.1834183306077833,0.7683486956748685,0.0129854640566338,0.0352475096607142,5.127985212793892
1125,11,midRight,high,5.438258840043781,0,1,0,0,0.1283928314254483,0.837844086972408,0.0090898248396436,0.0246732567624999,5.289818587080524
1126,11,midRight,high,5.841220781497173,0,1,0,0,0.0898749819978138,0.8864908608806856,0.0063628773877505,0.0172712797337499,5.950356693774027
1127,11,downLeft,lowB,2.070720586447589,0,0,1,0,0.0629124873984696,0.6205436026164799,0.3044540141714254,0.0120898958136249,2.1889169801302826
1128,11,midLeft,lowC,2.246840645790602,1,0,0,0,0.3440387411789287,0.4343805218315359,0.2131178099199978,0.0084629270695374,2.392999466601117
1129,11,downRight,lowA,2.1176603693233607,0,0,0,1,0.2408271188252501,0.3040663652820752,0.1491824669439984,0.3059240489486762,2.1116605991002055
1130,11,downLeft,lowB,2.584228771527695,0,0,1,0,0.168578983177675,0.2128464556974526,0.4044277268607988,0.2141468342640733,2.5639314444602066
1131,11,midRight,high,2.9897915578189767,0,1,0,0,0.1180052882243725,0.4489925189882168,0.2830994088025592,0.1499027839848513,3.2087481466771743
1132,11,midRight,high,3.9660938274343263,0,1,0,0,0.0826037017570608,0.6142947632917518,0.1981695861617914,0.1049319487893959,4.024504346857951
1133,11,downLeft,lowB,2.8527533732492145,0,0,1,0,0.0578225912299425,0.4300063343042263,0.438718710313254,0.0734523641525771,2.9724034683957754
1134,11,midRight,high,4.074635628120412,0,1,0,0,0.0404758138609597,0.6010044340129584,0.3071030972192778,0.051416654906804,3.9448734828922025
1135,11,midLeft,lowC,2.3631427139437124,1,0,0,0,0.3283330697026718,0.4207031038090709,0.2149721680534945,0.0359916584347628,2.259662728990333
1136,11,downLeft,lowB,2.728832774248468,0,0,1,0,0.2298331487918702,0.2944921726663496,0.4504805176374461,0.0251941609043339,3.0048465161558253
1137,11,midRight,high,3.3654030038710734,0,1,0,0,0.1608832041543091,0.5061445208664448,0.3153363623462123,0.0176359126330337,3.358464918195027
1138,11,midRight,high,4.304992473106457,0,1,0,0,0.1126182429080164,0.6543011646065113,0.2207354536423486,0.0123451388431236,4.2968881175262235
1139,11,downLeft,lowB,2.900563654218204,0,0,1,0,0.0788327700356115,0.4580108152245579,0.454514817549644,0.0086415971901865,2.7532167702259764
1140,11,midRight,high,4.115136555302923,0,1,0,0,0.055182939024928,0.6206075706571905,0.3181603722847508,0.0060491180331305,4.107539724755307
1141,11,downLeft,lowB,3.342893601526425,0,0,1,0,0.0386280573174496,0.4344252994600334,0.5227122605993255,0.0042343826231914,3.563440110528217
1142,11,downLeft,lowB,4.43149078677974,0,0,1,0,0.0270396401222147,0.3040977096220233,0.6658985824195278,0.0029640678362339,4.319106993343256
1143,11,midRight,high,3.281638762277164,0,1,0,0,0.0189277480855503,0.5128683967354164,0.4661290076936695,0.0020748474853637,3.4030916315839073
1144,11,downRight,lowA,1.9942142611392315,0,0,0,1,0.0132494236598852,0.3590078777147915,0.3262903053855687,0.3014523932397546,2.1084251035587083
1145,11,midRight,high,3.5446976871135654,0,1,0,0,0.0092745965619196,0.551305514400354,0.228403213769898,0.2110166752678282,3.757295550354535
1146,11,midLeft,lowC,2.0297363298782027,1,0,0,0,0.3064922175933437,0.3859138600802478,0.1598822496389286,0.1477116726874797,2.2157557526743457
1147,11,midRight,high,3.8452683925885336,0,1,0,0,0.2145445523153406,0.5701397020561735,0.11191757474725,0.1033981708812358,3.787509969701762
1148,11,midLeft,lowC,2.9602261477748093,1,0,0,0,0.4501811866207383,0.3990977914393214,0.078342302323075,0.072378719616865,2.9864921000229017
1149,11,midRight,high,3.727188553357044,0,1,0,0,0.3151268306345168,0.579368454007525,0.0548396116261525,0.0506651037318055,3.6827950846728736
1150,11,midRight,high,4.64490452348854,0,1,0,0,0.2205887814441618,0.7055579178052676,0.0383877281383067,0.0354655726122638,4.592587506833654
1151,11,midRight,high,5.135587893067188,0,1,0,0,0.1544121470109132,0.7938905424636873,0.0268714096968147,0.0248259008285847,5.261572257681817
1152,11,midRight,high,5.499223449074554,0,1,0,0,0.1080885029076393,0.8557233797245811,0.0188099867877703,0.0173781305800093,5.590030595945503
1153,11,downRight,lowA,2.1123977406086563,0,0,0,1,0.0756619520353475,0.5990063658072068,0.0131669907514392,0.3121646914060065,2.0722833060427575
1154,11,midLeft,lowC,2.504423328262573,1,0,0,0,0.3529633664247432,0.4193044560650447,0.0092168935260074,0.2185152839842045,2.2449965323546
1155,11,downLeft,lowB,2.1790404862688404,0,0,1,0,0.2470743564973203,0.2935131192455313,0.3064518254682052,0.1529606987889432,2.029040736006474
1156,11,midLeft,lowC,3.259813835531525,1,0,0,0,0.4729520495481242,0.2054591834718719,0.2145162778277436,0.1070724891522602,3.143155225465127
1157,11,midRight,high,2.686711914702739,0,1,0,0,0.3310664346836869,0.4438214284303103,0.1501613944794205,0.0749507424065821,2.80060777496238
1158,11,downLeft,lowB,2.5676478370931264,0,0,1,0,0.2317465042785808,0.3106749999012173,0.4051129761355944,0.0524655196846075,2.7124572590499634
1159,11,midRight,high,3.3085802455249063,0,1,0,0,0.1622225529950066,0.5174724999308521,0.2835790832949161,0.0367258637792252,3.5776820495574797
1160,11,downLeft,lowB,3.4507656190049296,0,0,1,0,0.1135557870965046,0.3622307499515964,0.4985053583064412,0.0257081046454576,3.369910312568547
1161,11,midRight,high,3.51433234521348,0,1,0,0,0.0794890509675532,0.5535615249661174,0.3489537508145088,0.0179956732518203,3.5335065680871467
1162,11,midRight,high,4.370467364675307,0,1,0,0,0.0556423356772872,0.6874930674762822,0.2442676255701562,0.0125969712762742,4.431188537548242
1163,11,midRight,high,5.133520110332036,0,1,0,0,0.038949634974101,0.7812451472333976,0.1709873378991093,0.0088178798933919,5.120922695277139
1164,11,midLeft,lowC,2.11664888983166,1,0,0,0,0.3272647444818707,0.5468716030633782,0.1196911365293765,0.0061725159253743,2.1695554704458178
1165,11,midRight,high,4.337188170782218,0,1,0,0,0.2290853211373095,0.6828101221443648,0.0837837955705635,0.004320761147762,4.541149816376735
1166,11,midLeft,lowC,3.009561019938772,1,0,0,0,0.4603597247961166,0.4779670855010554,0.0586486568993945,0.0030245328034334,3.0767564187829324
1167,11,downRight,lowA,1.8574517765791476,0,0,0,1,0.3222518073572816,0.3345769598507387,0.0410540598295761,0.3021171729624034,1.9123066959497805
1168,11,midRight,high,3.5210169354190346,0,1,0,0,0.2255762651500971,0.5342038718955171,0.0287378418807033,0.2114820210736824,3.2736125137752707
1169,11,downRight,lowA,2.946653957379856,0,0,0,1,0.157903385605068,0.373942710326862,0.0201164893164923,0.4480374147515776,3.063129818188637
1170,11,midRight,high,3.6792094063398335,0,1,0,0,0.1105323699235476,0.5617598972288034,0.0140815425215446,0.3136261903261044,3.699334596206323
1171,11,midLeft,lowC,2.607362308806596,1,0,0,0,0.3773726589464833,0.3932319280601624,0.0098570797650812,0.2195383332282731,2.4503429467262596
1172,11,midRight,high,3.800299630369832,0,1,0,0,0.2641608612625383,0.5752623496421136,0.0068999558355568,0.1536768332597911,3.7408713418516992
1173,11,downRight,lowA,2.490448195807399,0,0,0,1,0.1849126028837768,0.4026836447494796,0.0048299690848898,0.4075737832818538,2.5446982900059285
1174,11,midRight,high,3.8292280559512606,0,1,0,0,0.1294388220186438,0.5818785513246357,0.0033809783594228,0.2853016482972976,3.5923951078304843
1175,11,midRight,high,4.415465612920355,0,1,0,0,0.0906071754130506,0.707314985927245,0.002366684851596,0.1997111538081083,4.553065119005283
1176,11,midRight,high,5.0792261516626125,0,1,0,0,0.0634250227891354,0.7951204901490715,0.0016566793961172,0.1397978076656758,5.129888634791077
1177,11,downRight,lowA,2.5971894546664105,0,0,0,1,0.0443975159523948,0.55658434310435,0.001159675577282,0.3978584653659731,2.7525056862353585
1178,11,midRight,high,4.449476758348422,0,1,0,0,0.0310782611666763,0.689609040173045,0.0008117729040974,0.2785009257561811,4.463670726750089
1179,11,midRight,high,5.046761722698949,0,1,0,0,0.0217547828166734,0.7827263281211315,0.0005682410328682,0.1949506480293268,5.09064551664208
1180,11,downRight,lowA,2.8871362182753235,0,0,0,1,0.0152283479716714,0.547908429684792,0.0003977687230077,0.4364654536205287,2.8656799593248965
1181,11,downLeft,lowB,2.013677953637917,0,0,1,0,0.01065984358017,0.3835359007793544,0.3002784381061054,0.3055258175343701,1.9369120472444088
1182,11,downRight,lowA,3.309413508176997,0,0,0,1,0.007461890506119,0.268475130545548,0.2101949066742737,0.5138680722740591,3.2781439661918275
1183,11,midRight,high,3.225508897917372,0,1,0,0,0.0052233233542833,0.4879325913818836,0.1471364346719916,0.3597076505918413,3.1411673008460648
1184,11,midLeft,lowC,2.0464639095202446,1,0,0,0,0.3036563263479983,0.3415528139673185,0.1029955042703941,0.2517953554142889,2.026991531254356
1185,11,midRight,high,3.6808495168601394,0,1,0,0,0.2125594284435988,0.539086969777123,0.0720968529892759,0.1762567487900022,3.4461077645772353
1186,11,downRight,lowA,2.8000732653961884,0,0,0,1,0.1487915999105191,0.3773608788439861,0.0504677970924931,0.4233797241530015,2.9144716631807577
1187,11,midLeft,lowC,2.5432962522482603,1,0,0,0,0.4041541199373634,0.2641526151907902,0.0353274579647451,0.2963658069071011,2.604787880232079
1188,11,midRight,high,3.23053345104292,0,1,0,0,0.2829078839561544,0.4849068306335531,0.0247292205753216,0.2074560648349708,3.0974921218706104
1189,11,downLeft,lowB,1.941805762866799,0,0,1,0,0.198035518769308,0.3394347814434872,0.3173104544027251,0.1452192453844795,2.1729421962534192
1190,11,midLeft,lowC,2.8967646203908264,1,0,0,0,0.4386248631385156,0.237604347010441,0.2221173180819075,0.1016534717691357,2.915339313223809
1191,11,midRight,high,3.223335402818503,0,1,0,0,0.3070374041969609,0.4663230429073087,0.1554821226573353,0.0711574302383949,3.0705923139548417
1192,11,downLeft,lowB,2.723730940979552,0,0,1,0,0.2149261829378726,0.3264261300351161,0.4088374858601347,0.0498102011668765,2.833599684307429
1193,11,midRight,high,3.4042564464879144,0,1,0,0,0.1504483280565108,0.5284982910245812,0.2861862401020942,0.0348671408168135,3.4877568603971145
1194,11,midRight,high,4.355471536606201,0,1,0,0,0.1053138296395576,0.6699488037172069,0.2003303680714659,0.0244069985717694,4.435032031711093
1195,11,midRight,high,4.9775507260228125,0,1,0,0,0.0737196807476903,0.7689641626020448,0.1402312576500262,0.0170848990002386,5.196672592494443
1196,11,midLeft,lowC,2.374291638791024,1,0,0,0,0.3516037765233832,0.5382749138214313,0.0981618803550183,0.011959429300167,2.2488796195678082
1197,11,downRight,lowA,1.8993068767972892,0,0,0,1,0.2461226435663682,0.376792439675002,0.0687133162485128,0.3083716005101169,1.7609172236046011
1198,11,midRight,high,3.643465902063945,0,1,0,0,0.1722858504964577,0.5637547077725014,0.0480993213739589,0.2158601203570818,3.525960862769972
1199,11,midRight,high,4.602956104362206,0,1,0,0,0.1206000953475204,0.694628295440751,0.0336695249617712,0.1511020842499573,4.397417738565459
