Trial,switch,t_pos,t_frequency,resp_speed,Resp,Reward_midLeft,Reward_midRight,Reward_downLeft,Reward_downRight,Pval_midLeft,Pval_midRight,Pval_downLeft,Pval_downRight,simulated_RS
0,0,midLeft,high,4.776874566534125,1,100,0,0,0,80.05000000000001,0.0499999999999999,0.0499999999999999,0.0499999999999999,4.697600016189873
1,0,downLeft,lowB,4.122052628623852,1,0,0,1,0,16.010000000000005,0.0099999999999999,0.81,0.0099999999999999,4.18458986113352
2,0,midRight,lowA,4.022218276871627,1,0,1,0,0,3.202,0.802,0.1619999999999999,0.0019999999999999,3.770982609643691
3,0,downRight,lowC,3.9699273649584352,1,0,0,0,1,0.6403999999999996,0.1604,0.0323999999999999,0.8004,3.9851838574367737
4,0,midLeft,high,5.660611858718573,1,100,0,0,0,80.12808000000001,0.03208,0.0064799999999999,0.16008,5.542132093076224
5,0,downLeft,lowB,3.86059482412002,1,0,0,1,0,16.025616,0.0064159999999999,0.801296,0.0320159999999999,4.019063558057001
6,0,midLeft,high,43.954055840929215,1,100,0,0,0,83.2051232,0.0012831999999999,0.1602591999999999,0.0064031999999999,44.050866313570545
7,0,midLeft,high,211.9281927450145,1,100,0,0,0,96.64102464,0.0002566399999999,0.0320518399999999,0.0012806399999999,211.99953954680643
8,0,midRight,lowA,4.064214040556831,1,0,1,0,0,19.32820492799999,0.800051328,0.0064103679999999,0.0002561279999999,3.9467104807593993
9,0,downRight,lowC,3.850180947811465,1,0,0,0,1,3.865640985599997,0.1600102655999999,0.0012820735999999,0.8000512256000001,4.048541742261472
10,0,midLeft,high,13.650489410537784,1,100,0,0,0,80.77312819712,0.0320020531199999,0.0002564147199999,0.1600102451199999,13.44964012887628
11,0,downLeft,lowB,4.043392257155109,0,0,0,0,0,16.154625639423998,0.0064004106239999,5.128294399999993e-05,0.0320020490239999,4.006943326822908
12,0,midLeft,high,44.39833652309232,1,100,0,0,0,83.2309251278848,0.0012800821247999,1.0256588799999986e-05,0.0064004098047999,44.26714400939205
13,0,midLeft,high,212.04821344831376,1,100,0,0,0,96.64618502557695,0.0002560164249599,2.051317759999997e-06,0.0012800819609599,212.1135735982467
14,0,midRight,lowA,3.984051023812407,1,0,1,0,0,19.329237005115388,0.800051203284992,4.102635519999992e-07,0.0002560163921919,3.9714698065105476
15,0,downLeft,lowB,4.001842618178364,0,0,0,0,0,3.865847401023077,0.1600102406569983,8.205271039999984e-08,5.1203278438399904e-05,4.0557416318470505
16,0,downRight,lowC,4.000074973141504,1,0,0,0,1,0.773169480204615,0.0320020481313996,1.6410542079999966e-08,0.8000102406556877,3.913378126833704
17,0,midLeft,high,6.255606438990768,1,100,0,0,0,80.15463389604093,0.0064004096262799,3.282108415999993e-09,0.1600020481311375,5.787714819115041
18,0,downRight,lowC,4.528648421395273,1,0,0,0,1,16.030926779208187,0.0012800819252559,6.564216831999984e-10,0.8320004096262276,4.444507576248164
19,0,downLeft,lowB,3.896543265310483,0,0,0,0,0,3.2061853558416367,0.0002560163850511,1.3128433663999968e-10,0.1664000819252454,3.9276390374842625
20,0,downLeft,lowB,3.991688361435003,0,0,0,0,0,0.6412370711683271,5.120327701023939e-05,2.6256867327999927e-11,0.0332800163850491,4.0768694141907424
21,0,downLeft,lowB,3.926287939128717,0,0,0,0,0,0.1282474142336653,1.0240655402047877e-05,5.251373465599984e-12,0.0066560032770098,4.064486792775936
22,0,midRight,lowA,3.85580403290102,1,0,1,0,0,0.025649482846733,0.8000020481310804,1.0502746931199964e-12,0.0013312006554019,4.068184720927885
23,0,downRight,lowC,3.9671865812334897,1,0,0,0,1,0.0051298965693466,0.1600004096262161,2.1005493862399926e-13,0.8002662401310804,4.095416816653545
24,0,midRight,lowA,4.5549407497655,1,0,1,0,0,0.0010259793138693,0.8320000819252432,4.201098772479984e-14,0.160053248026216,4.418619682556202
25,0,downLeft,lowB,4.156317465891772,1,0,0,1,0,0.0002051958627738,0.1664000163850486,0.8000000000000085,0.0320106496052431,4.0342967069311495
26,0,midRight,lowA,4.34327434808057,1,0,1,0,0,4.103917255477289e-05,0.8332800032770098,0.1600000000000017,0.0064021299210486,4.4210099477656035
27,0,downRight,lowC,4.173160861849982,1,0,0,0,1,8.20783451095458e-06,0.1666560006554018,0.0320000000000003,0.8012804259842098,3.9812526131223174
28,0,midRight,lowA,4.415611456118089,1,0,1,0,0,1.6415669021909154e-06,0.8333312001310804,0.0064,0.1602560851968418,4.335574584830327
29,0,downRight,lowC,4.325958738019105,1,0,0,0,1,3.28313380438183e-07,0.166666240026216,0.00128,0.8320512170393685,4.629305597438186
30,0,downRight,lowC,6.100652672132306,0,0,0,0,0,6.566267608763661e-08,0.0333332480052432,0.000256,0.1664102434078737,5.977736362538608
31,0,midRight,lowA,4.000753599199731,1,0,1,0,0,1.3132535217527322e-08,0.8066666496010487,5.1200000000000486e-05,0.0332820486815747,4.1809214753588995
32,0,midRight,lowA,6.006466782331882,1,0,1,0,0,2.626507043505464e-09,0.9613333299202098,1.0240000000000092e-05,0.0066564097363149,5.901064811503283
33,0,midRight,lowA,6.256066081771897,1,0,1,0,0,5.253014087010929e-10,0.992266665984042,2.0480000000000183e-06,0.0013312819472629,6.328074211034071
34,0,midRight,lowA,6.602513759858085,1,0,1,0,0,1.0506028174021853e-10,0.9984533331968084,4.096000000000037e-07,0.0002662563894525,6.453413737326381
35,0,midRight,lowA,6.550541150460242,1,0,1,0,0,2.10120563480437e-11,0.9996906666393616,8.192000000000072e-08,5.325127789051947e-05,6.3996010009981035
36,0,midRight,lowA,6.383790089394762,1,0,1,0,0,4.20241126960874e-12,0.9999381333278724,1.6384000000000142e-08,1.0650255578103889e-05,6.615987522541724
37,0,midLeft,high,4.042226701785009,1,100,0,0,0,80.00000000000085,0.1999876266655744,3.2768000000000274e-09,2.1300511156207777e-06,4.052723703486919
38,0,midRight,lowA,4.474359662056227,1,0,1,0,0,16.00000000000017,0.8399975253331149,6.553600000000055e-10,4.260102231241555e-07,4.513404623875698
39,0,midRight,lowA,6.127283104850241,1,0,1,0,0,3.200000000000033,0.967999505066623,1.310720000000011e-10,8.520204462483107e-08,6.062527515936906
40,0,midRight,lowA,6.393903963217622,1,0,1,0,0,0.6400000000000063,0.9935999010133246,2.621440000000022e-11,1.7040408924966212e-08,6.39829696129579
41,0,midLeft,high,5.652826860120371,0,0,0,0,0,0.1280000000000012,0.1987199802026649,5.242880000000043e-12,3.4080817849932404e-09,5.68815135127679
42,0,midLeft,high,4.416774035548396,1,100,0,0,0,80.02560000000001,0.0397439960405329,1.0485760000000082e-12,6.816163569986477e-10,4.277126152996671
43,0,downLeft,lowB,3.9806137175400056,1,0,0,1,0,16.005120000000005,0.0079487992081065,0.8000000000002098,1.3632327139972959e-10,4.042029250492114
44,0,midRight,lowA,3.885642322016883,1,0,1,0,0,3.2010240000000003,0.8015897598416213,0.1600000000000419,2.726465427994592e-11,3.860539035813206
45,0,downLeft,lowB,4.472392616840376,1,0,0,1,0,0.6402047999999998,0.1603179519683242,0.8320000000000084,5.452930855989184e-12,4.438993302634072
46,0,downLeft,lowB,6.183868685027506,1,0,0,1,0,0.1280409599999999,0.0320635903936648,0.9664000000000016,1.0905861711978364e-12,6.169705425485653
47,0,downRight,lowC,4.030762345758976,0,0,0,0,0,0.0256081919999999,0.0064127180787329,0.1932800000000003,2.1811723423956725e-13,3.9403449704635385
48,0,downLeft,lowB,4.48375440080879,0,0,0,0,0,0.0051216383999999,0.0012825436157465,0.038656,4.362344684791344e-14,4.539412642009425
49,0,midLeft,high,4.07923936559402,0,0,0,0,0,0.0010243276799999,0.0002565087231493,0.0077312,8.724689369582686e-15,3.9827731120581875
50,0,midLeft,high,3.9586781790273,0,0,0,0,0,0.0002048655359999,5.130174462986365e-05,0.00154624,1.7449378739165365e-15,3.9619208765601885
51,0,downRight,lowC,3.9335539841515543,1,0,0,0,1,4.097310719999997e-05,1.0260348925972723e-05,0.000309248,0.8000000000000004,4.1068571115317845
52,0,midRight,lowA,4.019413217440943,0,0,0,0,0,8.194621439999994e-06,2.052069785194545e-06,6.184959999999998e-05,0.16,3.8021585702530114
53,0,midRight,lowA,3.890784116745521,1,0,1,0,0,1.6389242879999988e-06,0.8000004104139571,1.2369919999999991e-05,0.032,4.073090204929521
54,0,downLeft,lowB,4.177365753874867,1,0,0,1,0,3.277848575999997e-07,0.1600000820827913,0.800002473984,0.0063999999999999,4.116424631787768
55,0,midLeft,high,3.959115584507675,1,100,0,0,0,80.00000006555697,0.0320000164165582,0.1600004947968,0.0012799999999999,3.8580572340340478
56,0,downLeft,lowB,4.440750355503755,0,0,0,0,0,16.00000001311139,0.0064000032833116,0.0320000989593599,0.0002559999999999,4.39584212267006
57,0,midLeft,high,43.86640033444636,1,100,0,0,0,83.20000000262228,0.0012800006566623,0.0064000197918719,5.119999999999997e-05,44.06006320847047
58,0,midLeft,high,211.87530508232285,1,100,0,0,0,96.64000000052444,0.0002560001313324,0.0012800039583743,1.023999999999999e-05,211.9630777640672
59,0,downLeft,lowB,4.201436499800184,1,0,0,1,0,19.32800000010488,5.120002626649321e-05,0.8002560007916749,2.047999999999998e-06,3.8707213085875978
60,0,downRight,lowC,4.06830500731629,1,0,0,0,1,3.865600000020976,1.024000525329864e-05,0.1600512001583349,0.8000004096000001,3.8916394884881127
61,0,midLeft,high,13.864747674309346,1,100,0,0,0,80.7731200000042,2.0480010506597285e-06,0.032010240031667,0.1600000819199999,13.57334567660978
62,0,midLeft,high,205.9126838554426,0,0,0,0,0,16.154624000000837,4.096002101319457e-07,0.0064020480063333,0.0320000163839999,205.77625894568598
63,0,midRight,lowA,4.024149568239466,1,0,1,0,0,3.230924800000168,0.800000081920042,0.0012804096012666,0.0064000032767999,3.9267367879142805
64,0,downRight,lowC,4.139303421361861,0,0,0,0,0,0.6461849600000331,0.1600000163840084,0.0002560819202533,0.0012800006553599,3.917205383865956
65,0,downRight,lowC,4.005412071009009,1,0,0,0,1,0.1292369920000066,0.0320000032768016,5.121638405066714e-05,0.800256000131072,3.9974900704438228
66,0,downRight,lowC,5.842577468982706,1,0,0,0,1,0.0258473984000013,0.0064000006553603,1.0243276810133426e-05,0.9600512000262144,5.7720265337539995
67,0,midLeft,high,4.001098674991876,1,100,0,0,0,80.00516947968,0.001280000131072,2.048655362026684e-06,0.1920102400052428,4.043387717561747
68,0,downLeft,lowB,4.064245057685199,1,0,0,1,0,16.001033895936004,0.0002560000262144,0.8000004097310724,0.0384020480010485,3.978808548698378
69,0,downRight,lowC,4.30697123088404,0,0,0,0,0,3.2002067791872,5.120000524288262e-05,0.1600000819462144,0.0076804096002097,4.171244622128317
70,0,downRight,lowC,4.17131427420856,1,0,0,0,1,0.6400413558374396,1.024000104857652e-05,0.0320000163892428,0.801536081920042,4.044467393911542
71,0,downLeft,lowB,4.245726171514432,0,0,0,0,0,0.1280082711674879,2.048000209715303e-06,0.0064000032778485,0.1603072163840083,4.097305747202401
72,0,midRight,lowA,4.041813746048228,1,0,1,0,0,0.0256016542334975,0.800000409600042,0.0012800006555697,0.0320614432768016,4.0259029875380925
73,0,midRight,lowA,5.907698506642255,1,0,1,0,0,0.0051203308466995,0.9600000819200084,0.0002560001311139,0.0064122886553603,6.088065700612049
74,0,midRight,lowA,6.463449983478978,0,0,0,0,0,0.0010240661693399,0.1920000163840016,5.120002622278859e-05,0.001282457731072,6.488931279999663
75,0,downLeft,lowB,4.040024666250065,1,0,0,1,0,0.0002048132338679,0.0384000032768003,0.8000102400052446,0.0002564915462144,3.98311168354459
76,0,downRight,lowC,4.182166779508408,1,0,0,0,1,4.09626467735961e-05,0.00768000065536,0.1600020480010489,0.8000512983092429,3.838856014736717
77,0,downRight,lowC,6.076469186188171,1,0,0,0,1,8.192529354719217e-06,0.001536000131072,0.0320004096002097,0.9600102596618486,5.79276468315144
78,0,downRight,lowC,6.4819303453081,1,0,0,0,1,1.6385058709438429e-06,0.0003072000262144,0.0064000819200419,0.9920020519323696,6.375515623345467
79,0,downLeft,lowB,4.237309317023463,1,0,0,1,0,3.2770117418876857e-07,6.144000524288047e-05,0.8012800163840085,0.1984004103864739,4.000893743274949
80,0,downRight,lowC,4.49155239021703,0,0,0,0,0,6.554023483775369e-08,1.228800104857609e-05,0.1602560032768016,0.0396800820772947,4.296302200284315
81,0,downLeft,lowB,4.460399369201841,1,0,0,1,0,1.3108046967550736e-08,2.457600209715217e-06,0.8320512006553604,0.0079360164154589,4.349954904662672
82,0,midLeft,high,3.8987509124547617,0,0,0,0,0,2.621609393510146e-09,4.915200419430433e-07,0.166410240131072,0.0015872032830917,3.999658562172465
83,0,downLeft,lowB,4.431769825220814,1,0,0,1,0,5.243218787020288e-10,9.830400838860866e-08,0.8332820480262144,0.0003174406566183,4.249787951497746
84,0,downRight,lowC,4.1108147723657815,1,0,0,0,1,1.048643757404058e-10,1.9660801677721728e-08,0.1666564096052428,0.8000634881313237,4.004743575757883
85,0,midLeft,high,3.911562802452244,1,100,0,0,0,80.00000000002098,3.932160335544346e-09,0.0333312819210485,0.1600126976262647,4.087421914848819
86,0,midLeft,high,204.21191237716988,0,0,0,0,0,16.000000000004192,7.86432067108869e-10,0.0066662563842097,0.0320025395252529,204.09431352217672
87,0,downLeft,lowB,4.0293422041067055,1,0,0,1,0,3.2000000000008377,1.5728641342177376e-10,0.801333251276842,0.0064005079050505,3.8772793210688303
88,0,midRight,lowA,4.079413347445209,1,0,1,0,0,0.6400000000001675,0.8000000000314573,0.1602666502553683,0.0012801015810101,3.8914544534731013
89,0,downLeft,lowB,4.460397072197933,1,0,0,1,0,0.1280000000000335,0.1600000000062914,0.8320533300510737,0.000256020316202,4.357520045834254
90,0,downLeft,lowB,6.182008825339517,0,0,0,0,0,0.0256000000000067,0.0320000000012582,0.1664106660102147,5.120406324040462e-05,5.8994312800948325
91,0,downLeft,lowB,4.441284462544381,0,0,0,0,0,0.0051200000000013,0.0064000000002516,0.0332821332020429,1.0240812648080918e-05,4.434873510079407
92,0,downRight,lowC,4.126075733193868,1,0,0,0,1,0.0010240000000002,0.0012800000000503,0.0066564266404085,0.8000020481625296,3.9404645220754704
93,0,midRight,lowA,3.869416545731762,1,0,1,0,0,0.0002048,0.8002560000000101,0.0013312853280817,0.1600004096325058,3.8667717066869267
94,0,downRight,lowC,4.316216988347694,1,0,0,0,1,4.096000000001069e-05,0.1600512000000019,0.0002662570656163,0.8320000819265012,4.247639069737036
95,0,midLeft,high,3.8352519727280217,1,100,0,0,0,80.00000819200001,0.0320102400000003,5.32514131232686e-05,0.1664000163853002,4.0589022953855896
96,0,midLeft,high,204.12162187631145,1,100,0,0,0,96.0000016384,0.006402048,1.0650282624653716e-05,0.03328000327706,203.97883870529662
97,0,downRight,lowC,4.116363445049993,0,0,0,0,0,19.20000032768,0.0012804096,2.1300565249307422e-06,0.006656000655412,4.11278492028688
98,0,midLeft,high,51.92601104361058,1,100,0,0,0,83.840000065536,0.00025608192,4.260113049861483e-07,0.0013312001310824,52.02287111448034
99,0,downRight,lowC,4.075448188660039,0,0,0,0,0,16.768000013107198,5.121638400000056e-05,8.520226099722966e-08,0.0002662400262164,4.060869899223886
100,1,midRight,lowB,4.050419618718116,1,0,1,0,0,3.353600002621439,0.8000102432768,1.7040452199445936e-08,5.324800524329602e-05,4.055055059484224
101,1,midLeft,lowA,12.413968069696011,1,1,0,0,0,1.4707200005242878,0.1600020486553599,3.4080904398891854e-09,1.06496010486592e-05,12.344728924099156
102,1,downLeft,high,4.079638105175079,1,0,0,100,0,0.2941440001048574,0.0320004097310719,80.00000000068162,2.1299202097318404e-06,4.169720164171323
103,1,downLeft,high,203.93281916046723,1,0,0,100,0,0.0588288000209714,0.0064000819462143,96.00000000013632,4.2598404194636805e-07,204.01366768451436
104,1,midLeft,lowA,4.089175378027727,0,0,0,0,0,0.0117657600041942,0.0012800163892428,19.20000000002726,8.51968083892736e-08,4.0411320890656635
105,1,downRight,lowC,4.202761996718686,1,0,0,0,1,0.0023531520008388,0.0002560032778485,3.840000000005452,0.8000000170393617,4.137251206410306
106,1,midLeft,lowA,4.081642249935625,1,1,0,0,0,0.8004706304001679,5.120065556971516e-05,0.76800000000109,0.1600000034078723,4.074237351411779
107,1,midRight,lowB,4.033594804348657,0,0,0,0,0,0.1600941260800334,1.024013111394303e-05,0.153600000000218,0.0320000006815744,3.9735561021202694
108,1,midRight,lowB,4.056139944665197,0,0,0,0,0,0.0320188252160066,2.0480262227886056e-06,0.0307200000000436,0.0064000001363148,3.987971560133467
109,1,downLeft,high,3.978522744500476,1,0,0,100,0,0.0064037650432013,4.09605244557721e-07,80.00614400000002,0.0012800000272629,4.011379824740861
110,1,downRight,lowC,4.154608687257666,1,0,0,0,1,0.0012807530086402,8.192104891154418e-08,16.001228800000007,0.8002560000054526,3.9442720206453457
111,1,midRight,lowB,3.9939774358046902,0,0,0,0,0,0.000256150601728,1.638420978230883e-08,3.2002457600000014,0.1600512000010905,3.9937623362267267
112,1,midRight,lowB,3.98370079157221,1,0,1,0,0,5.1230120345610656e-05,0.800000003276842,0.640049152,0.0320102400002181,3.9988670967254305
113,1,midRight,lowB,5.940515875194198,1,0,1,0,0,1.0246024069122126e-05,0.9600000006553684,0.1280098304,0.0064020480000436,5.666911573969175
114,1,midLeft,lowA,3.9996400383934687,1,1,0,0,0,0.8000020492048139,0.1920000001310736,0.0256019660799999,0.0012804096000087,3.999243683307636
115,1,downRight,lowC,3.886243057056365,1,0,0,0,1,0.1600004098409627,0.0384000000262147,0.0051203932159999,0.8002560819200017,3.7385385495792973
116,1,midLeft,lowA,4.295784961549532,1,1,0,0,0,0.8320000819681926,0.0076800000052429,0.0010240786431999,0.1600512163840003,4.413420894599792
117,1,downLeft,high,4.022643793988364,1,0,0,100,0,0.1664000163936384,0.0015360000010485,80.00020481572865,0.0320102432768,3.8329239264409285
118,1,downRight,lowC,4.123164628264863,1,0,0,0,1,0.0332800032787276,0.0003072000002097,16.00004096314572,0.80640204865536,3.915990697791484
119,1,midRight,lowB,4.024600856599715,1,0,1,0,0,0.0066560006557455,0.800061440000042,3.2000081926291437,0.1612804097310719,4.144301486049735
120,1,midRight,lowB,5.994655427049715,1,0,1,0,0,0.0013312001311491,0.9600122880000084,0.6400016385258285,0.0322560819462143,5.956457733711008
121,1,downLeft,high,5.671691530750939,0,0,0,0,0,0.0002662400262298,0.1920024576000016,0.1280003277051656,0.0064512163892428,5.605827182130934
122,1,downLeft,high,4.379134297835756,1,0,0,100,0,5.324800524596424e-05,0.0384004915200003,80.02560006554104,0.0012902432778485,4.249098676335675
123,1,downLeft,high,204.0033539330624,1,0,0,100,0,1.0649601049192844e-05,0.007680098304,96.0051200131082,0.0002580486555697,204.05174093863982
124,1,downLeft,high,244.0674088851676,1,0,0,100,0,2.129920209838568e-06,0.0015360196608,99.20102400262164,5.160973111394292e-05,243.91946712220627
125,1,downRight,lowC,4.03296620756988,1,0,0,0,1,4.259840419677136e-07,0.00030720393216,19.84020480052432,0.8000103219462228,4.023324057551374
126,1,midRight,lowB,4.092039955115072,1,0,1,0,0,8.51968083935427e-08,0.800061440786432,3.968040960104864,0.1600020643892444,4.058893610706109
127,1,midRight,lowB,5.997725181956469,1,0,1,0,0,1.7039361678708532e-08,0.9600122881572865,0.7936081920209723,0.0320004128778488,6.142652260090505
128,1,downLeft,high,5.96104543135194,0,0,0,0,0,3.407872335741705e-09,0.1920024576314573,0.1587216384041944,0.0064000825755697,5.9586359361131
129,1,midLeft,lowA,3.913280744596253,0,0,0,0,0,6.815744671483408e-10,0.0384004915262914,0.0317443276808388,0.0012800165151139,3.9165074641067337
130,1,downRight,lowC,4.086349967473767,1,0,0,0,1,1.363148934296681e-10,0.0076800983052582,0.0063488655361677,0.8002560033030228,3.906452140551364
131,1,downLeft,high,3.933602820514664,1,0,0,100,0,2.7262978685933618e-11,0.0015360196610516,80.00126977310724,0.1600512006606045,3.798292061663774
132,1,downLeft,high,203.9469959588016,1,0,0,100,0,5.452595737186722e-12,0.0003072039322103,96.00025395462146,0.0320102401321208,203.98483382458605
133,1,midLeft,lowA,4.012385041630098,1,1,0,0,0,0.8000000000010906,6.144078644206626e-05,19.20005079092428,0.0064020480264241,3.9112398761552916
134,1,midRight,lowB,4.073004327911717,1,0,1,0,0,0.160000000000218,0.8000122881572884,3.840010158184855,0.0012804096052848,4.025621735763205
135,1,midLeft,lowA,4.364666900426066,1,1,0,0,0,0.8320000000000437,0.1600024576314576,0.7680020316369709,0.0002560819210569,4.339319639410701
136,1,midRight,lowB,4.389336636087188,0,0,0,0,0,0.1664000000000086,0.0320004915262915,0.1536004063273941,5.121638421139339e-05,4.311685809294676
137,1,downRight,lowC,4.00385724102809,1,0,0,0,1,0.0332800000000017,0.0064000983052582,0.0307200812654788,0.8000102432768423,3.9105806005375054
138,1,downLeft,high,4.115600150852575,0,0,0,0,0,0.0066560000000003,0.0012800196610516,0.0061440162530957,0.1600020486553683,3.9834091949010118
139,1,downRight,lowC,4.317259875066195,1,0,0,0,1,0.0013312,0.0002560039322103,0.0012288032506191,0.8320004097310737,4.190809134324721
140,1,downRight,lowC,6.062294293343191,0,0,0,0,0,0.00026624,5.120078644206636e-05,0.0002457606501238,0.1664000819462147,5.930552727891757
141,1,midRight,lowB,4.06375176068189,0,0,0,0,0,5.32480000000027e-05,1.0240157288413268e-05,4.9152130024766026e-05,0.0332800163892429,4.010763333127066
142,1,downRight,lowC,4.142580972919603,0,0,0,0,0,1.0649600000000536e-05,2.0480314576826533e-06,9.830426004953202e-06,0.0066560032778485,4.081563598981646
143,1,downRight,lowC,3.8894047979655633,1,0,0,0,1,2.129920000000106e-06,4.096062915365305e-07,1.966085200990641e-06,0.8013312006555697,3.898787057320212
144,1,downLeft,high,4.102537652672209,1,0,0,100,0,4.259840000000212e-07,8.19212583073061e-08,80.00000039321705,0.1602662401311139,4.126101248226261
145,1,midLeft,lowA,3.958432151366867,0,0,0,0,0,8.519680000000423e-08,1.6384251661461217e-08,16.00000007864341,0.0320532480262227,3.936045929360058
146,1,downRight,lowC,4.184085327999701,1,0,0,0,1,1.703936000000084e-08,3.276850332292243e-09,3.2000000157286816,0.8064106496052446,4.3352529929486305
147,1,midRight,lowB,3.886599072719368,0,0,0,0,0,3.4078720000001675e-09,6.553700664584485e-10,0.6400000031457362,0.1612821299210488,4.084475832223886
148,1,downRight,lowC,4.301121623596728,1,0,0,0,1,6.815744000000333e-10,1.3107401329168968e-10,0.1280000006291471,0.8322564259842098,4.441530061229511
149,1,downRight,lowC,6.043073141081184,1,0,0,0,1,1.3631488000000666e-10,2.6214802658337927e-11,0.0256000001258294,0.966451285196842,5.964622558436295
150,1,midRight,lowB,4.06061111093985,0,0,0,0,0,2.726297600000132e-11,5.242960531667585e-12,0.0051200000251658,0.1932902570393683,4.137103782193732
151,1,downRight,lowC,4.55783376526791,1,0,0,0,1,5.452595200000262e-12,1.0485921063335164e-12,0.0010240000050331,0.8386580514078738,4.549727620251204
152,1,midLeft,lowA,3.890394240972045,1,1,0,0,0,0.8000000000010906,2.097184212667032e-13,0.0002048000010066,0.1677316102815746,3.9970543143272295
153,1,downRight,lowC,4.414862317325649,1,0,0,0,1,0.160000000000218,4.1943684253340637e-14,4.096000020132706e-05,0.833546322056315,4.751796781245077
154,1,downLeft,high,3.9458923472682974,1,0,0,100,0,0.0320000000000436,8.388736850668129e-15,80.00000819200005,0.166709264411263,3.995462413666837
155,1,midRight,lowB,4.149132640442285,0,0,0,0,0,0.0064000000000087,1.6777473701336257e-15,16.000001638400008,0.0333418528822525,4.320572775786776
156,1,midLeft,lowA,3.865677870666992,1,1,0,0,0,0.8012800000000018,3.355494740267251e-16,3.200000327680001,0.0066683705764505,4.028312246971596
157,1,downRight,lowC,4.179989804346798,1,0,0,0,1,0.1602560000000003,6.710989480534501e-17,0.6400000655360003,0.8013336741152901,4.0771940725213724
158,1,downRight,lowC,5.868928045975757,1,0,0,0,1,0.0320512,1.3421978961068997e-17,0.1280000131072,0.960266734823058,5.993907304186607
159,1,downRight,lowC,6.188008317793615,1,0,0,0,1,0.00641024,2.6843957922137985e-18,0.0256000026214399,0.9920533469646116,6.322026423039265
160,1,midLeft,lowA,4.078606666151544,0,0,0,0,0,0.001282048,5.368791584427596e-19,0.0051200005242879,0.1984106693929223,3.972757345118209
161,1,midRight,lowB,3.988224539155509,1,0,1,0,0,0.0002564096,0.8,0.0010240001048575,0.0396821338785844,4.0428392893404625
162,1,midLeft,lowA,4.054415392373673,1,1,0,0,0,0.8000512819200001,0.1599999999999999,0.0002048000209715,0.0079364267757168,4.012306196367335
163,1,midLeft,lowA,6.036553630840063,1,1,0,0,0,0.960010256384,0.0319999999999999,4.096000419430396e-05,0.0015872853551433,6.126608189471283
164,1,midLeft,lowA,6.384670852752865,0,0,0,0,0,0.1920020512767999,0.0063999999999999,8.192000838860793e-06,0.0003174570710286,6.60211736628591
165,1,downLeft,high,4.077484848100536,1,0,0,100,0,0.0384004102553599,0.0012799999999999,80.00000163840018,6.349141420573502e-05,3.7960178446229915
166,1,midLeft,lowA,4.043104147181383,1,1,0,0,0,0.807680082051072,0.0002559999999999,16.000000327680027,1.2698282841147e-05,4.215163382729216
167,1,downRight,lowC,4.090329067889356,1,0,0,0,1,0.1615360164102143,5.119999999999989e-05,3.2000000655360044,0.8000025396565683,3.8963045299057564
168,1,midRight,lowB,4.101965148300297,0,0,0,0,0,0.0323072032820428,1.0239999999999976e-05,0.6400000131072008,0.1600005079313136,3.951870455191076
169,1,midLeft,lowA,4.119703972078251,1,1,0,0,0,0.8064614406564086,2.047999999999994e-06,0.1280000026214401,0.0320001015862627,4.1524957516680665
170,1,midLeft,lowA,6.111410003169368,1,1,0,0,0,0.9612922881312818,4.095999999999988e-07,0.025600000524288,0.0064000203172525,6.102355502278407
171,1,midLeft,lowA,6.437944350410056,0,0,0,0,0,0.1922584576262562,8.191999999999973e-08,0.0051200001048576,0.0012800040634505,6.36272681582008
172,1,downLeft,high,3.922862761397144,1,0,0,100,0,0.0384516915252512,1.6383999999999943e-08,80.00102400002098,0.0002560008126901,4.011914124721411
173,1,downLeft,high,204.11383537094545,0,0,0,0,0,0.0076903383050502,3.2767999999999877e-09,16.000204800004198,5.120016253802026e-05,204.034538373701
174,1,downLeft,high,43.95666395693931,1,0,0,100,0,0.00153806766101,6.553599999999971e-10,83.20004096000085,1.0240032507604048e-05,43.97459687697398
175,1,downRight,lowC,4.080078730196111,0,0,0,0,0,0.000307613532202,1.3107199999999944e-10,16.640008192000167,2.048006501520809e-06,4.02863036738223
176,1,downLeft,high,45.67120171099645,1,0,0,100,0,6.152270644040194e-05,2.6214399999999883e-11,83.32800163840004,4.096013003041618e-07,45.47019357821299
177,1,downLeft,high,212.32107493244624,1,0,0,100,0,1.2304541288080387e-05,5.242879999999975e-12,96.66560032768,8.192026006083234e-08,212.2386704084249
178,1,downLeft,high,245.59337769246835,1,0,0,100,0,2.460908257616076e-06,1.0485759999999952e-12,99.333120065536,1.6384052012166463e-08,245.83270275168263
179,1,downLeft,high,252.303422570716,1,0,0,100,0,4.92181651523215e-07,2.0971519999999899e-13,99.8666240131072,3.2768104024332917e-09,252.438145199215
180,1,downRight,lowC,4.006642744115511,1,0,0,0,1,9.843633030464297e-08,4.1943039999999777e-14,19.973324802621438,0.8000000006553621,3.911250597369123
181,1,downRight,lowC,6.058417789274772,1,0,0,0,1,1.9687266060928584e-08,8.388607999999957e-15,3.994664960524286,0.9600000001310725,5.918143399438451
182,1,midLeft,lowA,4.058242733909321,1,1,0,0,0,0.8000000039374533,1.677721599999991e-15,0.7989329921048571,0.1920000000262144,3.9124315074065152
183,1,midRight,lowB,3.933744573002276,0,0,0,0,0,0.1600000007874906,3.3554431999999816e-16,0.1597865984209714,0.0384000000052428,3.8734301291136233
184,1,downRight,lowC,3.985296971869871,1,0,0,0,1,0.0320000001574981,6.71088639999996e-17,0.0319573196841942,0.8076800000010487,4.1553372372711115
185,1,midRight,lowB,4.156438823490502,1,0,1,0,0,0.0064000000314996,0.8,0.0063914639368388,0.1615360000002097,4.135175971708173
186,1,midLeft,lowA,4.0715993012166285,1,1,0,0,0,0.8012800000063,0.1599999999999999,0.0012782927873677,0.0323072000000419,3.959480368391387
187,1,downLeft,high,4.159214739863458,1,0,0,100,0,0.1602560000012599,0.0319999999999999,80.00025565855748,0.0064614400000083,3.9890455304206522
188,1,midLeft,lowA,4.495862624824144,1,1,0,0,0,0.832051200000252,0.0063999999999999,16.000051131711487,0.0012922880000016,4.402709424896794
189,1,midLeft,lowA,6.09725576995797,0,0,0,0,0,0.1664102400000503,0.0012799999999999,3.2000102263422967,0.0002584576000003,5.857203438681784
190,1,downRight,lowC,3.890213233888349,1,0,0,0,1,0.03328204800001,0.0002559999999999,0.6400020452684592,0.8000516915200001,4.041926299980491
191,1,downLeft,high,5.493287618678186,1,0,0,100,0,0.006656409600002,5.119999999999989e-05,80.1280004090537,0.160010338304,5.590193824109909
192,1,downLeft,high,204.5414684967756,1,0,0,100,0,0.0013312819200004,1.0239999999999976e-05,96.02560008181074,0.0320020676607999,204.35246706262018
193,1,midRight,lowB,3.850865635445568,1,0,1,0,0,0.000266256384,0.8000020480000001,19.205120016362144,0.0064004135321599,3.8433072855839803
194,1,midLeft,lowA,4.036258697461264,1,1,0,0,0,0.8000532512768,0.1600004095999999,3.841024003272429,0.0012800827064319,4.076116781955833
195,1,midLeft,lowA,5.885176872652611,1,1,0,0,0,0.96001065025536,0.0320000819199999,0.7682048006544857,0.0002560165412863,6.045721853738398
196,1,midRight,lowB,4.19190782154332,1,0,1,0,0,0.1920021300510719,0.8064000163840002,0.1536409601308971,5.1203308257279936e-05,4.094525013789968
197,1,midRight,lowB,6.053695328634506,1,0,1,0,0,0.0384004260102143,0.9612800032768,0.0307281920261794,1.0240661651455986e-05,6.076873438335362
198,1,midRight,lowB,6.307219830407612,1,0,1,0,0,0.0076800852020428,0.99225600065536,0.0061456384052358,2.0481323302911965e-06,6.271415528492778
199,1,midRight,lowB,6.448247865297425,0,0,0,0,0,0.0015360170404085,0.1984512001310719,0.0012291276810471,4.096264660582392e-07,6.548813372650655
200,2,midRight,lowB,4.289454224038887,1,0,1,0,0,0.0003072034080817,0.8396902400262144,0.0002458255362094,8.192529321164782e-08,4.5210214266674065
201,2,midRight,lowB,6.036918440241193,1,0,1,0,0,6.144068161634291e-05,0.9679380480052427,4.916510724188702e-05,1.6385058642329565e-08,6.142369293880068
202,2,downLeft,high,3.9334247753548537,1,0,0,100,0,1.228813632326858e-05,0.1935876096010484,80.00000983302145,3.2770117284659126e-09,3.9434571162259098
203,2,downRight,lowC,3.950610677242999,1,0,0,0,1,2.4576272646537152e-06,0.0387175219202096,16.000001966604287,0.8000000006554024,4.014369334498361
204,2,downRight,lowC,5.873813144404281,1,0,0,0,1,4.91525452930743e-07,0.0077435043840419,3.200000393320856,0.9600000001310804,6.020711178667932
205,2,midRight,lowB,4.023721989565819,1,0,1,0,0,9.830509058614857e-08,0.8015487008768084,0.6400000786641709,0.1920000000262161,4.100174807843462
206,2,midRight,lowB,5.951287990545076,1,0,1,0,0,1.9661018117229713e-08,0.9603097401753616,0.1280000157328341,0.0384000000052432,5.967327122501492
207,2,downRight,lowC,4.090375607401715,1,0,0,0,1,3.932203623445942e-09,0.1920619480350722,0.0256000031465668,0.8076800000010487,4.0312228568991815
208,2,downRight,lowC,6.054379627093208,1,0,0,0,1,7.864407246891883e-10,0.0384123896070144,0.0051200006293133,0.9615360000002098,6.065131402160533
209,2,downLeft,high,3.941850212468508,1,0,0,100,0,1.5728814493783768e-10,0.0076824779214028,80.00102400012587,0.1923072000000418,3.995323534434674
210,2,midRight,lowB,3.894968307361878,1,0,1,0,0,3.145762898756753e-11,0.8015364955842806,16.000204800025173,0.0384614400000083,3.896147817269892
211,2,midLeft,lowA,3.87520747652618,1,1,0,0,0,0.8000000000062916,0.160307299116856,3.200040960005033,0.0076922880000016,3.9821738943888025
212,2,midLeft,lowA,5.8821594338901,1,1,0,0,0,0.9600000000012584,0.0320614598233711,0.6400081920010066,0.0015384576000003,6.065306647341353
213,2,midLeft,lowA,6.345385943900939,0,0,0,0,0,0.1920000000002516,0.0064122919646742,0.1280016384002013,0.00030769152,6.285608079409134
214,2,downLeft,high,4.194390168778574,0,0,0,0,0,0.0384000000000503,0.0012824583929348,0.0256003276800402,6.153830400001335e-05,4.451001354065383
215,2,midLeft,lowA,3.935874206401668,0,0,0,0,0,0.00768000000001,0.0002564916785869,0.005120065536008,1.2307660800002664e-05,4.12215622561345
216,2,midRight,lowB,4.013708294898108,0,0,0,0,0,0.001536000000002,5.129833571739385e-05,0.0010240131072016,2.461532160000532e-06,3.8844271453898087
217,2,downRight,lowC,4.008566127892639,0,0,0,0,0,0.0003072000000004,1.0259667143478764e-05,0.0002048026214403,4.923064320001063e-07,4.045435345069291
218,2,midRight,lowB,3.9473879186002585,1,0,1,0,0,6.14400000000804e-05,0.8000020519334288,4.0960524288064393e-05,9.846128640002121e-08,3.859341125663048
219,2,downLeft,high,3.851370476055356,1,0,0,100,0,1.2288000000016077e-05,0.1600004103866856,80.00000819210486,1.9692257280004232e-08,3.969848098454185
220,2,downLeft,high,203.9749639847258,0,0,0,0,0,2.4576000000032136e-06,0.0320000820773371,16.00000163842097,3.938451456000846e-09,204.01736322661628
221,2,downLeft,high,44.04678759005426,1,0,0,100,0,4.915200000006425e-07,0.0064000164154674,83.2000003276842,7.876902912001687e-10,44.014715291660345
222,2,downLeft,high,212.03695524650092,1,0,0,100,0,9.830400000012846e-08,0.0012800032830934,96.64000006553684,1.5753805824003376e-10,212.012610097226
223,2,midLeft,lowA,4.038185814193883,1,1,0,0,0,0.8000000196608,0.0002560006566186,19.32800001310736,3.1507611648006746e-11,3.9012130876092055
224,2,downRight,lowC,3.864672742027072,1,0,0,0,1,0.1600000039321599,5.120013132373937e-05,3.86560000262147,0.8000000000063016,3.9899947970948095
225,2,midLeft,lowA,4.511617836909508,1,1,0,0,0,0.832000000786432,1.0240026264747874e-05,0.773120000524294,0.1600000000012602,4.459984536258277
226,2,midRight,lowB,3.9494740389055663,1,0,1,0,0,0.1664000001572864,0.800002048005253,0.1546240001048587,0.032000000000252,4.103485550379936
227,2,downRight,lowC,4.335554296283148,1,0,0,0,1,0.0332800000314572,0.1600004096010505,0.0309248000209717,0.8064000000000504,4.233263492625064
228,2,midLeft,lowA,3.89334541715611,1,1,0,0,0,0.8066560000062915,0.0320000819202101,0.0061849600041943,0.16128000000001,4.006272689006149
229,2,downLeft,high,4.002119489331374,1,0,0,100,0,0.1613312000012582,0.006400016384042,80.00123699200084,0.032256000000002,3.979632473374913
230,2,midLeft,lowA,4.578435527022571,1,1,0,0,0,0.8322662400002517,0.0012800032768084,16.000247398400163,0.0064512000000004,4.414693228134373
231,2,downLeft,high,43.90633278663871,1,0,0,100,0,0.1664532480000503,0.0002560006553616,83.20004947968003,0.00129024,44.0805483323928
232,2,downRight,lowC,4.026249926402,1,0,0,0,1,0.03329064960001,5.120013107233617e-05,16.640009895936004,0.8002580480000001,4.103341613853765
233,2,downRight,lowC,6.113045947447599,1,0,0,0,1,0.006658129920002,1.0240026214467232e-05,3.3280019791871998,0.9600516096,5.902587949647849
234,2,downLeft,high,12.436079732090088,1,0,0,100,0,0.0013316259840004,2.048005242893447e-06,80.66560039583743,0.19201032192,12.379545566826454
235,2,midLeft,lowA,4.1125571962449925,1,1,0,0,0,0.8002663251968001,4.096010485786894e-07,16.133120079167483,0.0384020643839999,3.9989946717656135
236,2,downRight,lowC,4.08527945007886,1,0,0,0,1,0.16005326503936,8.192020971573786e-08,3.226624015833496,0.8076804128768,4.2120937961910165
237,2,midLeft,lowA,4.380507355424548,1,1,0,0,0,0.832010653007872,1.6384041943147575e-08,0.6453248031666989,0.16153608257536,4.319678031838474
238,2,midLeft,lowA,5.996748498478441,0,0,0,0,0,0.1664021306015743,3.276808388629514e-09,0.1290649606333397,0.0323072165150719,6.125362579132991
239,2,downLeft,high,4.25674462542663,1,0,0,100,0,0.0332804261203148,6.553616777259027e-10,80.02581299212667,0.0064614433030143,4.321527451491915
240,2,downLeft,high,204.00654112381528,1,0,0,100,0,0.0066560852240629,1.3107233554518058e-10,96.00516259842531,0.0012922886606028,204.0891244541941
241,2,downRight,lowC,4.174301090203257,1,0,0,0,1,0.0013312170448125,2.6214467109036107e-11,19.201032519685057,0.8002584577321206,4.092876427139869
242,2,midLeft,lowA,3.885587514057989,1,1,0,0,0,0.8002662434089627,5.242893421807219e-12,3.840206503937012,0.160051691546424,3.9173249845326104
243,2,midRight,lowB,4.143787170907304,1,0,1,0,0,0.1600532486817925,0.8000000000010487,0.7680413007874023,0.0320103383092848,4.010331464006727
244,2,downRight,lowC,4.041390855506132,1,0,0,0,1,0.0320106497363585,0.1600000000002096,0.1536082601574804,0.806402067661857,4.0067354467693415
245,2,downRight,lowC,6.058414889841048,1,0,0,0,1,0.0064021299472716,0.0320000000000419,0.030721652031496,0.9612804135323714,6.234115619744649
246,2,midLeft,lowA,3.882582606574022,1,1,0,0,0,0.8012804259894544,0.0064000000000083,0.0061443304062992,0.1922560827064742,3.8126535405561173
247,2,downLeft,high,4.035083600668292,0,0,0,0,0,0.1602560851978908,0.0012800000000016,0.0012288660812598,0.0384512165412948,3.9340012185581714
248,2,midRight,lowB,3.884702401254215,1,0,1,0,0,0.0320512170395781,0.8002560000000004,0.0002457732162519,0.0076902433082589,4.033886930921358
249,2,downRight,lowC,4.076972149961799,0,0,0,0,0,0.0064102434079156,0.1600512,4.915464325039364e-05,0.0015380486616517,3.8480617020061456
250,2,midLeft,lowA,3.927751076385621,0,0,0,0,0,0.0012820486815831,0.0320102399999999,9.830928650078725e-06,0.0003076097323303,3.912108079375736
251,2,downLeft,high,4.105596007404405,1,0,0,100,0,0.0002564097363166,0.0064020479999999,80.00000196618574,6.152194646607168e-05,3.8683390649762717
252,2,downLeft,high,203.76730377617028,0,0,0,0,0,5.128194726332499e-05,0.0012804095999999,16.000000393237144,1.2304389293214333e-05,204.07331568894762
253,2,midRight,lowB,4.017490123810198,1,0,1,0,0,1.0256389452664994e-05,0.8002560819200001,3.2000000786474274,2.460877858642866e-06,4.255826257093714
254,2,midRight,lowB,6.067343454723884,0,0,0,0,0,2.051277890532999e-06,0.160051216384,0.6400000157294854,4.92175571728573e-07,5.989079162117534
255,2,downLeft,high,5.677895860501055,1,0,0,100,0,4.102555781065997e-07,0.0320102432767999,80.1280000031459,9.843511434571459e-08,5.679629149135855
256,2,midRight,lowB,4.280005818610103,1,0,1,0,0,8.20511156213199e-08,0.80640204865536,16.025600000629183,1.9687022869142916e-08,4.069304032563596
257,2,midRight,lowB,6.009247573612694,1,0,1,0,0,1.6410223124263973e-08,0.961280409731072,3.205120000125836,3.937404573828582e-09,5.970234428164716
258,2,downRight,lowC,4.083584074738478,1,0,0,0,1,3.282044624852794e-09,0.1922560819462143,0.6410240000251672,0.800000000787481,4.165734167126369
259,2,downLeft,high,5.495321176161276,1,0,0,100,0,6.564089249705583e-10,0.0384512163892428,80.12820480000504,0.1600000001574961,5.6922404197815455
260,2,downRight,lowC,4.453275080804595,1,0,0,0,1,1.312817849941117e-10,0.0076902432778485,16.025640960001,0.8320000000314993,4.407333564696988
261,2,downLeft,high,43.85894423729,1,0,0,100,0,2.6256356998822333e-11,0.0015380486555697,83.2051281920002,0.1664000000062998,44.10868167615182
262,2,midLeft,lowA,4.089514661773688,0,0,0,0,0,5.251271399764465e-12,0.0003076097311139,16.641025638400038,0.0332800000012599,3.9881737524877456
263,2,downLeft,high,45.68207398546044,1,0,0,100,0,1.0502542799528929e-12,6.152194622278853e-05,83.32820512768001,0.0066560000002519,45.630666876184264
264,2,midLeft,lowA,4.124645197996313,1,1,0,0,0,0.8000000000002101,1.2304389244557704e-05,16.665641025536004,0.0013312000000503,3.9622007304771087
265,2,midRight,lowB,4.115698229664024,1,0,1,0,0,0.160000000000042,0.800002460877849,3.333128205107201,0.00026624000001,3.898804731175221
266,2,downRight,lowC,3.923849260934236,1,0,0,0,1,0.0320000000000083,0.1600004921755697,0.6666256410214402,0.8000532480000021,4.137952479701016
267,2,downLeft,high,5.727995051464051,1,0,0,100,0,0.0064000000000016,0.0320000984351139,80.13332512820429,0.1600106496000003,5.509166799101758
268,2,midRight,lowB,4.0866259773298665,0,0,0,0,0,0.0012800000000003,0.0064000196870227,16.026665025640852,0.03200212992,3.955717699814517
269,2,midLeft,lowA,3.943811764876541,1,1,0,0,0,0.8002560000000001,0.0012800039374045,3.205333005128169,0.006400425984,4.091457812772237
270,2,midRight,lowB,3.973155039609081,1,0,1,0,0,0.1600511999999999,0.8002560007874809,0.6410666010256336,0.0012800851968,4.012544418751616
271,2,midRight,lowB,5.937904320046635,1,0,1,0,0,0.0320102399999999,0.9600512001574962,0.1282133202051266,0.00025601703936,5.811362589880027
272,2,midLeft,lowA,4.21402916556753,0,0,0,0,0,0.0064020479999999,0.1920102400314992,0.0256426640410253,5.120340787200005e-05,4.095116291564812
273,2,downLeft,high,4.064684302380844,1,0,0,100,0,0.0012804095999999,0.0384020480062998,80.00512853280821,1.024068157440001e-05,3.9921300721893536
274,2,downLeft,high,204.03903933966447,1,0,0,100,0,0.0002560819199999,0.0076804096012599,96.00102570656163,2.048136314880002e-06,204.08776170373153
275,2,midRight,lowB,4.098777846561985,1,0,1,0,0,5.121638399999996e-05,0.801536081920252,19.200205141312324,4.0962726297600045e-07,4.1744568999487655
276,2,midLeft,lowA,3.937266227477588,1,1,0,0,0,0.8000102432768,0.1603072163840503,3.840041028262464,8.192545259520007e-08,4.056639216204738
277,2,midRight,lowB,4.340492707422007,0,0,0,0,0,0.1600020486553599,0.03206144327681,0.7680082056524924,1.6385090519040012e-08,4.439391537672858
278,2,midRight,lowB,3.9863797376216055,1,0,1,0,0,0.0320004097310719,0.8064122886553621,0.1536016411304984,3.277018103808001e-09,4.158329346106815
279,2,downLeft,high,4.340421121570088,0,0,0,0,0,0.0064000819462143,0.1612824577310724,0.0307203282260996,6.554036207616e-10,4.401739040263264
280,2,downRight,lowC,4.022128276710287,1,0,0,0,1,0.0012800163892428,0.0322564915462144,0.0061440656452199,0.8000000001310807,4.102341511734905
281,2,downRight,lowC,5.940417967629306,1,0,0,0,1,0.0002560032778485,0.0064512983092428,0.0012288131290439,0.960000000026216,6.027401415495858
282,2,midRight,lowB,4.11138686604991,0,0,0,0,0,5.120065556971516e-05,0.0012902596618485,0.0002457626258087,0.1920000000052432,4.043734687229402
283,2,downRight,lowC,4.467999386470475,1,0,0,0,1,1.024013111394303e-05,0.0002580519323697,4.915252516175946e-05,0.8384000000010486,4.474430216843834
284,2,midLeft,lowA,3.988794025943875,1,1,0,0,0,0.8000020480262229,5.161038647394313e-05,9.830505032351889e-06,0.1676800000002096,3.9549597522147764
285,2,downRight,lowC,4.486882643841404,1,0,0,0,1,0.1600004096052445,1.0322077294788626e-05,1.966101006470377e-06,0.833536000000042,4.3888136876937525
286,2,midRight,lowB,3.975062491740078,1,0,1,0,0,0.0320000819210488,0.800002064415459,3.9322020129407524e-07,0.1667072000000083,4.048006512034446
287,2,downRight,lowC,4.429085170436487,1,0,0,0,1,0.0064000163842097,0.1600004128830917,7.8644040258815e-08,0.8333414400000018,4.540874413388304
288,2,downLeft,high,4.095168988733232,0,0,0,0,0,0.0012800032768419,0.0320000825766183,1.5728808051763004e-08,0.1666682880000003,4.007285033483697
289,2,midLeft,lowA,3.9595295075931296,1,1,0,0,0,0.8002560006553684,0.0064000165153236,3.1457616103525994e-09,0.0333336576,4.021728640927595
290,2,midLeft,lowA,5.984381575903923,0,0,0,0,0,0.1600512001310736,0.0012800033030647,6.291523220705196e-10,0.00666673152,5.938844299686273
291,2,downRight,lowC,4.208833964281898,1,0,0,0,1,0.0320102400262147,0.0002560006606129,1.2583046441410388e-10,0.801333346304,3.9902790912690045
292,2,midLeft,lowA,4.060109466452421,1,1,0,0,0,0.806402048005243,5.120013212258932e-05,2.5166092882820782e-11,0.1602666692607999,3.9851902153396033
293,2,downLeft,high,3.9790959176304734,0,0,0,0,0,0.1612804096010485,1.0240026424517858e-05,5.033218576564155e-12,0.0320533338521599,3.971688423489066
294,2,midRight,lowB,4.12227580680169,1,0,1,0,0,0.0322560819202097,0.800002048005285,1.0066437153128309e-12,0.0064106667704319,4.008241175184362
295,2,midRight,lowB,6.103655630449849,0,0,0,0,0,0.0064512163840419,0.160000409601057,2.0132874306256613e-13,0.0012821333540863,5.913881342849239
296,2,downRight,lowC,3.8622934598963785,1,0,0,0,1,0.0012902432768083,0.0320000819202113,4.026574861251323e-14,0.8002564266708173,4.118697368824693
297,2,midLeft,lowA,3.847831870212612,0,0,0,0,0,0.0002580486553616,0.0064000163840422,8.053149722502647e-15,0.1600512853341634,4.150451103704849
298,2,downRight,lowC,4.353378386325231,0,0,0,0,0,5.1609731072335495e-05,0.0012800032768084,1.6106299445005297e-15,0.0320102570668326,4.273849225230078
299,2,midLeft,lowA,3.913519301114264,0,0,0,0,0,1.0321946214467097e-05,0.0002560006553616,3.221259889001057e-16,0.0064020514133665,3.9718270004587297
300,3,downLeft,lowC,3.9504361781036414,1,0,0,1,0,2.064389242893418e-06,5.12001310723382e-05,0.8000000000000002,0.0012804102826733,4.103240704426457
301,3,midLeft,lowA,3.851269230076068,0,0,0,0,0,4.128778485786836e-07,1.024002621446764e-05,0.16,0.0002560820565346,3.9084093997843423
302,3,midRight,lowB,3.887733441484319,1,0,1,0,0,8.257556971573672e-08,0.8000020480052429,0.032,5.1216411306932285e-05,4.08985675466786
303,3,downRight,high,3.983122728191609,1,0,0,0,100,1.6515113943147336e-08,0.1600004096010485,0.0063999999999999,80.00001024328226,3.934753409547927
304,3,midRight,lowB,4.309807091852137,1,0,1,0,0,3.3030227886294662e-09,0.8320000819202098,0.0012799999999999,16.000002048656455,4.4192713075761745
305,3,midLeft,lowA,4.182108533891572,1,1,0,0,0,0.8000000006606046,0.1664000163840419,0.0002559999999999,3.20000040973129,3.9965253606899753
306,3,midRight,lowB,4.496463545093427,0,0,0,0,0,0.1600000001321209,0.0332800032768083,5.119999999999997e-05,0.6400000819462579,4.39622735832996
307,3,downRight,high,5.468710603307879,1,0,0,0,100,0.0320000000264241,0.0066560006553616,1.023999999999999e-05,80.12800001638925,5.62541581553796
308,3,midRight,lowB,4.185374729888261,1,0,1,0,0,0.0064000000052848,0.8013312001310724,2.047999999999998e-06,16.025600003277845,4.0790486366315415
309,3,downLeft,lowC,4.026169599590028,0,0,0,0,0,0.0012800000010569,0.1602662400262144,4.095999999999994e-07,3.205120000655569,3.8714088748059914
310,3,midRight,lowB,4.424043148163558,1,0,1,0,0,0.0002560000002113,0.8320532480052429,8.191999999999989e-08,0.6410240001311136,4.39717525341353
311,3,downRight,high,5.659653336235415,1,0,0,0,100,5.1200000042278624e-05,0.1664106496010485,1.638399999999997e-08,80.12820480002623,5.563510351387904
312,3,downLeft,lowC,4.0376893320946845,0,0,0,0,0,1.0240000008455723e-05,0.0332821299202097,3.2767999999999927e-09,16.025640960005248,3.8934823572051935
313,3,downLeft,lowC,3.9904259758093295,0,0,0,0,0,2.048000001691145e-06,0.0066564259840419,6.553599999999983e-10,3.205128192001048,3.853410634796934
314,3,midLeft,lowA,4.051385970116726,1,1,0,0,0,0.8000004096000004,0.0013312851968083,1.3107199999999962e-10,0.6410256384002095,3.9640170031658517
315,3,midLeft,lowA,6.045094379950851,1,1,0,0,0,0.96000008192,0.0002662570393616,2.621439999999992e-11,0.1282051276800418,5.7521412885688665
316,3,midLeft,lowA,6.370542635191929,1,1,0,0,0,0.992000016384,5.325140787233544e-05,5.242879999999982e-12,0.0256410255360083,6.472897637389925
317,3,downLeft,lowC,3.970381632083769,1,0,0,1,0,0.1984000032767999,1.0650281574467086e-05,0.8000000000010487,0.0051282051072016,4.090259524453019
318,3,midRight,lowB,4.098556679714733,0,0,0,0,0,0.0396800006553599,2.130056314893417e-06,0.1600000000002096,0.0010256410214403,3.9850315837012036
319,3,downLeft,lowC,4.392734641617679,1,0,0,1,0,0.0079360001310719,4.260112629786833e-07,0.8320000000000419,0.000205128204288,4.533444720210815
320,3,midLeft,lowA,3.9911439735912286,1,1,0,0,0,0.8015872000262144,8.520225259573665e-08,0.1664000000000083,4.1025640857613377e-05,4.102405132705057
321,3,midLeft,lowA,6.043920356747496,1,1,0,0,0,0.9603174400052428,1.704045051914733e-08,0.0332800000000016,8.205128171522671e-06,5.955595052123407
322,3,midRight,lowB,4.053450632109522,1,0,1,0,0,0.1920634880010485,0.8000000034080902,0.0066560000000003,1.6410256343045342e-06,3.9632403227342032
323,3,downLeft,lowC,3.992533434604267,1,0,0,1,0,0.0384126976002097,0.160000000681618,0.8013312000000001,3.282051268609068e-07,4.118363159426375
324,3,downRight,high,4.045208201971955,1,0,0,0,100,0.0076825395200419,0.0320000001363235,0.16026624,80.00000006564103,4.037759008919058
325,3,downLeft,lowC,4.379579001653074,1,0,0,1,0,0.0015365079040083,0.0064000000272647,0.832053248,16.0000000131282,4.319584081296524
326,3,downLeft,lowC,6.227499514222036,1,0,0,1,0,0.0003073015808016,0.0012800000054529,0.9664106496,3.2000000026256394,6.025395019877284
327,3,midLeft,lowA,3.9867996484650594,1,1,0,0,0,0.8000614603161604,0.0002560000010905,0.1932821299199999,0.6400000005251276,4.096774696141952
328,3,midRight,lowB,3.972274813217661,0,0,0,0,0,0.1600122920632321,5.120000021811773e-05,0.0386564259839999,0.1280000001050255,3.862841533769403
329,3,downRight,high,4.433982058866314,0,0,0,0,0,0.0320024584126464,1.0240000043623542e-05,0.0077312851967999,0.025600000021005,4.472835043803475
330,3,downLeft,lowC,4.370373777671973,0,0,0,0,0,0.0064004916825292,2.0480000087247084e-06,0.0015462570393599,0.005120000004201,4.021808839436264
331,3,downRight,high,3.898782512007301,1,0,0,0,100,0.0012800983365058,4.096000017449415e-07,0.0003092514078719,80.00102400000084,4.037302396885335
332,3,downRight,high,204.03783853043453,1,0,0,0,100,0.0002560196673011,8.19200003489883e-08,6.185028157439993e-05,96.00020480000018,204.02884113586381
333,3,midLeft,lowA,4.10176838606159,1,1,0,0,0,0.8000512039334603,1.6384000069797655e-08,1.2370056314879983e-05,19.200040960000024,3.8459705425947
334,3,downRight,high,51.99974868148927,0,0,0,0,0,0.160010240786692,3.2768000139595303e-09,2.4740112629759958e-06,3.840008192000005,52.03692491036995
335,3,downRight,high,13.571178320101517,1,0,0,0,100,0.0320020481573384,6.553600027919058e-10,4.948022525951991e-07,80.76800163840001,13.495508887041721
336,3,midLeft,lowA,3.9546196072338855,1,1,0,0,0,0.8064004096314678,1.310720005583812e-10,9.89604505190398e-08,16.153600327679996,4.242995960327132
337,3,midLeft,lowA,6.051640336497574,1,1,0,0,0,0.9612800819262936,2.6214400111676232e-11,1.979209010380796e-08,3.2307200655359978,6.155399027594175
338,3,downLeft,lowC,4.121129271572078,1,0,0,1,0,0.1922560163852587,5.242880022335245e-12,0.8000000039584181,0.6461440131071994,4.187080160303477
339,3,downRight,high,5.532517933498647,1,0,0,0,100,0.0384512032770517,1.0485760044670484e-12,0.1600000007916835,80.12922880262144,5.619656417316968
340,3,downLeft,lowC,4.375825973289497,1,0,0,1,0,0.0076902406554103,2.097152008934097e-13,0.8320000001583367,16.02584576052429,4.344872260396999
341,3,downRight,high,44.04540767376828,1,0,0,0,100,0.001538048131082,4.194304017868192e-14,0.1664000000316673,83.20516915210486,43.84728448511413
342,3,downLeft,lowC,4.396185260208446,1,0,0,1,0,0.0003076096262164,8.388608035736384e-15,0.8332800000063335,16.641033830420966,4.52671297219271
343,3,downLeft,lowC,6.009070089612292,0,0,0,0,0,6.152192524328274e-05,1.6777216071472769e-15,0.1666560000012666,3.328206766084193,6.022133236923246
344,3,midLeft,lowA,3.977758501754308,1,1,0,0,0,0.8000123043850487,3.355443214294553e-16,0.0333312000002533,0.6656413532168384,4.003613556088976
345,3,downLeft,lowC,3.998795415843068,1,0,0,1,0,0.1600024608770096,6.710886428589104e-17,0.8066662400000507,0.1331282706433676,4.149526802625069
346,3,midRight,lowB,4.004003448290288,1,0,1,0,0,0.0320004921754019,0.8,0.1613332480000101,0.0266256541286735,4.027792322570195
347,3,midRight,lowB,6.108019857148531,1,0,1,0,0,0.0064000984350803,0.96,0.032266649600002,0.0053251308257347,5.919310743740916
348,3,downRight,high,4.142798197034972,1,0,0,0,100,0.001280019687016,0.1919999999999999,0.0064533299200004,80.00106502616515,4.223492634977418
349,3,midRight,lowB,4.519337963307827,1,0,1,0,0,0.0002560039374032,0.8384,0.001290665984,16.00021300523302,4.521897526498662
350,3,downRight,high,44.04534448240941,1,0,0,0,100,5.120078748064303e-05,0.1676799999999999,0.0002581331968,83.2000426010466,43.92828609024361
351,3,midRight,lowB,4.325944826277824,0,0,0,0,0,1.0240157496128605e-05,0.0335359999999999,5.162663936000318e-05,16.64000852020932,4.603854407423131
352,3,downLeft,lowC,3.97899481346664,1,0,0,1,0,2.04803149922572e-06,0.0067071999999999,0.8000103253278721,3.3280017040418635,4.072354823109497
353,3,downRight,high,12.180064413248912,1,0,0,0,100,4.096062998451438e-07,0.0013414399999999,0.1600020650655743,80.66560034080838,12.264353849992235
354,3,midRight,lowB,3.971281505521051,1,0,1,0,0,8.192125996902873e-08,0.800268288,0.0320004130131148,16.133120068161674,3.922384635019285
355,3,downLeft,lowC,4.24079604746742,1,0,0,1,0,1.6384251993805738e-08,0.1600536576,0.806400082602623,3.2266240136323336,4.165636130933694
356,3,downRight,high,12.021310936827057,0,0,0,0,0,3.276850398761147e-09,0.03201073152,0.1612800165205246,0.6453248027264666,12.074059850976848
357,3,midRight,lowB,4.118971121636768,1,0,1,0,0,6.55370079752229e-10,0.8064021463040001,0.0322560033041049,0.1290649605452932,4.13358862293453
358,3,downRight,high,4.421454115609368,1,0,0,0,100,1.3107401595044577e-10,0.1612804292608,0.0064512006608209,80.02581299210907,4.3250016257545845
359,3,downLeft,lowC,4.073686708526534,1,0,0,1,0,2.6214803190089148e-11,0.03225608585216,0.8012902401321642,16.005162598421805,4.08738396886529
360,3,midRight,lowB,4.032504239787152,1,0,1,0,0,5.242960638017828e-12,0.806451217170432,0.1602580480264328,3.201032519684361,4.025274692270064
361,3,downLeft,lowC,4.295377858222917,1,0,0,1,0,1.0485921276035652e-12,0.1612902434340863,0.8320516096052866,0.6402065039368718,4.36350240500638
362,3,midLeft,lowA,3.8008445815279215,0,0,0,0,0,2.0971842552071299e-13,0.0322580486868172,0.1664103219210573,0.1280413007873743,3.9884055939180008
363,3,midLeft,lowA,4.030481190930793,1,1,0,0,0,0.800000000000042,0.0064516097373634,0.0332820643842114,0.0256082601574748,4.142689107021724
364,3,midRight,lowB,4.009336132846873,1,0,1,0,0,0.1600000000000083,0.8012903219474727,0.0066564128768422,0.0051216520314949,3.9666262139351676
365,3,downRight,high,4.039620568616056,0,0,0,0,0,0.0320000000000016,0.1602580643894945,0.0013312825753684,0.0010243304062989,3.943680588583967
366,3,midLeft,lowA,4.014493704326604,0,0,0,0,0,0.0064000000000003,0.0320516128778989,0.0002662565150736,0.0002048660812597,4.181493118594723
367,3,midRight,lowB,4.07541906658508,0,0,0,0,0,0.00128,0.0064103225755797,5.325130301473834e-05,4.097321625195973e-05,4.082197549944657
368,3,downRight,high,3.9619771426636414,1,0,0,0,100,0.000256,0.0012820645151159,1.0650260602947663e-05,80.00000819464326,4.177002306026417
369,3,midLeft,lowA,3.9694528008391,0,0,0,0,0,5.120000000000263e-05,0.0002564129030231,2.130052120589532e-06,16.00000163892865,3.909574006065185
370,3,downRight,high,44.07343172580928,1,0,0,0,100,1.0240000000000524e-05,5.1282580604638194e-05,4.260104241179063e-07,83.20000032778573,43.919277273666694
371,3,midLeft,lowA,3.9880319737708265,0,0,0,0,0,2.0480000000001047e-06,1.0256516120927636e-05,8.520208482358125e-08,16.640000065557146,3.933533637259846
372,3,midLeft,lowA,4.087263340662762,1,1,0,0,0,0.8000004096000001,2.0513032241855265e-06,1.704041696471625e-08,3.328000013111428,4.084917867512851
373,3,downLeft,lowC,3.984475075321425,1,0,0,1,0,0.1600000819199999,4.102606448371052e-07,0.8000000034080834,0.6656000026222855,3.875834909436362
374,3,midRight,lowB,4.159281498411718,1,0,1,0,0,0.0320000163839999,0.800000082052129,0.1600000006816166,0.133120000524457,4.150136363077933
375,3,downLeft,lowC,4.415695113824012,1,0,0,1,0,0.0064000032767999,0.1600000164104257,0.8320000001363234,0.0266240001048914,4.414119788578625
376,3,midLeft,lowA,3.8047372022937873,1,1,0,0,0,0.8012800006553601,0.0320000032820851,0.1664000000272646,0.0053248000209782,4.07349383713737
377,3,midLeft,lowA,5.898850140276686,1,1,0,0,0,0.960256000131072,0.006400000656417,0.0332800000054529,0.0010649600041956,6.011676455815891
378,3,midRight,lowB,3.9929822723679913,0,0,0,0,0,0.1920512000262143,0.0012800001312834,0.0066560000010905,0.0002129920008391,4.1636497086585
379,3,downRight,high,3.860923626368805,1,0,0,0,100,0.0384102400052428,0.0002560000262566,0.0013312000002181,80.00004259840017,3.8988839660813572
380,3,downRight,high,204.1436508894525,1,0,0,0,100,0.0076820480010485,5.120000525133615e-05,0.0002662400000436,96.00000851968004,204.02363932328768
381,3,midLeft,lowA,3.897748540136889,1,1,0,0,0,0.8015364096002098,1.0240001050267224e-05,5.324800000872462e-05,19.200001703936,3.9361874832857757
382,3,downRight,high,52.00903797821942,1,0,0,0,100,0.1603072819200419,2.048000210053444e-06,1.0649600001744922e-05,83.8400003407872,52.01326887168865
383,3,midRight,lowB,4.007100850544767,1,0,1,0,0,0.0320614563840084,0.800000409600042,2.129920000348984e-06,16.768000068157434,3.8685210328518846
384,3,downLeft,lowC,4.017418065205282,0,0,0,0,0,0.0064122912768016,0.1600000819200083,4.259840000697966e-07,3.3536000136314854,4.003930120969647
385,3,midLeft,lowA,4.058022681446525,1,1,0,0,0,0.8012824582553604,0.0320000163840016,8.51968000139593e-08,0.6707200027262967,4.069305006686483
386,3,midLeft,lowA,6.009927805471161,1,1,0,0,0,0.960256491651072,0.0064000032768003,1.7039360002791854e-08,0.1341440005452593,5.930634853679992
387,3,midLeft,lowA,6.687956982645543,1,1,0,0,0,0.9920512983302144,0.00128000065536,3.40787200055837e-09,0.0268288001090518,6.372958180011791
388,3,downLeft,lowC,3.960488030354723,0,0,0,0,0,0.1984102596660428,0.000256000131072,6.815744001116737e-10,0.0053657600218103,3.9879679074442405
389,3,downRight,high,4.012717191607745,1,0,0,0,100,0.0396820519332085,5.120002621440258e-05,1.3631488002233475e-10,80.00107315200437,3.92149774663295
390,3,midRight,lowB,4.076557857015298,1,0,1,0,0,0.0079364103866417,0.8000102400052429,2.7262976004466947e-11,16.000214630400876,4.03924344902925
391,3,downLeft,lowC,4.147974408762131,0,0,0,0,0,0.0015872820773283,0.1600020480010485,5.4525952008933874e-12,3.200042926080174,3.964974664081299
392,3,downLeft,lowC,3.972618136910051,1,0,0,1,0,0.0003174564154656,0.0320004096002096,0.8000000000010906,0.6400085852160347,3.9389742230272216
393,3,downRight,high,5.656060739036837,1,0,0,0,100,6.349128309313362e-05,0.0064000819200419,0.160000000000218,80.12800171704322,5.648170882417114
394,3,midRight,lowB,4.036300477346362,1,0,1,0,0,1.2698256618626718e-05,0.8012800163840085,0.0320000000000436,16.02560034340864,4.007943808715873
395,3,midRight,lowB,6.100532248859811,1,0,1,0,0,2.5396513237253437e-06,0.9602560032768016,0.0064000000000087,3.205120068681728,6.040521766181207
396,3,midRight,lowB,6.46939772855013,1,0,1,0,0,5.079302647450687e-07,0.9920512006553605,0.0012800000000017,0.6410240137363452,6.467994581949387
397,3,midRight,lowB,6.4148821676525785,1,0,1,0,0,1.0158605294901373e-07,0.998410240131072,0.0002560000000003,0.1282048027472689,6.53049131673647
398,3,midLeft,lowA,4.064442062414072,0,0,0,0,0,2.0317210589802746e-08,0.1996820480262143,5.120000000006971e-05,0.0256409605494537,4.089336986545501
399,3,downRight,high,4.149629835422109,0,0,0,0,0,4.063442117960548e-09,0.0399364096052428,1.0240000000013942e-05,0.0051281921098907,4.0393963071191115
400,4,downRight,lowB,3.995135469164744,1,0,0,0,1,8.126884235921096e-10,0.0079872819210485,2.048000000002788e-06,0.8010256384219782,4.168110527412626
401,4,midLeft,lowC,3.8843651450528407,0,0,0,0,0,1.625376847184219e-10,0.0015974563842097,4.0960000000055763e-07,0.1602051276843955,4.056272036300258
402,4,midRight,lowA,3.8804783548115775,0,0,0,0,0,3.2507536943684374e-11,0.0003194912768419,8.192000000011154e-08,0.0320410255368791,3.969661577783718
403,4,midRight,lowA,3.958449681533729,1,0,1,0,0,6.501507388736874e-12,0.8000638982553684,1.6384000000022297e-08,0.0064082051073758,4.052550000158312
404,4,downLeft,high,4.01379765131345,1,0,0,100,0,1.3003014777473749e-12,0.1600127796510736,80.00000000327681,0.0012816410214751,3.978479292056905
405,4,downRight,lowB,4.108492326485795,1,0,0,0,1,2.6006029554947485e-13,0.0320025559302147,16.000000000655362,0.800256328204295,4.122932989903685
406,4,midLeft,lowC,3.955331452735954,1,1,0,0,0,0.800000000000052,0.0064005111860429,3.2000000001310718,0.1600512656408589,4.024612463260533
407,4,downLeft,high,12.009593989418274,1,0,0,100,0,0.1600000000000103,0.0012801022372085,80.64000000002622,0.0320102531281717,12.040791914961957
408,4,downLeft,high,205.4111067205561,1,0,0,100,0,0.032000000000002,0.0002560204474417,96.12800000000524,0.0064020506256343,205.65045815276105
409,4,downLeft,high,244.34427441272496,1,0,0,100,0,0.0064000000000004,5.12040894883435e-05,99.22560000000104,0.0012804101251268,244.249717034685
410,4,downRight,lowB,3.756099562408066,0,0,0,0,0,0.00128,1.0240817897668696e-05,19.845120000000207,0.0002560820250253,3.924693021671524
411,4,midRight,lowA,4.00054234454992,1,0,1,0,0,0.000256,0.8000020481635796,3.96902400000004,5.121640500507476e-05,4.037313955230356
412,4,midRight,lowA,6.059103611768218,1,0,1,0,0,5.120000000000322e-05,0.960000409632716,0.7938048000000077,1.0243281001014947e-05,6.170605264879149
413,4,midRight,lowA,6.383098181877799,1,0,1,0,0,1.024000000000064e-05,0.9920000819265432,0.1587609600000015,2.048656200202989e-06,6.303295640580738
414,4,downLeft,high,4.387061257211341,1,0,0,100,0,2.0480000000001285e-06,0.1984000163853085,80.031752192,4.097312400405978e-07,4.394029314064903
415,4,downRight,lowB,4.113654515645692,1,0,0,0,1,4.096000000000257e-07,0.0396800032770617,16.00635043839999,0.800000081946248,4.092839498366304
416,4,midRight,lowA,4.156259288949735,1,0,1,0,0,8.192000000000513e-08,0.8079360006554124,3.201270087679997,0.1600000163892495,4.102198450324233
417,4,downRight,lowB,4.442708304559667,0,0,0,0,0,1.6384000000001015e-08,0.1615872001310824,0.6402540175359994,0.0320000032778499,4.427776348853443
418,4,midLeft,lowC,3.8395768732366857,1,1,0,0,0,0.8000000032768001,0.0323174400262164,0.1280508035071998,0.0064000006555699,4.0169012977021845
419,4,midLeft,lowC,5.790681350708141,1,1,0,0,0,0.96000000065536,0.0064634880052432,0.0256101607014399,0.0012800001311139,6.198719368391728
420,4,midLeft,lowC,6.342013760058109,1,1,0,0,0,0.992000000131072,0.0012926976010486,0.0051220321402879,0.0002560000262227,6.34930538532238
421,4,downLeft,high,4.049144720364701,0,0,0,0,0,0.1984000000262143,0.0002585395202097,0.0010244064280575,5.12000052445598e-05,4.057948690744047
422,4,downLeft,high,4.133124994274596,0,0,0,0,0,0.0396800000052428,5.170790404194635e-05,0.0002048812856115,1.0240001048911958e-05,4.138079153952717
423,4,midRight,lowA,4.047624040063374,1,0,1,0,0,0.0079360000010485,0.8000103415808084,4.097625712230391e-05,2.048000209782392e-06,3.84621691000786
424,4,midRight,lowA,5.837984547625776,1,0,1,0,0,0.0015872000002097,0.9600020683161616,8.195251424460778e-06,4.096000419564782e-07,6.1334524957209124
425,4,midLeft,lowC,4.048420553816152,1,1,0,0,0,0.800317440000042,0.1920004136632322,1.639050284892155e-06,8.192000839129563e-08,3.9666467185368566
426,4,midLeft,lowC,5.982418375993172,1,1,0,0,0,0.9600634880000084,0.0384000827326464,3.27810056978431e-07,1.6384001678259118e-08,5.9930136659856155
427,4,downRight,lowB,4.022077377672741,1,0,0,0,1,0.1920126976000016,0.0076800165465292,6.55620113956862e-08,0.8000000032768004,3.9560544123389327
428,4,downRight,lowB,5.942643308989362,1,0,0,0,1,0.0384025395200003,0.0015360033093058,1.311240227913724e-08,0.96000000065536,6.080796303476972
429,4,downLeft,high,4.033321310902165,0,0,0,0,0,0.007680507904,0.0003072006618611,2.622480455827448e-09,0.192000000131072,3.9480834953470922
430,4,midRight,lowA,4.132949977475145,1,0,1,0,0,0.0015361015808,0.8000614401323722,5.244960911654894e-10,0.0384000000262143,3.945567689126913
431,4,midRight,lowA,5.845680794264917,1,0,1,0,0,0.00030722031616,0.9600122880264744,1.0489921823309785e-10,0.0076800000052428,6.075797642167023
432,4,downRight,lowB,4.077911788993232,1,0,0,0,1,6.144406323200044e-05,0.1920024576052948,2.0979843646619565e-11,0.8015360000010486,4.066108368662638
433,4,midRight,lowA,4.355454263008658,1,0,1,0,0,1.2288812646400084e-05,0.838400491521059,4.195968729323913e-12,0.1603072000002097,4.266846004185642
434,4,midLeft,lowC,3.9338383501600553,1,1,0,0,0,0.8000024577625293,0.1676800983042117,8.391937458647824e-13,0.0320614400000419,3.9285253162512994
435,4,midRight,lowA,4.5668487027365785,1,0,1,0,0,0.1600004915525058,0.8335360196608423,1.6783874917295641e-13,0.0064122880000083,4.29987773892919
436,4,midLeft,lowC,4.346899487722037,1,1,0,0,0,0.8320000983105013,0.1667072039321684,3.356774983459128e-14,0.0012824576000016,4.251624128974297
437,4,downRight,lowB,3.9373846414698086,0,0,0,0,0,0.1664000196621001,0.0333414407864336,6.7135499669182545e-15,0.0002564915200003,4.1815293675074185
438,4,downLeft,high,4.00831461876632,1,0,0,100,0,0.03328000393242,0.0066682881572867,80.0,5.129830400006706e-05,3.8109407072472856
439,4,downLeft,high,203.8654471824112,0,0,0,0,0,0.006656000786484,0.0013336576314573,16.0,1.0259660800013406e-05,204.15020954270094
440,4,downLeft,high,43.886775262203294,1,0,0,100,0,0.0013312001572968,0.0002667315262914,83.2,2.0519321600026813e-06,44.23736947584503
441,4,downRight,lowB,3.999172574984055,1,0,0,0,1,0.0002662400314593,5.334630525829384e-05,16.64,0.800000410386432,4.019905980169478
442,4,midLeft,lowC,4.126602396431676,1,1,0,0,0,0.800053248006292,1.0669261051658769e-05,3.3279999999999994,0.1600000820772863,3.9667043173034697
443,4,downRight,lowB,4.4606726449995655,0,0,0,0,0,0.1600106496012583,2.1338522103317524e-06,0.6655999999999995,0.0320000164154572,4.375573932536294
444,4,downLeft,high,5.699771595090643,1,0,0,100,0,0.0320021299202516,4.2677044206635044e-07,80.13312,0.0064000032830914,5.688641674017924
445,4,midRight,lowA,3.974366853060773,1,0,1,0,0,0.0064004259840503,0.8000000853540885,16.026623999999998,0.0012800006566182,3.982049974270393
446,4,midLeft,lowC,3.8529394197753177,1,1,0,0,0,0.8012800851968102,0.1600000170708176,3.2053248,0.0002560001313236,4.194911048870447
447,4,downRight,lowB,4.000383007477447,1,0,0,0,1,0.160256017039362,0.0320000034141635,0.6410649599999996,0.8000512000262647,4.057115039666799
448,4,downLeft,high,5.577998602891543,1,0,0,100,0,0.0320512034078724,0.0064000006828327,80.128212992,0.1600102400052528,5.592710195424474
449,4,midLeft,lowC,3.9620610857432976,1,1,0,0,0,0.8064102406815745,0.0012800001365665,16.025642598399997,0.0320020480010505,3.9792208888850085
450,4,downLeft,high,44.01545856415711,0,0,0,0,0,0.1612820481363148,0.0002560000273133,3.205128519679999,0.0064004096002101,44.180592918805765
451,4,midRight,lowA,4.038370933732335,1,0,1,0,0,0.0322564096272629,0.8000512000054627,0.6410257039359997,0.001280081920042,4.169750685739294
452,4,downRight,lowB,3.970761578373372,1,0,0,0,1,0.0064512819254525,0.1600102400010925,0.1282051407871999,0.8002560163840085,3.8783891946157314
453,4,midLeft,lowC,4.018342103236379,1,1,0,0,0,0.8012902563850905,0.0320020480002185,0.0256410281574399,0.1600512032768016,3.9882913730838236
454,4,downLeft,high,4.163632024414286,1,0,0,100,0,0.1602580512770181,0.0064004096000436,80.0051282056315,0.0320102406553603,4.13747825421808
455,4,downRight,lowB,4.10912368842392,1,0,0,0,1,0.0320516102554036,0.0012800819200087,16.00102564112629,0.8064020481310721,3.7715737865076084
456,4,downRight,lowB,5.929605684917714,1,0,0,0,1,0.0064103220510807,0.0002560163840017,3.2002051282252566,0.9612804096262144,6.118260815236281
457,4,midLeft,lowC,4.048517310571149,1,1,0,0,0,0.8012820644102162,5.120327680034953e-05,0.640041025645051,0.1922560819252428,4.027842013895474
458,4,downRight,lowB,4.469651422096334,1,0,0,0,1,0.1602564128820431,1.0240655360069906e-05,0.1280082051290102,0.8384512163850486,4.254807858232076
459,4,midLeft,lowC,4.363742868258521,1,1,0,0,0,0.8320512825764087,2.0481310720139803e-06,0.025601641025802,0.1676902432770096,4.401036536408028
460,4,downLeft,high,4.236166477108357,1,0,0,100,0,0.1664102565152817,4.09626214402796e-07,80.00512032820517,0.0335380486554019,4.178481070249475
461,4,downRight,lowB,4.059326365065354,1,0,0,0,1,0.0332820513030563,8.192524288055919e-08,16.001024065641033,0.8067076097310805,4.0376614939118864
462,4,midRight,lowA,4.055771576559455,1,0,1,0,0,0.0066564102606112,0.8000000163850486,3.200204813128206,0.1613415219462161,3.7874590720935437
463,4,downLeft,high,11.71884477496746,1,0,0,100,0,0.0013312820521222,0.1600000032770097,80.64004096262565,0.0322683043892432,11.874557922138742
464,4,midLeft,lowC,4.088537724932972,0,0,0,0,0,0.0002662564104244,0.0320000006554019,16.12800819252513,0.0064536608778486,4.100186311773833
465,4,midLeft,lowC,4.136451124415808,1,1,0,0,0,0.8000532512820849,0.0064000001310803,3.225601638505026,0.0012907321755697,4.061168453106833
466,4,midRight,lowA,4.067748156253876,1,0,1,0,0,0.1600106502564169,0.8012800000262161,0.6451203277010049,0.0002581464351139,4.036366079291095
467,4,downRight,lowB,4.010322009699758,1,0,0,0,1,0.0320021300512833,0.1602560000052432,0.1290240655402009,0.8000516292870228,4.119098569108647
468,4,midRight,lowA,4.392302459334965,1,0,1,0,0,0.0064004260102566,0.8320512000010487,0.0258048131080401,0.1600103258574045,4.447537058047208
469,4,downLeft,high,4.11703046858642,0,0,0,0,0,0.0012800852020513,0.1664102400002096,0.005160962621608,0.0320020651714808,4.056819696744381
470,4,downRight,lowB,4.04078546209976,1,0,0,0,1,0.0002560170404102,0.0332820480000419,0.0010321925243216,0.8064004130342962,3.9783560419979187
471,4,midRight,lowA,4.065543968589915,0,0,0,0,0,5.120340808205336e-05,0.0066564096000083,0.0002064385048643,0.1612800826068592,4.088786905227957
472,4,midLeft,lowC,4.04892365892746,1,1,0,0,0,0.8000102406816164,0.0013312819200016,4.128770097286424e-05,0.0322560165213718,4.07857324506571
473,4,midLeft,lowC,6.020510521060087,1,1,0,0,0,0.9600020481363232,0.0002662563840003,8.25754019457285e-06,0.0064512033042743,5.947384200870686
474,4,midRight,lowA,3.892809588986962,0,0,0,0,0,0.1920004096272646,5.325127680006701e-05,1.6515080389145691e-06,0.0012902406608548,4.049560813968144
475,4,downLeft,high,4.083503406761406,0,0,0,0,0,0.0384000819254529,1.0650255360013396e-05,3.303016077829139e-07,0.0002580481321709,3.9760824862108324
476,4,midRight,lowA,4.054100620177007,0,0,0,0,0,0.0076800163850905,2.130051072002679e-06,6.606032155658275e-08,5.160962643419487e-05,4.034142066714051
477,4,downLeft,high,4.337557008878369,1,0,0,100,0,0.0015360032770181,4.260102144005357e-07,80.00000001321207,1.0321925286838968e-05,4.054155538896334
478,4,downRight,lowB,3.9449216596430623,0,0,0,0,0,0.0003072006554036,8.52020428801071e-08,16.00000000264241,2.064385057367794e-06,3.863294186001912
479,4,midRight,lowA,3.985272109908771,1,0,1,0,0,6.144013108072462e-05,0.8000000170404086,3.200000000528481,4.128770114735588e-07,3.9292165424180094
480,4,downLeft,high,11.766928964292427,1,0,0,100,0,1.2288026216144923e-05,0.1600000034080816,80.6400000001057,8.257540229471177e-08,11.950215443069565
481,4,downRight,lowB,3.978520381772697,0,0,0,0,0,2.457605243228984e-06,0.0320000006816163,16.12800000002113,1.6515080458942354e-08,3.8726532155835964
482,4,downRight,lowB,3.981706146093086,1,0,0,0,1,4.915210486457965e-07,0.0064000001363232,3.225600000004226,0.8000000033030161,3.797075456958866
483,4,midRight,lowA,3.920694699569559,0,0,0,0,0,9.830420972915933e-08,0.0012800000272646,0.645120000000845,0.1600000006606031,3.910464896778682
484,4,midLeft,lowC,4.014676742077021,0,0,0,0,0,1.966084194583186e-08,0.0002560000054529,0.129024000000169,0.0320000001321206,4.040946037552001
485,4,midLeft,lowC,3.913900420707701,1,1,0,0,0,0.8000000039321684,5.120000109058606e-05,0.0258048000000337,0.0064000000264241,4.138257940423602
486,4,midLeft,lowC,6.203204978692345,0,0,0,0,0,0.1600000007864336,1.0240000218117208e-05,0.0051609600000067,0.0012800000052848,5.986530263633823
487,4,downRight,lowB,3.846374458954229,1,0,0,0,1,0.0320000001572867,2.0480000436234416e-06,0.0010321920000013,0.800256000001057,3.9614800497498663
488,4,midLeft,lowC,3.954680344839295,1,1,0,0,0,0.8064000000314575,4.096000087246882e-07,0.0002064384000002,0.1600512000002113,4.301868809059662
489,4,midRight,lowA,3.825749855380508,1,0,1,0,0,0.1612800000062915,0.8000000819200018,4.128768000005405e-05,0.0320102400000422,4.0242499965238885
490,4,midLeft,lowC,4.361980805873174,1,1,0,0,0,0.8322560000012583,0.1600000163840003,8.257536000010807e-06,0.0064020480000084,4.4102855818540725
491,4,downLeft,high,3.949624658126328,0,0,0,0,0,0.1664512000002516,0.0320000032768,1.6515072000021608e-06,0.0012804096000016,3.879602396632379
492,4,downRight,lowB,3.992528420712018,1,0,0,0,1,0.0332902400000503,0.00640000065536,3.3030144000043217e-07,0.8002560819200004,4.020224846862688
493,4,downLeft,high,4.006098489415069,0,0,0,0,0,0.00665804800001,0.001280000131072,6.606028800008643e-08,0.160051216384,4.041145259634057
494,4,downRight,lowB,4.325805076793914,1,0,0,0,1,0.001331609600002,0.0002560000262144,1.3212057600017284e-08,0.8320102432768001,4.4970291804034375
495,4,downLeft,high,4.013582504525313,1,0,0,100,0,0.0002663219200004,5.120000524288002e-05,80.00000000264242,0.16640204865536,4.032736511434319
496,4,downLeft,high,204.04866962561837,1,0,0,100,0,5.3264384000080455e-05,1.0240001048576004e-05,96.00000000052847,0.0332804097310719,203.87217112504425
497,4,midLeft,lowC,3.991363846801396,1,1,0,0,0,0.8000106528768001,2.0480002097152e-06,19.20000000010569,0.0066560819462143,4.020991589207419
498,4,midRight,lowA,3.689077980676706,0,0,0,0,0,0.1600021305753599,4.096000419430398e-07,3.8400000000211367,0.0013312163892428,3.9902361758616505
499,4,midRight,lowA,4.15677349897596,1,0,1,0,0,0.0320004261150719,0.8000000819200085,0.7680000000042271,0.0002662432778485,3.8365284412882987
500,5,downLeft,lowC,5.814652945544167,1,0,0,1,0,0.0064000852230143,0.1600000163840016,0.9536000000008454,5.324865556971515e-05,5.904948053529799
501,5,downLeft,lowC,6.45333583900892,1,0,0,1,0,0.0012800170446028,0.0320000032768003,0.9907200000001692,1.0649731113943028e-05,6.180910759049315
502,5,downLeft,lowC,6.51841631830087,1,0,0,1,0,0.0002560034089205,0.00640000065536,0.9981440000000338,2.1299462227886053e-06,6.580371860787696
503,5,midRight,lowA,4.125851440852316,1,0,1,0,0,5.120068178411511e-05,0.801280000131072,0.1996288000000067,4.25989244557721e-07,4.159713853201745
504,5,downRight,lowB,3.8600301232786896,0,0,0,0,0,1.024013635682302e-05,0.1602560000262143,0.0399257600000013,8.519784891154418e-08,4.079815529563623
505,5,downLeft,lowC,4.160911802613336,1,0,0,1,0,2.048027271364603e-06,0.0320512000052428,0.8079851520000003,1.7039569782308828e-08,3.9633941928599286
506,5,downLeft,lowC,6.207841940996826,0,0,0,0,0,4.0960545427292053e-07,0.0064102400010485,0.1615970304,3.407913956461764e-09,6.140352935080235
507,5,downRight,lowB,4.114188039111722,1,0,0,0,1,8.19210908545841e-08,0.0012820480002097,0.03231940608,0.8000000006815828,3.9438134007967345
508,5,downLeft,lowC,4.165212462111526,0,0,0,0,0,1.6384218170916816e-08,0.0002564096000419,0.006463881216,0.1600000001363165,4.03607355515288
509,5,midRight,lowA,3.963007068242268,1,0,1,0,0,3.2768436341833632e-09,0.8000512819200084,0.0012927762431999,0.0320000000272633,4.149611063553013
510,5,downRight,lowB,4.064837451005629,0,0,0,0,0,6.553687268366721e-10,0.1600102563840016,0.00025855524864,0.0064000000054526,3.975478202917498
511,5,midLeft,high,4.038691101627004,1,100,0,0,0,80.00000000013108,0.0320020512768003,5.1711049728e-05,0.0012800000010905,3.994076868590068
512,5,downRight,lowB,3.9731478457944105,0,0,0,0,0,16.00000000002622,0.00640041025536,1.0342209945599998e-05,0.0002560000002181,4.114873807234969
513,5,downLeft,lowC,4.1096609272135,1,0,0,1,0,3.200000000005243,0.001280082051072,0.8000020684419892,5.1200000043621246e-05,3.977451755619325
514,5,midLeft,high,12.086593828861004,1,100,0,0,0,80.64000000000105,0.0002560164102144,0.1600004136883978,1.0240000008724246e-05,12.04219327235889
515,5,midLeft,high,205.7166008046908,1,100,0,0,0,96.1280000000002,5.1203282042880496e-05,0.0320000827376795,2.0480000017448486e-06,205.47234007368473
516,5,midRight,lowA,3.936312682315456,1,0,1,0,0,19.225600000000043,0.8000102406564086,0.0064000165475359,4.096000003489696e-07,4.041916418616531
517,5,downLeft,lowC,4.005511436921111,1,0,0,1,0,3.845120000000009,0.1600020481312817,0.8012800033095072,8.192000006979392e-08,4.036814191708409
518,5,downLeft,lowC,6.003306498428881,0,0,0,0,0,0.7690240000000017,0.0320004096262563,0.1602560006619013,1.6384000013958782e-08,5.975987421467991
519,5,midLeft,high,5.873833736182867,1,100,0,0,0,80.1538048,0.0064000819252512,0.0320512001323802,3.2768000027917553e-09,5.934444763426439
520,5,downRight,lowB,3.7803000992199753,0,0,0,0,0,16.030760959999995,0.0012800163850502,0.006410240026476,6.553600005583506e-10,4.0585268842070725
521,5,downLeft,lowC,3.958236094135236,1,0,0,1,0,3.2061521919999976,0.00025600327701,0.8012820480052952,1.3107200011167014e-10,4.027596336920565
522,5,midRight,lowA,3.930830724956332,0,0,0,0,0,0.6412304383999992,5.1200655402010113e-05,0.160256409601059,2.6214400022334028e-11,3.9767841254183875
523,5,downLeft,lowC,4.427945501473178,1,0,0,1,0,0.1282460876799998,1.0240131080402024e-05,0.8320512819202118,5.2428800044668056e-12,4.62518669892242
524,5,midLeft,high,4.493812061966139,1,100,0,0,0,80.025649217536,2.0480262160804045e-06,0.1664102563840422,1.0485760008933608e-12,4.160359514682673
525,5,midRight,lowA,3.818491776137898,1,0,1,0,0,16.00512984350719,0.8000004096052432,0.0332820512768084,2.097152001786721e-13,4.0218249296342945
526,5,midRight,lowA,6.116454502603575,1,0,1,0,0,3.201025968701437,0.9600000819210488,0.0066564102553616,4.1943040035734425e-14,6.171301793602905
527,5,downLeft,lowC,3.949497961505788,1,0,0,1,0,0.6402051937402873,0.1920000163842097,0.8013312820510724,8.388608007146885e-15,4.044435525376096
528,5,midLeft,high,5.577923259632857,1,100,0,0,0,80.12804103874807,0.0384000032768419,0.1602662564102144,1.677721601429377e-15,5.539232780171636
529,5,midLeft,high,204.53496192864472,0,0,0,0,0,16.025608207749613,0.0076800006553683,0.0320532512820428,3.3554432028587524e-16,204.43073377830586
530,5,midRight,lowA,4.203253748608066,1,0,1,0,0,3.205121641549922,0.8015360001310737,0.0064106502564085,6.710886405717502e-17,4.170406077710449
531,5,midRight,lowA,5.97851708940925,1,0,1,0,0,0.6410243283099843,0.9603072000262148,0.0012821300512817,1.3421772811435e-17,5.993076699928511
532,5,midRight,lowA,6.280710342305057,1,0,1,0,0,0.1282048656619968,0.992061440005243,0.0002564260102563,2.6843545622869988e-18,6.27993898297211
533,5,downLeft,lowC,4.078680829341914,1,0,0,1,0,0.0256409731323993,0.1984122880010486,0.8000512852020513,5.368709124573995e-19,4.130362455780783
534,5,downRight,lowB,3.925952339182388,0,0,0,0,0,0.0051281946264798,0.0396824576002097,0.1600102570404101,1.0737418249147989e-19,3.790029745911629
535,5,midRight,lowA,4.079158876017474,1,0,1,0,0,0.0010256389252959,0.807936491520042,0.032002051408082,2.1474836498295972e-20,4.103398469785214
536,5,downLeft,lowC,4.0400577649127065,0,0,0,0,0,0.0002051277850591,0.1615872983040083,0.0064004102816164,4.294967299659195e-21,4.130804143922479
537,5,downLeft,lowC,3.995514571413689,1,0,0,1,0,4.102555701183895e-05,0.0323174596608016,0.8012800820563233,8.589934599318392e-22,4.111940391028458
538,5,downLeft,lowC,5.950327661551416,1,0,0,1,0,8.205111402367786e-06,0.0064634919321603,0.9602560164112648,1.7179869198636782e-22,5.887111011776573
539,5,midRight,lowA,4.118425817816006,1,0,1,0,0,1.641022280473557e-06,0.8012926983864321,0.1920512032822529,3.435973839727355e-23,4.1307032050244
540,5,downLeft,lowC,4.603854049268528,1,0,0,1,0,3.2820445609471136e-07,0.1602585396772864,0.8384102406564506,6.871947679454706e-24,4.31287791774453
541,5,midLeft,high,4.134310429328462,1,100,0,0,0,80.00000006564089,0.0320517079354572,0.16768204813129,1.3743895358909412e-24,4.055877333015864
542,5,midRight,lowA,4.065649694757468,1,0,1,0,0,16.000000013128172,0.8064103415870915,0.033536409626258,2.7487790717818808e-25,4.082603916293823
543,5,downRight,lowB,4.03090845507047,1,0,0,0,1,3.200000002625634,0.1612820683174182,0.0067072819252516,0.8,3.957422951044197
544,5,midRight,lowA,4.322966413095035,1,0,1,0,0,0.6400000005251267,0.8322564136634837,0.0013414563850503,0.1599999999999999,4.2736869644323345
545,5,midRight,lowA,6.118260707928918,1,0,1,0,0,0.1280000001050253,0.9664512827326968,0.00026829127701,0.0319999999999999,6.0324698188287265
546,5,downRight,lowB,3.9951593346066954,0,0,0,0,0,0.025600000021005,0.1932902565465393,5.3658255402012765e-05,0.0063999999999999,4.1420013085990055
547,5,midLeft,high,4.079035856407096,1,100,0,0,0,80.00512000000421,0.0386580513093078,1.0731651080402551e-05,0.0012799999999999,3.9561601287261516
548,5,downRight,lowB,4.096492216424533,1,0,0,0,1,16.00102400000084,0.0077316102618615,2.146330216080511e-06,0.8002560000000001,3.9638325321587686
549,5,downRight,lowB,5.994958202392319,0,0,0,0,0,3.200204800000167,0.0015463220523723,4.292660432161021e-07,0.1600511999999999,5.9670744794391535
550,5,downRight,lowB,4.450973425776776,1,0,0,0,1,0.6400409600000332,0.0003092644104744,8.58532086432204e-08,0.83201024,4.253697371683783
551,5,midLeft,high,5.6977500955632,1,100,0,0,0,80.12800819200001,6.185288209489251e-05,1.7170641728644075e-08,0.1664020479999999,5.607262025844729
552,5,downRight,lowB,4.419125299337797,1,0,0,0,1,16.025601638400005,1.23705764189785e-05,3.4341283457288143e-09,0.8332804096,4.393661333040499
553,5,midLeft,high,44.186620877923424,0,0,0,0,0,3.2051203276799995,2.4741152837956987e-06,6.868256691457629e-10,0.1666560819199999,43.913687768651485
554,5,downLeft,lowC,3.964519905726623,1,0,0,1,0,0.6410240655359996,4.948230567591398e-07,0.8000000001373652,0.0333312163839999,4.07671312750479
555,5,midLeft,high,5.499054138924555,1,100,0,0,0,80.1282048131072,9.896461135182792e-08,0.1600000000274729,0.0066662432767999,5.399886248247108
556,5,midLeft,high,204.48702940428103,1,100,0,0,0,96.02564096262144,1.9792922270365577e-08,0.0320000000054945,0.0013332486553599,204.4036595040414
557,5,midRight,lowA,3.897230345504053,1,0,1,0,0,19.205128192524285,0.8000000039585845,0.0064000000010989,0.0002666497310719,4.028509693073019
558,5,midRight,lowA,5.899601352152133,1,0,1,0,0,3.841025638504856,0.9600000007917168,0.0012800000002197,5.332994621439987e-05,5.883684892142581
559,5,midLeft,high,13.691767618581483,1,100,0,0,0,80.76820512770098,0.1920000001583433,0.0002560000000439,1.0665989242879976e-05,13.589087540174873
560,5,midLeft,high,205.83060716033629,0,0,0,0,0,16.153641025540196,0.0384000000316686,5.1200000008791305e-05,2.1331978485759943e-06,206.04884141526875
561,5,downRight,lowB,4.078073737991735,1,0,0,0,1,3.230728205108038,0.0076800000063337,1.024000000175826e-05,0.8000004266395697,3.922041294390912
562,5,downLeft,lowC,4.042497389394986,1,0,0,1,0,0.6461456410216075,0.0015360000012667,0.8000020480000004,0.1600000853279138,4.019549994615638
563,5,downRight,lowB,4.383124737461303,0,0,0,0,0,0.1292291282043215,0.0003072000002533,0.1600004096,0.0320000170655827,4.459964287361306
564,5,downRight,lowB,4.109540281075726,1,0,0,0,1,0.0258458256408642,6.144000005066982e-05,0.03200008192,0.8064000034131166,4.015819405074291
565,5,midRight,lowA,3.968742798222147,1,0,1,0,0,0.0051691651281728,0.8000122880000102,0.006400016384,0.1612800006826232,4.209040771611941
566,5,downRight,lowB,4.398953446008475,1,0,0,0,1,0.0010338330256345,0.1600024576000019,0.0012800032767999,0.8322560001365247,4.3091584521850335
567,5,downLeft,lowC,3.927308200206227,1,0,0,1,0,0.0002067666051269,0.0320004915200003,0.8002560006553601,0.1664512000273048,3.9663599785549195
568,5,midRight,lowA,4.119531273098625,1,0,1,0,0,4.135332102538284e-05,0.8064000983040002,0.160051200131072,0.0332902400054609,4.10557359117528
569,5,midRight,lowA,6.061291773283578,1,0,1,0,0,8.270664205076567e-06,0.9612800196608,0.0320102400262143,0.0066580480010921,6.0569696255165235
570,5,downRight,lowB,4.234473443703996,0,0,0,0,0,1.6541328410153126e-06,0.1922560039321599,0.0064020480052428,0.0013316096002184,4.151608565285794
571,5,downRight,lowB,3.880168715126731,1,0,0,0,1,3.308265682030625e-07,0.0384512007864319,0.0012804096010485,0.8002663219200438,4.069400026024123
572,5,downLeft,lowC,4.00049626893354,1,0,0,1,0,6.616531364061252e-08,0.0076902401572863,0.8002560819202098,0.1600532643840087,3.9839294056188317
573,5,downLeft,lowC,5.999450684857819,1,0,0,1,0,1.3233062728122502e-08,0.0015380480314572,0.960051216384042,0.0320106528768017,5.828651209179177
574,5,midLeft,high,3.917870414743673,0,0,0,0,0,2.6466125456244993e-09,0.0003076096062914,0.1920102432768083,0.0064021305753603,3.987408147415159
575,5,midLeft,high,3.992990471653668,1,100,0,0,0,80.00000000052933,6.15219212582911e-05,0.0384020486553616,0.001280426115072,4.020063747705558
576,5,midLeft,high,203.9513795497765,0,0,0,0,0,16.000000000105857,1.2304384251658218e-05,0.0076804097310723,0.0002560852230144,204.01027328365612
577,5,downRight,lowB,4.075322712931411,1,0,0,0,1,3.20000000002117,2.4608768503316423e-06,0.0015360819462144,0.8000512170446029,4.1501699094477145
578,5,downRight,lowB,5.86660206121082,1,0,0,0,1,0.6400000000042336,4.921753700663285e-07,0.0003072163892428,0.9600102434089206,6.127293627456485
579,5,midRight,lowA,3.979483633237482,0,0,0,0,0,0.1280000000008466,9.84350740132657e-08,6.144327784857862e-05,0.192002048681784,4.11993791652311
580,5,downRight,lowB,4.4082744598124775,0,0,0,0,0,0.0256000000001693,1.9687014802653143e-08,1.2288655569715722e-05,0.0384004097363568,4.401902513163357
581,5,midLeft,high,3.9837449443999233,0,0,0,0,0,0.0051200000000338,3.937402960530627e-09,2.457731113943143e-06,0.0076800819472713,4.224973844714829
582,5,downRight,lowB,3.963890860414823,0,0,0,0,0,0.0010240000000067,7.874805921061252e-10,4.915462227886284e-07,0.0015360163894542,4.010553892053414
583,5,midLeft,high,4.152047199796381,1,100,0,0,0,80.0002048,1.57496118421225e-10,9.830924455772566e-08,0.0003072032778908,3.962272395652483
584,5,midRight,lowA,3.908027840093329,1,0,1,0,0,16.000040959999993,0.8000000000314993,1.9661848911545133e-08,6.144065557817086e-05,3.9353910028587435
585,5,midRight,lowA,5.88381466648586,1,0,1,0,0,3.2000081919999985,0.9600000000062998,3.932369782309026e-09,1.2288131115634166e-05,5.863090564816586
586,5,downLeft,lowC,3.890199118421447,1,0,0,1,0,0.6400016383999994,0.1920000000012599,0.800000000786474,2.457626223126833e-06,4.024483905618523
587,5,midLeft,high,5.632180148513934,0,0,0,0,0,0.1280003276799998,0.0384000000002519,0.1600000001572947,4.915252446253665e-07,5.699754782665917
588,5,downRight,lowB,3.895546566078036,1,0,0,0,1,0.0256000655359999,0.0076800000000503,0.0320000000314589,0.8000000983050489,3.9234340532426923
589,5,downRight,lowB,6.068057601515694,1,0,0,0,1,0.0051200131071999,0.00153600000001,0.0064000000062917,0.9600000196610098,6.0858014937018154
590,5,midRight,lowA,4.030667553176596,1,0,1,0,0,0.0010240026214399,0.8003072000000021,0.0012800000012583,0.1920000039322019,3.9458433485952082
591,5,midLeft,high,4.001797011727835,1,100,0,0,0,80.00020480052429,0.1600614400000003,0.0002560000002516,0.0384000007864403,3.9152922940208827
592,5,midRight,lowA,4.32618471317522,1,0,1,0,0,16.000040960104855,0.8320122880000002,5.120000005033427e-05,0.007680000157288,4.473052765179044
593,5,midLeft,high,43.95911844175349,0,0,0,0,0,3.20000819202097,0.1664024575999999,1.0240000010066856e-05,0.0015360000314576,44.08088839006046
594,5,downLeft,lowC,3.932995470074183,1,0,0,1,0,0.6400016384041938,0.0332804915199999,0.8000020480000021,0.0003072000062915,3.8998273525896763
595,5,midLeft,high,5.582451632929872,1,100,0,0,0,80.12800032768085,0.0066560983039999,0.1600004096000004,6.144000125830456e-05,5.5364813076306545
596,5,midRight,lowA,4.042928908870854,1,0,1,0,0,16.025600065536167,0.8013312196608,0.03200008192,1.228800025166091e-05,4.093267131361976
597,5,downRight,lowB,4.036571193601246,1,0,0,0,1,3.205120013107233,0.1602662439321599,0.006400016384,0.8000024576000504,3.934518613324568
598,5,downLeft,lowC,4.0105111377670735,1,0,0,1,0,0.6410240026214464,0.0320532487864319,0.8012800032768,0.16000049152001,4.0044859516132325
599,5,midLeft,high,5.659592696813088,1,100,0,0,0,80.1282048005243,0.0064106497572863,0.1602560006553599,0.0320000983040019,5.581795154184419
600,6,downRight,lowB,4.074698794940682,0,0,0,0,0,16.02564096010485,0.0012821299514572,0.0320512001310719,0.0064000196608003,4.057096503496907
601,6,downLeft,lowA,3.995593934647843,0,0,0,0,0,3.20512819202097,0.0002564259902914,0.0064102400262143,0.00128000393216,4.1673776857797575
602,6,downLeft,lowA,3.963929458663761,1,0,0,1,0,0.6410256384041939,5.12851980582911e-05,0.8012820480052429,0.000256000786432,4.017655542170535
603,6,midRight,high,3.876354364481068,1,0,100,0,0,0.1282051276808388,80.00001025703962,0.1602564096010486,5.120015728640314e-05,3.838932261959111
604,6,downRight,lowB,3.998088981473581,0,0,0,0,0,0.0256410255361677,16.000002051407918,0.0320512819202097,1.0240031457280623e-05,3.9062090645491945
605,6,downLeft,lowA,3.950214264085996,1,0,0,1,0,0.0051282051072335,3.200000410281582,0.806410256384042,2.0480062914561253e-06,4.114137824132471
606,6,midLeft,lowC,4.099249901208318,1,1,0,0,0,0.8010256410214468,0.6400000820563161,0.1612820512768084,4.0960125829122493e-07,3.9298710195899034
607,6,midLeft,lowC,6.058855139997675,1,1,0,0,0,0.9602051282042894,0.1280000164112632,0.0322564102553616,8.192025165824498e-08,5.9938396315204665
608,6,midRight,high,4.524134641987082,1,0,100,0,0,0.1920410256408578,80.02560000328226,0.0064512820510723,1.6384050331648993e-08,4.340447934134829
609,6,midLeft,lowC,4.365729315587915,1,1,0,0,0,0.8384082051281716,16.005120000656447,0.0012902564102144,3.2768100663297972e-09,4.323083216386375
610,6,midLeft,lowC,5.887941891808326,1,1,0,0,0,0.9676816410256344,3.201024000131289,0.0002580512820428,6.553620132659593e-10,6.003872755220945
611,6,midLeft,lowC,6.381300212588346,0,0,0,0,0,0.1935363282051267,0.6402048000262575,5.1610256408578616e-05,1.3107240265319183e-10,6.495782861358826
612,6,midLeft,lowC,4.5530373886012665,1,1,0,0,0,0.8387072656410254,0.1280409600052514,1.0322051281715718e-05,2.621448053063836e-11,4.395058190294571
613,6,midLeft,lowC,5.9303080464413975,1,1,0,0,0,0.9677414531282053,0.0256081920010502,2.0644102563431432e-06,5.242896106127671e-12,6.053385635966305
614,6,midRight,high,3.834608489715002,1,0,100,0,0,0.1935482906256409,80.00512163840021,4.128820512686286e-07,1.048579221225534e-12,4.146581714147769
615,6,downRight,lowB,3.8803112651931575,1,0,0,0,1,0.0387096581251281,16.001024327680042,8.257641025372569e-08,0.8000000000002098,3.9756105673718483
616,6,downLeft,lowA,3.9939188284001976,1,0,0,1,0,0.0077419316250256,3.2002048655360085,0.8000000165152821,0.1600000000000419,4.10542523813983
617,6,midLeft,lowC,4.065393487732553,1,1,0,0,0,0.8015483863250051,0.6400409731072014,0.1600000033030564,0.0320000000000083,3.9855399851702162
618,6,midLeft,lowC,5.964199193732512,1,1,0,0,0,0.960309677265001,0.1280081946214403,0.0320000006606112,0.0064000000000016,6.149852627550486
619,6,midLeft,lowC,6.435345144265509,0,0,0,0,0,0.1920619354530002,0.025601638924288,0.0064000001321222,0.0012800000000003,6.243380067831073
620,6,downLeft,lowA,3.94180887423351,1,0,0,1,0,0.0384123870906,0.0051203277848576,0.8012800000264245,0.000256,3.9606719986270855
621,6,midLeft,lowC,4.152316605957345,1,1,0,0,0,0.80768247741812,0.0010240655569715,0.1602560000052848,5.120000000001339e-05,4.166281435137982
622,6,downLeft,lowA,4.560542444264159,1,0,0,1,0,0.1615364954836239,0.0002048131113943,0.832051200001057,1.0240000000002672e-05,4.4552141276072055
623,6,downRight,lowB,3.999670187531881,0,0,0,0,0,0.0323072990967247,4.0962622278860864e-05,0.1664102400002113,2.048000000000535e-06,4.082113976141368
624,6,downLeft,lowA,4.431539066037814,0,0,0,0,0,0.0064614598193449,8.192524455772172e-06,0.0332820480000422,4.09600000000107e-07,4.341808377532869
625,6,downLeft,lowA,3.9296636021168183,1,0,0,1,0,0.0012922919638689,1.638504891154434e-06,0.8066564096000086,8.192000000002138e-08,4.075201207381334
626,6,downRight,lowB,3.918685211346504,1,0,0,0,1,0.0002584583927737,3.277009782308868e-07,0.1613312819200016,0.8000000163840001,3.915449357876345
627,6,midLeft,lowC,3.88336726511476,1,1,0,0,0,0.8000516916785548,6.554019564617737e-08,0.0322662563840003,0.1600000032767999,3.9824144687631002
628,6,midRight,high,4.056375377372446,1,0,100,0,0,0.1600103383357108,80.00000001310805,0.0064532512768,0.0320000006553599,4.079458349510934
629,6,midRight,high,203.99896713965185,1,0,100,0,0,0.0320020676671421,96.00000000262162,0.00129065025536,0.0064000001310719,204.12442622519097
630,6,midLeft,lowC,4.014644585025892,1,1,0,0,0,0.8064004135334285,19.200000000524312,0.000258130051072,0.0012800000262143,4.187921336086128
631,6,downLeft,lowA,4.050011480095312,0,0,0,0,0,0.1612800827066857,3.8400000001048618,5.162601021440046e-05,0.0002560000052428,3.780197993844229
632,6,downLeft,lowA,4.150577589460674,1,0,0,1,0,0.0322560165413371,0.7680000000209724,0.800010325202043,5.120000104857591e-05,3.761561161075716
633,6,downRight,lowB,3.925388760675952,1,0,0,0,1,0.0064512033082674,0.1536000000041943,0.1600020650404086,0.8000102400002097,3.949224679744877
634,6,downRight,lowB,6.171432446515619,0,0,0,0,0,0.0012902406616534,0.0307200000008388,0.0320004130080817,0.1600020480000419,5.949116786708916
635,6,downRight,lowB,4.4473928242472205,0,0,0,0,0,0.0002580481323306,0.0061440000001677,0.0064000826016163,0.0320004096000083,4.254879127304879
636,6,midLeft,lowC,3.9567194598501056,0,0,0,0,0,5.1609626466139394e-05,0.0012288000000335,0.0012800165203232,0.0064000819200016,4.072647048807191
637,6,downRight,lowB,4.077845723498828,1,0,0,0,1,1.0321925293227872e-05,0.0002457600000067,0.0002560033040646,0.8012800163840004,4.2473940038438585
638,6,midLeft,lowC,3.918348208483179,1,1,0,0,0,0.8000020643850587,4.915200000134214e-05,5.1200660812930686e-05,0.1602560032768,3.8182470490950395
639,6,midLeft,lowC,5.920437236449993,1,1,0,0,0,0.9600004128770118,9.830400000268428e-06,1.0240132162586136e-05,0.0320512006553599,5.909372261783277
640,6,midLeft,lowC,6.44905949762307,0,0,0,0,0,0.1920000825754023,1.966080000053685e-06,2.048026432517226e-06,0.0064102401310719,6.430326308783173
641,6,downRight,lowB,4.009402948504986,1,0,0,0,1,0.0384000165150804,3.932160000107369e-07,4.0960528650344523e-07,0.8012820480262144,4.1540802134956145
642,6,midLeft,lowC,4.153232304773877,1,1,0,0,0,0.8076800033030163,7.864320000214738e-08,8.192105730068902e-08,0.1602564096052428,4.027367074416724
643,6,midRight,high,3.9394435000814334,1,0,100,0,0,0.1615360006606032,80.00000001572865,1.6384211460137805e-08,0.0320512819210485,4.0815306333391295
644,6,midRight,high,204.01979246968975,1,0,100,0,0,0.0323072001321206,96.00000000314571,3.2768422920275604e-09,0.0064102563842097,204.14927589110712
645,6,downLeft,lowA,4.098164602665833,1,0,0,1,0,0.0064614400264241,19.200000000629142,0.8000000006553685,0.0012820512768419,4.05179741482555
646,6,midRight,high,51.958342941993685,1,0,100,0,0,0.0012922880052848,83.84000000012583,0.1600000001310736,0.0002564102553683,51.95151071040503
647,6,midRight,high,213.57878454202145,1,0,100,0,0,0.0002584576010569,96.76800000002515,0.0320000000262147,5.128205107367764e-05,213.5383119095972
648,6,midRight,high,245.85220499757816,1,0,100,0,0,5.169152021139298e-05,99.35360000000504,0.0064000000052429,1.0256410214735523e-05,245.79594364670763
649,6,downLeft,lowA,4.099290832189167,1,0,0,1,0,1.0338304042278592e-05,19.870720000001,0.8012800000010486,2.051282042947104e-06,3.877955724071248
650,6,midRight,high,53.68629802016021,1,0,100,0,0,2.067660808455719e-06,83.97414400000021,0.1602560000002096,4.102564085894208e-07,53.60359260726423
651,6,midRight,high,213.9140647586061,0,0,0,0,0,4.135321616911438e-07,16.794828800000033,0.0320512000000419,8.205128171788415e-08,213.92709725548102
652,6,downLeft,lowA,3.9988192853912814,0,0,0,0,0,8.270643233822873e-08,3.3589657600000056,0.0064102400000083,1.6410256343576828e-08,4.035471912857814
653,6,midRight,high,12.373163330730302,1,0,100,0,0,1.6541286467645746e-08,80.671793152,0.0012820480000016,3.282051268715365e-09,12.407646534993027
654,6,midRight,high,205.6675983923814,1,0,100,0,0,3.308257293529148e-09,96.1343586304,0.0002564096000003,6.564102537430727e-10,205.74991877449517
655,6,midRight,high,244.145240423909,1,0,100,0,0,6.616514587058296e-10,99.22687172608,5.128192000006704e-05,1.312820507486145e-10,244.1250141148266
656,6,midRight,high,251.89960547490577,0,0,0,0,0,1.3233029174116592e-10,19.845374345216,1.0256384000013404e-05,2.6256410149722897e-11,252.1240681734305
657,6,downRight,lowB,3.8449998302456954,1,0,0,0,1,2.6466058348233176e-11,3.969074869043199,2.0512768000026807e-06,0.8000000000052513,4.095448933703437
658,6,downRight,lowB,6.15386922509605,1,0,0,0,1,5.2932116696466345e-12,0.7938149738086397,4.102553600005362e-07,0.9600000000010502,6.053032685501746
659,6,midRight,high,5.911834817000056,1,0,100,0,0,1.0586423339293264e-12,80.15876299476173,8.20510720001072e-08,0.19200000000021,5.972430440098006
660,6,midLeft,lowC,3.895301697166556,0,0,0,0,0,2.1172846678586529e-13,16.031752598952338,1.6410214400021442e-08,0.0384000000000419,3.9607281154284677
661,6,downRight,lowB,3.935276570788339,1,0,0,0,1,4.2345693357173054e-14,3.206350519790467,3.282042880004288e-09,0.8076800000000084,3.996917105218807
662,6,midRight,high,11.954276261350026,1,0,100,0,0,8.469138671434611e-15,80.64127010395809,6.564085760008573e-10,0.1615360000000016,12.113446614229677
663,6,downRight,lowB,4.347006847505329,1,0,0,0,1,1.6938277342869216e-15,16.128254020791616,1.3128171520017148e-10,0.8323072000000004,4.157002133209004
664,6,midLeft,lowC,3.9311465220297817,1,1,0,0,0,0.8000000000000004,3.225650804158322,2.6256343040034285e-11,0.16646144,4.000547942195072
665,6,midLeft,lowC,6.033357585321055,1,1,0,0,0,0.96,0.6451301608316644,5.2512686080068556e-12,0.033292288,6.09284233830955
666,6,downRight,lowB,4.132109625502412,1,0,0,0,1,0.1919999999999999,0.1290260321663329,1.050253721601371e-12,0.8066584576,4.107121301482044
667,6,downLeft,lowA,3.952196361132338,1,0,0,1,0,0.0383999999999999,0.0258052064332665,0.8000000000002101,0.1613316915199999,4.087138032311473
668,6,downRight,lowB,4.468597367062162,0,0,0,0,0,0.0076799999999999,0.0051610412866533,0.160000000000042,0.0322663383039999,4.321892034257457
669,6,midRight,high,3.927990490019644,1,0,100,0,0,0.0015359999999999,80.00103220825734,0.0320000000000083,0.0064532676607999,3.95607357915672
670,6,downLeft,lowA,4.057283275022887,1,0,0,1,0,0.0003071999999999,16.00020644165147,0.8064000000000017,0.0012906535321599,4.078244575182589
671,6,downRight,lowB,4.006651991923833,1,0,0,0,1,6.14399999999999e-05,3.2000412883302936,0.1612800000000003,0.800258130706432,3.997292680738638
672,6,downLeft,lowA,4.289251703011898,1,0,0,1,0,1.2287999999999976e-05,0.6400082576660586,0.8322560000000001,0.1600516261412863,4.331565892943544
673,6,downLeft,lowA,6.05747260016445,1,0,0,1,0,2.457599999999995e-06,0.1280016515332117,0.9664512,0.0320103252282572,6.102117734996972
674,6,downLeft,lowA,6.494336884042514,0,0,0,0,0,4.915199999999987e-07,0.0256003303066423,0.1932902399999999,0.0064020650456514,6.350569877132987
675,6,midRight,high,3.989692045427848,1,0,100,0,0,9.830399999999973e-08,80.00512006606134,0.0386580479999999,0.0012804130091302,3.8970639823538167
676,6,midRight,high,204.08277287486808,1,0,100,0,0,1.9660799999999943e-08,96.00102401321227,0.0077316095999999,0.000256082601826,204.22016346858553
677,6,midRight,high,243.9663499155043,0,0,0,0,0,3.932159999999986e-09,19.20020480264245,0.0015463219199999,5.1216520365211565e-05,244.00423273366465
678,6,midLeft,lowC,4.00788815682264,1,1,0,0,0,0.8000000007864321,3.840040960528489,0.0003092643839999,1.0243304073042307e-05,4.066608127445017
679,6,downRight,lowB,4.072579736702312,1,0,0,0,1,0.1600000001572863,0.7680081921056976,6.185287679999989e-05,0.8000020486608147,4.087514153097776
680,6,midRight,high,5.973575931976949,1,0,100,0,0,0.0320000000314572,80.15360163842115,1.2370575359999978e-05,0.1600004097321629,5.967900483762224
681,6,downLeft,lowA,3.773281629052448,1,0,0,1,0,0.0064000000062914,16.03072032768422,0.8000024741150721,0.0320000819464325,3.976628510925417
682,6,downLeft,lowA,5.939117258973973,0,0,0,0,0,0.0012800000012582,3.206144065536844,0.1600004948230143,0.0064000163892865,6.051788613694726
683,6,downLeft,lowA,4.4234844421305,1,0,0,1,0,0.0002560000002516,0.6412288131073685,0.8320000989646029,0.0012800032778573,4.372960891198494
684,6,downLeft,lowA,6.170889561786645,0,0,0,0,0,5.1200000050331536e-05,0.1282457626214737,0.1664000197929205,0.0002560006555714,6.11545284751931
685,6,downLeft,lowA,4.52133249768035,1,0,0,1,0,1.0240000010066306e-05,0.0256491525242947,0.8332800039585841,5.1200131114292056e-05,4.363132748937965
686,6,midRight,high,3.8688179981102206,0,0,0,0,0,2.048000002013261e-06,0.0051298305048589,0.1666560007917168,1.0240026222858408e-05,4.171182732814429
687,6,downRight,lowB,3.9428609444927374,1,0,0,0,1,4.096000004026522e-07,0.0010259661009717,0.0333312001583433,0.8000020480052447,3.9289126319239998
688,6,downLeft,lowA,4.178631822167029,1,0,0,1,0,8.192000008053042e-08,0.0002051932201943,0.8066662400316688,0.1600004096010489,4.036203227943003
689,6,downRight,lowB,4.365824156047506,1,0,0,0,1,1.6384000016106076e-08,4.1038644038871546e-05,0.1613332480063337,0.8320000819202098,4.425888969264762
690,6,downRight,lowB,6.155310634143449,1,0,0,0,1,3.2768000032212143e-09,8.207728807774308e-06,0.0322666496012667,0.966400016384042,6.087449463146788
691,6,downRight,lowB,6.510908753598524,1,0,0,0,1,6.553600006442427e-10,1.6415457615548614e-06,0.0064533299202533,0.9932800032768084,6.279388407057941
692,6,midLeft,lowC,4.086882351377879,0,0,0,0,0,1.3107200012884854e-10,3.283091523109721e-07,0.0012906659840506,0.1986560006553616,3.746995922911308
693,6,midLeft,lowC,4.025030299152755,1,1,0,0,0,0.8000000000262144,6.566183046219442e-08,0.0002581331968101,0.0397312001310723,3.8632043727920258
694,6,midLeft,lowC,5.943282010102022,0,0,0,0,0,0.1600000000052428,1.3132366092438882e-08,5.162663936202674e-05,0.0079462400262144,6.111175028004782
695,6,midRight,high,3.856290404928439,1,0,100,0,0,0.0320000000010485,80.00000000262648,1.0325327872405346e-05,0.0015892480052428,4.185399238829896
696,6,downLeft,lowA,3.932691632267757,0,0,0,0,0,0.0064000000002097,16.00000000052529,2.0650655744810696e-06,0.0003178496010485,3.8806291361574785
697,6,downRight,lowB,3.769579838862141,1,0,0,0,1,0.0012800000000419,3.2000000001050566,4.130131148962138e-07,0.8000635699202098,3.9918158320579527
698,6,downRight,lowB,5.871824955009957,1,0,0,0,1,0.0002560000000083,0.6400000000210113,8.260262297924278e-08,0.960012713984042,6.148531184126034
699,6,downRight,lowB,6.524642473968265,1,0,0,0,1,5.120000000167767e-05,0.1280000000042022,1.6520524595848556e-08,0.9920025427968084,6.484210149831448
700,7,downRight,high,6.567737112959569,1,0,0,0,100,1.024000000033553e-05,0.0256000000008404,3.3041049191697102e-09,80.19840050855937,6.40977550087124
701,7,midRight,lowC,3.8694460453299406,1,0,1,0,0,2.048000000067105e-06,0.8051200000001681,6.60820983833942e-10,16.039680101711866,4.126378688482492
702,7,downLeft,lowA,3.90204473923392,0,0,0,0,0,4.096000000134209e-07,0.1610240000000335,1.3216419676678834e-10,3.207936020342373,4.186597398594998
703,7,downRight,high,12.070446667826598,1,0,0,0,100,8.192000000268419e-08,0.0322048000000067,2.6432839353357677e-11,80.64158720406849,11.867425604326641
704,7,midLeft,lowB,3.8776345527265454,1,1,0,0,0,0.8000000163840001,0.0064409600000013,5.286567870671534e-12,16.12831744081369,3.921089102599461
705,7,midRight,lowC,3.9841300234504127,1,0,1,0,0,0.1600000032767999,0.8012881920000003,1.0573135741343065e-12,3.2256634881627377,4.0766335014661115
706,7,midLeft,lowB,4.358933838039726,1,1,0,0,0,0.8320000006553601,0.1602576384,2.1146271482686122e-13,0.6451326976325475,4.47117413605268
707,7,downRight,high,5.643106896887956,1,0,0,0,100,0.1664000001310719,0.03205152768,4.2292542965372236e-14,80.12902653952652,5.635236523740488
708,7,midLeft,lowB,4.465566611153966,0,0,0,0,0,0.0332800000262143,0.0064103055359999,8.458508593074445e-15,16.0258053079053,4.425711170702021
709,7,midLeft,lowB,4.198261728824501,1,1,0,0,0,0.806656000005243,0.0012820611071999,1.6917017186148888e-15,3.205161061581059,4.1030933617150005
710,7,midRight,lowC,3.7883287133640944,1,0,1,0,0,0.1613312000010485,0.8002564122214401,3.383403437229776e-16,0.6410322123162118,3.897937527699567
711,7,downRight,high,5.798242512419031,1,0,0,0,100,0.0322662400002096,0.160051282444288,6.766806874459549e-17,80.12820644246324,5.578270242646448
712,7,midRight,lowC,4.4852933351951,1,0,1,0,0,0.0064532480000419,0.8320102564888576,1.3533613748919098e-17,16.02564128849265,4.388379481552045
713,7,midRight,lowC,6.068026484620539,0,0,0,0,0,0.0012906496000083,0.1664020512977715,2.706722749783819e-18,3.2051282576985294,6.209480508020072
714,7,midRight,lowC,4.6477757210130735,1,0,1,0,0,0.0002581299200016,0.8332804102595543,5.413445499567638e-19,0.6410256515397057,4.378274556386967
715,7,midRight,lowC,6.059292050921998,0,0,0,0,0,5.162598400033547e-05,0.1666560820519108,1.0826890999135272e-19,0.1282051303079411,6.100612289213725
716,7,downLeft,lowA,4.199863711137851,0,0,0,0,0,1.0325196800067094e-05,0.0333312164103821,2.165378199827054e-20,0.0256410260615882,3.8370975105754117
717,7,downLeft,lowA,4.053540025064491,1,0,0,1,0,2.065039360013419e-06,0.0066662432820764,0.8,0.0051282052123176,4.108104564992739
718,7,downLeft,lowA,5.997345985055104,1,0,0,1,0,4.130078720026837e-07,0.0013332486564152,0.96,0.0010256410424635,5.853516673323685
719,7,downLeft,lowA,6.610866852550799,1,0,0,1,0,8.260157440053675e-08,0.000266649731283,0.992,0.0002051282084927,6.499789115421212
720,7,downLeft,lowA,6.424561009428704,1,0,0,1,0,1.652031488010734e-08,5.332994625661144e-05,0.9984,4.10256416985411e-05,6.329228615256509
721,7,midLeft,lowB,3.901031470103473,1,1,0,0,0,0.8000000033040631,1.0665989251322284e-05,0.1996799999999999,8.205128339708219e-06,3.990233002330469
722,7,midLeft,lowB,6.032045987885827,1,1,0,0,0,0.9600000006608126,2.133197850264456e-06,0.0399359999999999,1.6410256679416432e-06,6.020902231680644
723,7,downRight,high,4.137749942020608,1,0,0,0,100,0.1920000001321624,4.266395700528911e-07,0.0079871999999999,80.00000032820513,4.016975772857394
724,7,downLeft,lowA,4.085536003765824,1,0,0,1,0,0.0384000000264324,8.532791401057821e-08,0.80159744,16.000000065641018,4.097698720708413
725,7,downLeft,lowA,6.12696792274942,1,0,0,1,0,0.0076800000052864,1.7065582802115645e-08,0.960319488,3.200000013128204,6.032799828805574
726,7,downRight,high,12.097463197001389,0,0,0,0,0,0.0015360000010572,3.413116560423128e-09,0.1920638975999999,0.6400000026256407,12.101347058740412
727,7,midRight,lowC,4.02931734884999,1,0,1,0,0,0.0003072000002114,0.8000000006826233,0.0384127795199999,0.1280000005251281,4.043725152845969
728,7,midRight,lowC,5.958567329396506,1,0,1,0,0,6.144000004229197e-05,0.9600000001365246,0.0076825559039999,0.0256000001050256,6.09026235705284
729,7,midRight,lowC,6.4384496061490255,0,0,0,0,0,1.2288000008458391e-05,0.1920000000273048,0.0015365111807999,0.0051200000210051,6.233163372939765
730,7,downLeft,lowA,3.8878825084201374,1,0,0,1,0,2.457600001691677e-06,0.0384000000054609,0.8003073022361601,0.001024000004201,3.8307159286758714
731,7,midLeft,lowB,3.964992234312561,0,0,0,0,0,4.915200003383354e-07,0.0076800000010921,0.160061460447232,0.0002048000008402,3.834134209259889
732,7,midRight,lowC,4.1281534842458,0,0,0,0,0,9.830400006766707e-08,0.0015360000002184,0.0320122920894463,4.096000016804097e-05,3.8912030513878295
733,7,midLeft,lowB,3.990508672005288,1,1,0,0,0,0.8000000196608,0.0003072000000436,0.0064024584178892,8.192000033608193e-06,4.239720050180682
734,7,downRight,high,4.1157725745167015,1,0,0,0,100,0.1600000039321599,6.144000000873748e-05,0.0012804916835778,80.00000163840001,4.021572553162715
735,7,downLeft,lowA,3.986436844968697,0,0,0,0,0,0.0320000007864319,1.2288000001747492e-05,0.0002560983367155,16.00000032768,4.05969456671998
736,7,midLeft,lowB,4.103544732111623,1,1,0,0,0,0.8064000001572864,2.4576000003494976e-06,5.121966734311423e-05,3.200000065535999,4.149791489686171
737,7,downRight,high,11.952146054195694,1,0,0,0,100,0.1612800000314572,4.915200000698993e-07,1.0243933468622844e-05,80.64000001310721,12.186917551637757
738,7,downLeft,lowA,4.016628611878053,1,0,0,1,0,0.0322560000062914,9.830400001397985e-08,0.8000020487866938,16.128000002621434,4.008774846477282
739,7,midRight,lowC,4.007511387749564,1,0,1,0,0,0.0064512000012582,0.8000000196608,0.1600004097573387,3.2256000005242864,3.9842480345714395
740,7,downLeft,lowA,4.385326621848637,1,0,0,1,0,0.0012902400002516,0.1600000039321599,0.8320000819514678,0.6451200001048569,4.30461555958576
741,7,downLeft,lowA,6.04403440271832,1,0,0,1,0,0.0002580480000503,0.0320000007864319,0.9664000163902936,0.1290240000209713,6.019707055793457
742,7,midLeft,lowB,4.085313422891795,1,1,0,0,0,0.8000516096000101,0.0064000001572863,0.1932800032780587,0.0258048000041942,4.036231064824993
743,7,downLeft,lowA,4.621609806267921,1,0,0,1,0,0.1600103219200019,0.0012800000314572,0.8386560006556117,0.0051609600008388,4.5491114272813
744,7,midLeft,lowB,4.439822123700722,1,1,0,0,0,0.8320020643840005,0.0002560000062914,0.1677312001311223,0.0010321920001677,4.48800617614176
745,7,midLeft,lowB,6.095552394934089,1,1,0,0,0,0.9664004128768,5.1200001258291104e-05,0.0335462400262244,0.0002064384000335,6.120559516537346
746,7,downRight,high,3.8712563863938527,0,0,0,0,0,0.19328008257536,1.0240000251658215e-05,0.0067092480052448,4.128768000671081e-05,4.052887982364918
747,7,midLeft,lowB,4.448972287067514,1,1,0,0,0,0.838656016515072,2.0480000503316427e-06,0.0013418496010489,8.25753600134216e-06,4.644681754960857
748,7,midRight,lowC,3.954411850001745,0,0,0,0,0,0.1677312033030144,4.096000100663285e-07,0.0002683699202097,1.6515072002684316e-06,4.0120660283531615
749,7,downRight,high,4.001792060151806,0,0,0,0,0,0.0335462406606028,8.19200020132657e-08,5.367398404195907e-05,3.303014400536862e-07,4.126415695704422
750,7,midLeft,lowB,4.06745710281052,0,0,0,0,0,0.0067092481321205,1.6384000402653135e-08,1.0734796808391812e-05,6.606028801073725e-08,4.1820340326900745
751,7,midLeft,lowB,4.057242909848609,1,1,0,0,0,0.8013418496264242,3.276800080530626e-09,2.146959361678362e-06,1.3212057602147445e-08,4.035119606800378
752,7,midLeft,lowB,6.0578106525657365,1,1,0,0,0,0.9602683699252847,6.553600161061251e-10,4.293918723356722e-07,2.6424115204294886e-09,6.037892711297824
753,7,midRight,lowC,3.8946727401931134,1,0,1,0,0,0.1920536739850569,0.8000000001310721,8.587837446713445e-08,5.284823040858975e-10,4.127464707634617
754,7,downLeft,lowA,3.996660292025406,1,0,0,1,0,0.0384107347970113,0.1600000000262144,0.8000000171756749,1.0569646081717947e-10,3.8105192470121585
755,7,midLeft,lowB,4.054082594145079,0,0,0,0,0,0.0076821469594022,0.0320000000052428,0.1600000034351349,2.113929216343589e-11,3.921665525080037
756,7,downLeft,lowA,4.359284680825421,1,0,0,1,0,0.0015364293918804,0.0064000000010485,0.8320000006870271,4.2278584326871785e-12,4.299304276547932
757,7,downLeft,lowA,6.130484785656815,1,0,0,1,0,0.000307285878376,0.0012800000002097,0.9664000001374056,8.455716865374355e-13,6.062610824370054
758,7,downLeft,lowA,6.481657890594836,1,0,0,1,0,6.145717567521814e-05,0.0002560000000419,0.9932800000274812,1.69114337307487e-13,6.554534142648048
759,7,downRight,high,3.794152100514424,0,0,0,0,0,1.2291435135043626e-05,5.120000000838853e-05,0.1986560000054962,3.3822867461497384e-14,3.944266909994232
760,7,midLeft,lowB,3.945351475575876,1,1,0,0,0,0.8000024582870271,1.0240000001677705e-05,0.0397312000010992,6.764573492299476e-15,3.787155112232315
761,7,downRight,high,4.113916012537978,1,0,0,0,100,0.1600004916574053,2.04800000033554e-06,0.0079462400002198,80.0,4.098684970794022
762,7,midRight,lowC,3.9393862866373976,1,0,1,0,0,0.032000098331481,0.8000004096000001,0.0015892480000439,16.0,4.084867352623637
763,7,midLeft,lowB,4.261702340794295,0,0,0,0,0,0.0064000196662962,0.1600000819199999,0.0003178496000087,3.1999999999999997,4.246583211644072
764,7,downRight,high,12.126161968506564,1,0,0,0,100,0.0012800039332592,0.0320000163839999,6.356992000175872e-05,80.64,11.859210554019866
765,7,downRight,high,205.63047620022803,1,0,0,0,100,0.0002560007866518,0.0064000032767999,1.271398400035174e-05,96.128,205.69971736558983
766,7,midRight,lowC,4.110526789217447,1,0,1,0,0,5.120015733036968e-05,0.8012800006553601,2.542796800070347e-06,19.2256,3.977376780392388
767,7,downRight,high,51.948838901531225,1,0,0,0,100,1.0240031466073931e-05,0.160256000131072,5.085593600140693e-07,83.84512000000001,52.18602088088902
768,7,downLeft,lowA,4.09074683521183,1,0,0,1,0,2.048006293214786e-06,0.0320512000262143,0.8000001017118721,16.769024,3.8811712336679594
769,7,downLeft,lowA,5.991168964403547,1,0,0,1,0,4.0960125864295706e-07,0.0064102400052428,0.9600000203423744,3.353804799999999,6.087759278845543
770,7,midRight,lowC,3.977759871441776,1,0,1,0,0,8.192025172859138e-08,0.8012820480010486,0.1920000040684748,0.6707609599999995,3.945812087288212
771,7,midRight,lowC,5.9023176345838015,1,0,1,0,0,1.6384050345718277e-08,0.9602564096002096,0.0384000008136949,0.1341521919999998,6.063669897424171
772,7,downRight,high,4.289550516331506,0,0,0,0,0,3.276810069143654e-09,0.1920512819200419,0.0076800001627389,0.0268304383999999,4.196528319975629
773,7,downRight,high,4.0412535362870985,1,0,0,0,100,6.553620138287304e-10,0.0384102563840083,0.0015360000325477,80.00536608768,4.078633720390509
774,7,downRight,high,203.92762414087736,1,0,0,0,100,1.3107240276574609e-10,0.0076820512768016,0.0003072000065095,96.001073217536,203.88901236772588
775,7,downRight,high,244.00555919908848,1,0,0,0,100,2.621448055314921e-11,0.0015364102553603,6.144000130191187e-05,99.2002146435072,243.9630949013448
776,7,downRight,high,251.7724323908428,1,0,0,0,100,5.2428961106298395e-12,0.000307282051072,1.2288000260382377e-05,99.84004292870144,251.9695587985586
777,7,midLeft,lowB,3.963643532608971,1,1,0,0,0,0.8000000000010487,6.145641021441337e-05,2.457600052076475e-06,19.96800858574028,4.018051080020307
778,7,downRight,high,53.83465856226659,1,0,0,0,100,0.1600000000002096,1.2291282042882669e-05,4.91520010415295e-07,83.99360171714805,53.79577977023723
779,7,downLeft,lowA,4.136016685821417,1,0,0,1,0,0.0320000000000419,2.458256408576533e-06,0.8000000983040021,16.798720343429608,3.9618254280798872
780,7,midLeft,lowB,4.048383688111419,1,1,0,0,0,0.8064000000000084,4.916512817153067e-07,0.1600000196608003,3.35974406868592,4.04811825418168
781,7,midLeft,lowB,5.94318636362343,0,0,0,0,0,0.1612800000000016,9.83302563430613e-08,0.03200000393216,0.6719488137371838,6.033676880267311
782,7,downLeft,lowA,4.175221574503791,0,0,0,0,0,0.0322560000000003,1.966605126861225e-08,0.006400000786432,0.1343897627474367,4.0720837613519745
783,7,downRight,high,4.328126182568697,1,0,0,0,100,0.0064512,3.9332102537224505e-09,0.0012800001572864,80.0268779525495,4.505071137310248
784,7,midRight,lowC,4.084718694174862,1,0,1,0,0,0.00129024,0.8000000007866421,0.0002560000314572,16.0053755905099,3.959723777186375
785,7,downRight,high,43.876764403516106,1,0,0,0,100,0.000258048,0.1600000001573284,5.1200006291456096e-05,83.20107511810198,43.96756210514255
786,7,midRight,lowC,4.559764545178455,1,0,1,0,0,5.160960000000044e-05,0.8320000000314657,1.0240001258291218e-05,16.6402150236204,4.469399101933655
787,7,midLeft,lowB,4.137316173750209,1,1,0,0,0,0.80001032192,0.166400000006293,2.048000251658244e-06,3.32804300472408,4.025027260319609
788,7,downLeft,lowA,3.8499045200842494,1,0,0,1,0,0.160002064384,0.0332800000012586,0.8000004096000504,0.6656086009448159,3.980995758637757
789,7,downLeft,lowA,6.01192073911637,0,0,0,0,0,0.0320004128768,0.0066560000002517,0.16000008192001,0.1331217201889631,6.003278696070003
790,7,midLeft,lowB,4.069207826328404,0,0,0,0,0,0.0064000825753599,0.0013312000000503,0.0320000163840019,0.0266243440377926,4.168263451180236
791,7,midRight,lowC,4.014714555648225,0,0,0,0,0,0.0012800165150719,0.00026624000001,0.0064000032768003,0.0053248688075585,3.9393250899332455
792,7,midRight,lowC,3.886471517162569,1,0,1,0,0,0.0002560033030143,0.8000532480000021,0.00128000065536,0.0010649737615117,4.0854582638912165
793,7,midRight,lowC,6.025433903848139,1,0,1,0,0,5.120066060287993e-05,0.9600106496000004,0.000256000131072,0.0002129947523023,5.969944333088729
794,7,midRight,lowC,6.390969186754186,1,0,1,0,0,1.0240132120575983e-05,0.99200212992,5.1200026214403096e-05,4.259895046046817e-05,6.555273221416158
795,7,downLeft,lowA,3.942900246930877,0,0,0,0,0,2.0480264241151963e-06,0.1984004259839999,1.0240005242880616e-05,8.519790092093635e-06,4.069218644973837
796,7,downRight,high,3.86377160294596,1,0,0,0,100,4.096052848230392e-07,0.0396800851968,2.0480010485761223e-06,80.00000170395802,4.089567674394192
797,7,midLeft,lowB,4.016751680988625,1,1,0,0,0,0.800000081921057,0.0079360170393599,4.0960020971522433e-07,16.0000003407916,4.153971014919746
798,7,midRight,lowC,3.8940937642746114,0,0,0,0,0,0.1600000163842113,0.0015872034078719,8.192004194304484e-08,3.200000068158319,3.8733727138513103
799,7,downRight,high,11.953843573169172,1,0,0,0,100,0.0320000032768422,0.0003174406815743,1.638400838860896e-08,80.64000001363166,12.062360993686907
800,8,downLeft,lowA,3.947823379805024,1,0,0,1,0,0.0064000006553684,6.348813631487996e-05,0.8000000032768018,16.128000002726324,4.032407693356056
801,8,downRight,high,44.39682596821229,1,0,0,0,100,0.0012800001310736,1.2697627262975989e-05,0.1600000006553603,83.22560000054527,44.275344356502025
802,8,downLeft,lowA,4.335941779447079,1,0,0,1,0,0.0002560000262147,2.539525452595196e-06,0.8320000001310721,16.645120000109046,4.394810175444606
803,8,downLeft,lowA,6.115498800115566,0,0,0,0,0,5.12000052429476e-05,5.079050905190392e-07,0.1664000000262143,3.3290240000218088,6.066679879135537
804,8,midRight,lowC,4.055534214999595,1,0,1,0,0,1.0240001048589516e-05,0.8000001015810182,0.0332800000052428,0.6658048000043615,4.117999980776757
805,8,midRight,lowC,5.985122933411631,1,0,1,0,0,2.048000209717904e-06,0.9600000203162036,0.0066560000010485,0.1331609600008723,5.957714884668892
806,8,midRight,lowC,6.330627913641958,1,0,1,0,0,4.096000419435806e-07,0.9920000040632408,0.0013312000002097,0.0266321920001744,6.408230647043754
807,8,downLeft,lowA,3.8887589305089834,1,0,0,1,0,8.192000838871608e-08,0.198400000812648,0.800266240000042,0.0053264384000348,4.155551673279233
808,8,downLeft,lowA,5.936013789047155,1,0,0,1,0,1.6384001677743212e-08,0.0396800001625295,0.9600532480000084,0.0010652876800069,5.780372586455789
809,8,midRight,lowC,4.214735061258002,1,0,1,0,0,3.27680033554864e-09,0.807936000032506,0.1920106496000015,0.0002130575360013,4.006220768013515
810,8,midRight,lowC,5.98975364342814,1,0,1,0,0,6.553600671097276e-10,0.9615872000065012,0.0384021299200003,4.261150720027908e-05,6.1094809551489435
811,8,midRight,lowC,6.449200682604437,1,0,1,0,0,1.310720134219455e-10,0.9923174400013004,0.007680425984,8.522301440055816e-06,6.358126017457136
812,8,downRight,high,3.964660519373271,1,0,0,0,100,2.621440268438909e-11,0.19846348800026,0.0015360851968,80.00000170446029,4.005151765617895
813,8,midRight,lowC,4.520953227937326,0,0,0,0,0,5.242880536877817e-12,0.039692697600052,0.00030721703936,16.000000340892058,4.616184205436237
814,8,midLeft,lowB,4.019377080272131,1,1,0,0,0,0.8000000000010487,0.0079385395200103,6.144340787200044e-05,3.2000000681784115,3.912291418434916
815,8,midRight,lowC,3.8815863852041272,0,0,0,0,0,0.1600000000002096,0.001587707904002,1.2288681574400083e-05,0.640000013635682,4.042920945620061
816,8,downRight,high,5.583341000476929,1,0,0,0,100,0.0320000000000419,0.0003175415808004,2.457736314880016e-06,80.12800000272715,5.565073996306986
817,8,downRight,high,204.2737757839679,1,0,0,0,100,0.0064000000000083,6.350831616008313e-05,4.91547262976003e-07,96.02560000054544,204.28756376054363
818,8,midLeft,lowB,4.067940145601514,0,0,0,0,0,0.0012800000000016,1.2701663232016622e-05,9.830945259520058e-08,19.20512000010908,4.089350003593087
819,8,midRight,lowC,3.893231304249516,1,0,1,0,0,0.0002560000000003,0.8000025403326464,1.966189051904012e-08,3.841024000021815,3.999045868010279
820,8,midLeft,lowB,4.046569034435093,1,1,0,0,0,0.8000512000000001,0.1600005080665292,3.932378103808023e-09,0.7682048000043626,3.9231047672339168
821,8,downRight,high,5.979424584049286,0,0,0,0,0,0.1600102399999999,0.0320001016133058,7.864756207616044e-10,0.1536409600008724,5.795583223725761
822,8,downRight,high,4.45183900509624,1,0,0,0,100,0.0320020479999999,0.0064000203226611,1.5729512415232088e-10,80.03072819200018,4.413681048545876
823,8,midRight,lowC,3.9112027986186697,1,0,1,0,0,0.0064004095999999,0.8012800040645323,3.1459024830464176e-11,16.006145638400028,4.050541142153317
824,8,downLeft,lowA,4.040799165021548,1,0,0,1,0,0.0012800819199999,0.1602560008129063,0.8000000000062919,3.201229127680005,4.169218343984807
825,8,midRight,lowC,4.4164552990892885,0,0,0,0,0,0.0002560163839999,0.0320512001625812,0.1600000000012583,0.6402458255360006,4.607180361292461
826,8,midRight,lowC,3.9718962238582094,1,0,1,0,0,5.120327679999993e-05,0.8064102400325163,0.0320000000002516,0.1280491651072001,4.289166459310366
827,8,midLeft,lowB,3.87686483401053,1,1,0,0,0,0.8000102406553601,0.1612820480065032,0.0064000000000503,0.02560983302144,4.0350780094033425
828,8,downLeft,lowA,4.069057325570164,1,0,0,1,0,0.160002048131072,0.0322564096013006,0.8012800000000101,0.005121966604288,4.116229900157248
829,8,midLeft,lowB,4.540907984632125,0,0,0,0,0,0.0320004096262143,0.0064512819202601,0.1602560000000019,0.0010243933208576,4.49948605257302
830,8,midLeft,lowB,4.276080482277747,1,1,0,0,0,0.8064000819252429,0.001290256384052,0.0320512000000003,0.0002048786641715,4.106911364732024
831,8,midRight,lowC,3.984751015223986,1,0,1,0,0,0.1612800163850485,0.8002580512768105,0.00641024,4.097573283430399e-05,4.069463853500611
832,8,midRight,lowC,5.950100148715444,1,0,1,0,0,0.0322560032770097,0.960051610255362,0.001282048,8.1951465668608e-06,6.27509026898126
833,8,downLeft,lowA,4.027113071994406,1,0,0,1,0,0.0064512006554019,0.1920103220510723,0.8002564096,1.6390293133721598e-06,4.036692950862743
834,8,downRight,high,3.847914363009906,1,0,0,0,100,0.0012902401310803,0.0384020644102144,0.1600512819199999,80.00000032780586,3.9236032619253822
835,8,downLeft,lowA,4.591150408868795,0,0,0,0,0,0.000258048026216,0.0076804128820428,0.0320102563839999,16.000000065561167,4.412617936743613
836,8,downLeft,lowA,3.958687296054836,1,0,0,1,0,5.1609605243215504e-05,0.0015360825764085,0.8064020512768001,3.2000000131122324,4.096210011779018
837,8,downLeft,lowA,5.92406311280762,0,0,0,0,0,1.03219210486431e-05,0.0003072165152817,0.16128041025536,0.6400000026224464,6.069246807131592
838,8,midRight,lowC,3.954004366899106,1,0,1,0,0,2.06438420972862e-06,0.8000614433030564,0.032256082051072,0.1280000005244892,4.1720265995836945
839,8,downRight,high,4.390116289149149,1,0,0,0,100,4.12876841945724e-07,0.1600122886606112,0.0064512164102144,80.0256000001049,4.314807454131066
840,8,midLeft,lowB,4.148764278023978,0,0,0,0,0,8.25753683891448e-08,0.0320024577321222,0.0012902432820428,16.00512000002098,3.943644039132236
841,8,midRight,lowC,4.101857109730563,1,0,1,0,0,1.6515073677828957e-08,0.8064004915464245,0.0002580486564085,3.201024000004196,4.107165380108156
842,8,downRight,high,12.123222676653992,1,0,0,0,100,3.3030147355657914e-09,0.1612800983092848,5.160973128171516e-05,80.64020480000084,12.145530837471524
843,8,midLeft,lowB,4.146307295400155,0,0,0,0,0,6.606029471131578e-10,0.0322560196618569,1.0321946256343028e-05,16.128040960000163,4.017501731943827
844,8,midLeft,lowB,4.122522645472589,1,1,0,0,0,0.8000000001321206,0.0064512039323713,2.0643892512686053e-06,3.2256081920000312,3.9579144917204014
845,8,midLeft,lowB,5.906231789763177,1,1,0,0,0,0.9600000000264242,0.0012902407864742,4.128778502537209e-07,0.6451216384000062,6.103608902661206
846,8,midRight,lowC,4.137331557844274,0,0,0,0,0,0.1920000000052848,0.0002580481572948,8.257557005074418e-08,0.1290243276800012,4.107112684908336
847,8,midLeft,lowB,4.334743821722829,1,1,0,0,0,0.838400000001057,5.160963145897112e-05,1.6515114010148834e-08,0.0258048655360002,4.2566764946720985
848,8,downLeft,lowA,3.983092924341696,0,0,0,0,0,0.1676800000002113,1.0321926291794222e-05,3.303022802029766e-09,0.0051609731072,4.078545954156579
849,8,downRight,high,3.960024778071516,1,0,0,0,100,0.0335360000000422,2.0643852583588444e-06,6.60604560405953e-10,80.00103219462144,4.042727950487244
850,8,midLeft,lowB,3.8574082080147742,1,1,0,0,0,0.8067072000000086,4.128770516717689e-07,1.321209120811905e-10,16.00020643892428,4.15651974782357
851,8,midLeft,lowB,5.941435450691149,1,1,0,0,0,0.9613414400000018,8.257541033435379e-08,2.6424182416238103e-11,3.200041287784856,6.02504918144725
852,8,midRight,lowC,3.944681593617163,0,0,0,0,0,0.1922682880000003,1.6515082066870755e-08,5.284836483247619e-12,0.6400082575569712,4.0658987455490285
853,8,midLeft,lowB,4.5428217319177335,0,0,0,0,0,0.0384536576,3.3030164133741503e-09,1.0569672966495233e-12,0.1280016515113942,4.462283105461516
854,8,downRight,high,4.305013062624044,1,0,0,0,100,0.00769073152,6.606032826748301e-10,2.1139345932990457e-13,80.02560033030228,4.371517363314408
855,8,downRight,high,204.0798624822329,1,0,0,0,100,0.001538146304,1.3212065653496595e-10,4.2278691865980894e-14,96.00512006606046,204.15649912279014
856,8,downRight,high,243.94428950559012,0,0,0,0,0,0.0003076292608,2.642413130699318e-11,8.455738373196179e-15,19.20102401321209,244.0974167357833
857,8,downRight,high,51.985215699891285,1,0,0,0,100,6.152585216e-05,5.2848262613986345e-12,1.6911476746392353e-15,83.84020480264242,52.0449393581879
858,8,downLeft,lowA,3.956855399660632,1,0,0,1,0,1.2305170432e-05,1.056965252279727e-12,0.8000000000000004,16.76804096052848,3.97292412606552
859,8,midLeft,lowB,3.937790716456976,0,0,0,0,0,2.4610340863999986e-06,2.1139305045594539e-13,0.16,3.353608192105696,4.011751708499562
860,8,midRight,lowC,4.101716806224975,1,0,1,0,0,4.922068172799996e-07,0.8000000000000423,0.032,0.670721638421139,3.9968323534902837
861,8,downLeft,lowA,4.076653387527332,0,0,0,0,0,9.844136345599993e-08,0.1600000000000084,0.0063999999999999,0.1341443276842278,4.097770900167178
862,8,downLeft,lowA,4.135106882436285,0,0,0,0,0,1.9688272691199973e-08,0.0320000000000016,0.0012799999999999,0.0268288655368455,4.12964543793473
863,8,downRight,high,3.988943264294051,1,0,0,0,100,3.937654538239993e-09,0.0064000000000003,0.0002559999999999,80.00536577310737,4.217946390325611
864,8,midLeft,lowB,4.169395260218965,0,0,0,0,0,7.875309076479986e-10,0.00128,5.119999999999997e-05,16.001073154621466,3.8466889191462847
865,8,midLeft,lowB,3.949161643635749,1,1,0,0,0,0.8000000001575063,0.000256,1.023999999999999e-05,3.200214630924293,3.8796662120592362
866,8,midLeft,lowB,5.902518699374932,1,1,0,0,0,0.9600000000315012,5.1200000000002654e-05,2.047999999999998e-06,0.6400429261848584,5.979392719678686
867,8,midLeft,lowB,6.431021358133938,1,1,0,0,0,0.9920000000063004,1.0240000000000524e-05,4.095999999999994e-07,0.1280085852369716,6.314360942059803
868,8,downRight,high,4.245595085367223,1,0,0,0,100,0.19840000000126,2.0480000000001047e-06,8.191999999999989e-08,80.0256017170474,4.37029189333281
869,8,midLeft,lowB,4.545722840012022,0,0,0,0,0,0.0396800000002519,4.096000000000208e-07,1.638399999999997e-08,16.005120343409473,4.382095673123368
870,8,midRight,lowC,4.092356946931499,1,0,1,0,0,0.0079360000000503,0.80000008192,3.2767999999999927e-09,3.2010240686818943,3.8965717119343624
871,8,downLeft,lowA,4.06002426833349,1,0,0,1,0,0.00158720000001,0.1600000163839999,0.80000000065536,0.6402048137363785,3.955866314045934
872,8,downLeft,lowA,5.930869682278157,1,0,0,1,0,0.000317440000002,0.0320000032768,0.960000000131072,0.1280409627472757,6.091270261419284
873,8,midLeft,lowB,4.091909536469958,1,1,0,0,0,0.8000634880000005,0.0064000006553599,0.1920000000262143,0.0256081925494551,3.961387836275413
874,8,midRight,lowC,3.882688530621572,1,0,1,0,0,0.1600126976,0.801280000131072,0.0384000000052428,0.005121638509891,4.060064804332622
875,8,downRight,high,4.064268966799121,1,0,0,0,100,0.03200253952,0.1602560000262143,0.0076800000010485,80.00102432770198,3.99409985548193
876,8,downRight,high,203.93349923858335,1,0,0,0,100,0.006400507904,0.0320512000052428,0.0015360000002097,96.0002048655404,204.0663942241268
877,8,downRight,high,244.15898632781216,1,0,0,0,100,0.0012801015807999,0.0064102400010485,0.0003072000000419,99.20004097310807,243.98661206544367
878,8,midLeft,lowB,3.976723071893639,1,1,0,0,0,0.80025602031616,0.0012820480002097,6.144000000838853e-05,19.840008194621603,3.988174472738087
879,8,downLeft,lowA,3.949567904839897,1,0,0,1,0,0.1600512040632319,0.0002564096000419,0.8000122880000017,3.9680016389243207,3.9900341548992704
880,8,midLeft,lowB,4.55381927401608,1,1,0,0,0,0.8320102408126464,5.1281920008388536e-05,0.1600024576000003,0.7936003277848638,4.364096736610759
881,8,downLeft,lowA,4.4947913308922685,1,0,0,1,0,0.1664020481625292,1.0256384001677705e-05,0.8320004915200001,0.1587200655569727,4.1964276685030395
882,8,downLeft,lowA,6.0148054057312645,0,0,0,0,0,0.0332804096325058,2.051276800335541e-06,0.1664000983039999,0.0317440131113945,6.0261422108388105
883,8,downLeft,lowA,4.3135345178759,1,0,0,1,0,0.0066560819265011,4.102553600671081e-07,0.8332800196608,0.0063488026222789,4.552881170845769
884,8,downLeft,lowA,5.8888122626295525,1,0,0,1,0,0.0013312163853002,8.20510720134216e-08,0.96665600393216,0.0012697605244557,6.0263862204825545
885,8,midRight,lowC,4.047383461659748,0,0,0,0,0,0.00026624327706,1.6410214402684315e-08,0.1933312007864319,0.0002539521048911,4.076792571970638
886,8,downRight,high,4.084104685885265,0,0,0,0,0,5.324865541200927e-05,3.2820428805368613e-09,0.0386662401572863,5.0790420978231245e-05,4.119910006963812
887,8,midLeft,lowB,4.126788592775107,1,1,0,0,0,0.8000106497310825,6.56408576107372e-10,0.0077332480314572,1.0158084195646244e-05,4.09578845677404
888,8,downRight,high,3.894202263410505,1,0,0,0,100,0.1600021299462164,1.3128171522147438e-10,0.0015466496062914,80.00000203161684,4.066889162140595
889,8,midLeft,lowB,4.605529393293571,1,1,0,0,0,0.8320004259892433,2.6256343044294876e-11,0.0003093299212582,16.000000406323366,4.287562868091402
890,8,midRight,lowC,4.057025227658043,1,0,1,0,0,0.1664000851978486,0.8000000000052513,6.186598425165813e-05,3.2000000812646725,4.094345215604192
891,8,downLeft,lowA,4.077483049886211,1,0,0,1,0,0.0332800170395697,0.1600000000010502,0.8000123731968504,0.6400000162529342,4.017334913148869
892,8,downRight,high,5.553029343832708,1,0,0,0,100,0.0066560034079139,0.03200000000021,0.16000247463937,80.12800000325059,5.579159714224173
893,8,midRight,lowC,4.222308092380224,1,0,1,0,0,0.0013312006815827,0.806400000000042,0.0320004949278739,16.025600000650115,4.196063234132844
894,8,downLeft,lowA,4.162940331648716,1,0,0,1,0,0.0002662401363165,0.1612800000000083,0.8064000989855749,3.205120000130023,4.06981279528695
895,8,downRight,high,12.120454790336888,1,0,0,0,100,5.324802726331153e-05,0.0322560000000016,0.1612800197971149,80.64102400002601,12.093222227692614
896,8,midRight,lowC,3.9229587861557182,0,0,0,0,0,1.0649605452662302e-05,0.0064512000000003,0.0322560039594229,16.128204800005193,4.242411882359358
897,8,downRight,high,44.31648389515216,1,0,0,0,100,2.1299210905324608e-06,0.00129024,0.0064512007918845,83.22564096000104,44.136497790614825
898,8,downRight,high,211.90548226002892,1,0,0,0,100,4.259842181064921e-07,0.000258048,0.0012902401583769,96.6451281920002,212.0577068469687
899,8,downLeft,lowA,3.929521138719139,1,0,0,1,0,8.51968436212984e-08,5.1609600000002576e-05,0.8002580480316754,19.32902563840004,3.9371974356068287
900,9,downLeft,lowB,5.977064356128354,1,0,0,1,0,1.7039368724259673e-08,1.032192000000051e-05,0.9600516096063352,3.865805127680007,6.06265743656176
901,9,downLeft,lowB,6.4637664780425785,1,0,0,1,0,3.407873744851934e-09,2.0643840000001013e-06,0.992010321921267,0.7731610255360013,6.278328376094757
902,9,midLeft,high,3.851195967990024,1,100,0,0,0,80.00000000068158,4.1287680000002013e-07,0.1984020643842533,0.1546322051072002,4.09013678698507
903,9,downRight,lowA,4.456909587332205,1,0,0,0,1,16.00000000013631,8.257536000000403e-08,0.0396804128768506,0.8309264410214401,4.298489986965131
904,9,midLeft,high,44.047382440978325,1,100,0,0,0,83.20000000002726,1.6515072000000803e-08,0.0079360825753701,0.166185288204288,44.187353941764144
905,9,midRight,lowC,3.991432536131421,1,0,1,0,0,16.640000000005443,0.8000000033030145,0.001587216515074,0.0332370576408576,4.042188618383592
906,9,midRight,lowC,6.035309540551896,0,0,0,0,0,3.3280000000010883,0.1600000006606028,0.0003174433030148,0.0066474115281715,6.093772710835383
907,9,midRight,lowC,4.344459012999185,0,0,0,0,0,0.6656000000002176,0.0320000001321205,6.3488660602961e-05,0.0013294823056343,4.281146918294335
908,9,downRight,lowA,3.9418565587142367,1,0,0,0,1,0.1331200000000435,0.0064000000264241,1.2697732120592196e-05,0.8002658964611269,4.117851105516597
909,9,midRight,lowC,3.905143322994844,1,0,1,0,0,0.0266240000000086,0.8012800000052849,2.5395464241184388e-06,0.1600531792922253,3.9503313114184655
910,9,downRight,lowA,4.270953462991721,0,0,0,0,0,0.0053248000000017,0.1602560000010569,5.079092848236875e-07,0.032010635858445,4.453708412450683
911,9,downRight,lowA,4.084100965676795,1,0,0,0,1,0.0010649600000003,0.0320512000002113,1.0158185696473749e-07,0.806402127171689,4.126092133983814
912,9,downRight,lowA,6.066257068240341,1,0,0,0,1,0.000212992,0.0064102400000422,2.0316371392947492e-08,0.9612804254343378,6.134396466473627
913,9,downRight,lowA,6.406849981215466,1,0,0,0,1,4.259840000001391e-05,0.0012820480000084,4.0632742785895e-09,0.9922560850868676,6.363007559353679
914,9,downLeft,lowB,3.89596397864633,1,0,0,1,0,8.519680000002783e-06,0.0002564096000016,0.8000000008126549,0.1984512170173734,3.9978065575211006
915,9,downRight,lowA,4.281692215408856,1,0,0,0,1,1.7039360000005563e-06,5.128192000033812e-05,0.1600000001625309,0.8396902434034748,4.435269232614964
916,9,midRight,lowC,4.017729528411687,1,0,1,0,0,3.407872000001113e-07,0.8000102563840001,0.0320000000325061,0.1679380486806949,4.136925637965332
917,9,downRight,lowA,4.36658051602314,1,0,0,0,1,6.815744000002226e-08,0.1600020512768,0.0064000000065012,0.833587609736139,4.319216342646053
918,9,midRight,lowC,4.387681578379779,1,0,1,0,0,1.3631488000004448e-08,0.8320004102553601,0.0012800000013002,0.1667175219472277,4.396271912308024
919,9,downRight,lowA,4.344139830970592,1,0,0,0,1,2.7262976000008893e-09,0.1664000820510719,0.00025600000026,0.8333435043894456,4.286303741940902
920,9,midLeft,high,3.949476360190078,1,100,0,0,0,80.00000000054527,0.0332800164102143,5.1200000052009854e-05,0.1666687008778891,3.9925879316268387
921,9,downRight,lowA,4.430882482083337,0,0,0,0,0,16.000000000109054,0.0066560032820428,1.0240000010401968e-05,0.0333337401755778,4.399176721160277
922,9,downLeft,lowB,3.906330593420674,1,0,0,1,0,3.2000000000218094,0.0013312006564085,0.8000020480000021,0.0066667480351155,3.9796393645814834
923,9,midLeft,high,12.075130141700026,0,0,0,0,0,0.6400000000043615,0.0002662401312817,0.1600004096000004,0.0013333496070231,11.842149493439107
924,9,downLeft,lowB,4.239445038707723,1,0,0,1,0,0.1280000000008723,5.324802625634298e-05,0.8320000819200001,0.0002666699214046,4.3870933998782915
925,9,midLeft,high,4.241080087877567,0,0,0,0,0,0.0256000000001744,1.0649605251268593e-05,0.1664000163839999,5.333398428092445e-05,4.233462677383785
926,9,downLeft,lowB,4.529704297803811,1,0,0,1,0,0.0051200000000348,2.129921050253718e-06,0.8332800032768001,1.0666796856184888e-05,4.556595503759413
927,9,downRight,lowA,4.050058281243903,1,0,0,0,1,0.0010240000000069,4.2598421005074366e-07,0.16665600065536,0.8000021333593713,4.028579594558351
928,9,midLeft,high,3.860250116042061,1,100,0,0,0,80.0002048,8.51968420101487e-08,0.0333312001310719,0.1600004266718742,3.8641865741112786
929,9,downLeft,lowB,3.886847671679177,1,0,0,1,0,16.000040959999993,1.7039368402029732e-08,0.8066662400262146,0.0320000853343748,4.065672006467863
930,9,downLeft,lowB,5.9404673672881065,1,0,0,1,0,3.2000081919999985,3.407873680405945e-09,0.9613332480052428,0.0064000170668749,5.897229228927367
931,9,downRight,lowA,3.9299755724164913,1,0,0,0,1,0.6400016383999994,6.81574736081189e-10,0.1922666496010485,0.801280003413375,4.074640792621926
932,9,downLeft,lowB,4.359568027705651,1,0,0,1,0,0.1280003276799998,1.3631494721623774e-10,0.8384533299202097,0.1602560006826749,4.48404938313652
933,9,midLeft,high,4.298240491840717,1,100,0,0,0,80.02560006553601,2.7262989443247537e-11,0.1676906659840419,0.0320512001365349,4.341969286705429
934,9,downLeft,lowB,4.495726306775323,0,0,0,0,0,16.005120013107202,5.452597888649507e-12,0.0335381331968083,0.0064102400273069,4.5958268434280996
935,9,midLeft,high,43.95075477482096,1,100,0,0,0,83.20102400262144,1.090519577729901e-12,0.0067076266393616,0.0012820480054613,44.0827878072981
936,9,downLeft,lowB,4.156881093286511,0,0,0,0,0,16.640204800524288,2.181039155459802e-13,0.0013415253278723,0.0002564096010922,3.979525379705961
937,9,midRight,lowC,3.9848465432182487,0,0,0,0,0,3.328040960104857,4.362078310919603e-14,0.0002683050655744,5.128192021845593e-05,3.958373039180156
938,9,midRight,lowC,3.8992186841136807,1,0,1,0,0,0.6656081920209713,0.8000000000000088,5.366101311489336e-05,1.025638404369118e-05,3.8754198135126248
939,9,downRight,lowA,3.905072592633836,0,0,0,0,0,0.1331216384041942,0.1600000000000017,1.073220262297867e-05,2.0512768087382365e-06,3.960568359504717
940,9,midLeft,high,4.148178770927447,1,100,0,0,0,80.02662432768085,0.0320000000000003,2.146440524595734e-06,4.102553617476473e-07,4.434240451066217
941,9,midLeft,high,203.976793075596,1,100,0,0,0,96.00532486553617,0.0064,4.292881049191467e-07,8.205107234952941e-08,204.00516561762555
942,9,downLeft,lowB,3.949586029835112,1,0,0,1,0,19.201064973107226,0.00128,0.8000000858576211,1.6410214469905882e-08,4.025144208861771
943,9,downRight,lowA,4.167908508125416,1,0,0,0,1,3.840212994621444,0.000256,0.1600000171715241,0.8000000032820429,4.137022588509815
944,9,downRight,lowA,6.143299966361496,1,0,0,0,1,0.7680425989242887,5.1200000000000486e-05,0.0320000034343048,0.9600000006564086,6.218477288256637
945,9,midLeft,high,5.9413930300538444,1,100,0,0,0,80.15360851978487,1.0240000000000092e-05,0.0064000006868609,0.1920000001312817,5.850075805967921
946,9,midRight,lowC,3.879813144157266,0,0,0,0,0,16.03072170395697,2.0480000000000183e-06,0.0012800001373721,0.0384000000262563,3.9368576208060504
947,9,downLeft,lowB,3.881832627854617,1,0,0,1,0,3.206144340791393,4.096000000000037e-07,0.8002560000274744,0.0076800000052512,4.118839020101656
948,9,midRight,lowC,3.992863478171828,1,0,1,0,0,0.6412288681582785,0.80000008192,0.1600512000054949,0.0015360000010502,3.871316688314036
949,9,downRight,lowA,3.877177723989951,0,0,0,0,0,0.1282457736316556,0.1600000163839999,0.0320102400010989,0.00030720000021,4.09855050305576
950,9,midLeft,high,4.244254658581425,1,100,0,0,0,80.02564915472634,0.0320000032768,0.0064020480002197,6.144000004201008e-05,4.134144896698585
951,9,midRight,lowC,4.074110169071497,1,0,1,0,0,16.005129830945265,0.80640000065536,0.0012804096000439,1.2288000008402013e-05,4.104430153154088
952,9,downRight,lowA,4.089939842570733,0,0,0,0,0,3.201025966189052,0.1612800001310719,0.0002560819200087,2.457600001680401e-06,3.991401672209819
953,9,midLeft,high,11.910717335328734,1,100,0,0,0,80.64020519323782,0.0322560000262143,5.121638400175832e-05,4.915200003360802e-07,11.99765071980747
954,9,downLeft,lowB,3.792928093032744,1,0,0,1,0,16.128041038647567,0.0064512000052428,0.8000102432768004,9.830400006721601e-08,4.018187386355601
955,9,downRight,lowA,3.9562839703080286,0,0,0,0,0,3.225608207729513,0.0012902400010485,0.16000204865536,1.9660800013443206e-08,4.102134673314705
956,9,midRight,lowC,3.94656275912976,0,0,0,0,0,0.6451216415459022,0.0002580480002097,0.032000409731072,3.932160002688641e-09,4.071003924214241
957,9,midLeft,high,5.680257182302606,1,100,0,0,0,80.12902432830919,5.160960004194293e-05,0.0064000819462144,7.864320005377282e-10,5.499200988200294
958,9,midLeft,high,204.3141395434923,1,100,0,0,0,96.02580486566184,1.0321920008388582e-05,0.0012800163892428,1.5728640010754555e-10,204.5787532130362
959,9,midLeft,high,244.07327348611184,1,100,0,0,0,99.20516097313237,2.064384001677716e-06,0.0002560032778485,3.1457280021509094e-11,243.89069990559793
960,9,midRight,lowC,3.8886588611952577,1,0,1,0,0,19.841032194626465,0.8000004128768003,5.120065556971516e-05,6.291456004301816e-12,3.9877263193044703
961,9,downLeft,lowB,4.000720574818188,1,0,0,1,0,3.968206438925293,0.16000008257536,0.800010240131114,1.258291200860363e-12,4.138462775279457
962,9,midLeft,high,13.833032193040902,1,100,0,0,0,80.79364128778506,0.032000016515072,0.1600020480262227,2.516582401720726e-13,13.940635120501605
963,9,downRight,lowA,4.018546171155634,1,0,0,0,1,16.158728257557016,0.0064000033030144,0.0320004096052445,0.8000000000000503,3.9808758392826706
964,9,midLeft,high,44.2729030133122,1,100,0,0,0,83.2317456515114,0.0012800006606028,0.0064000819210489,0.16000000000001,44.48052171147461
965,9,downRight,lowA,4.35132627933245,1,0,0,0,1,16.646349130302283,0.0002560001321205,0.0012800163842097,0.8320000000000021,4.50160618149557
966,9,downLeft,lowB,3.934749624307357,0,0,0,0,0,3.329269826060456,5.120002642411517e-05,0.0002560032768419,0.1664000000000003,3.937409968773433
967,9,midLeft,high,12.3189476844791,1,100,0,0,0,80.6658539652121,1.0240005284823032e-05,5.120065536839123e-05,0.03328,12.4535363781689
968,9,downLeft,lowB,3.9489159487772554,0,0,0,0,0,16.13317079304241,2.0480010569646063e-06,1.024013107367824e-05,0.006656,4.098507384383968
969,9,midRight,lowC,3.829135864257263,0,0,0,0,0,3.2266341586084817,4.096002113929211e-07,2.0480262147356483e-06,0.0013312,4.067315375269085
970,9,midRight,lowC,4.102171799119144,1,0,1,0,0,0.6453268317216962,0.8000000819200423,4.096052429471296e-07,0.00026624,4.037428263721033
971,9,downLeft,lowB,3.954414264132594,1,0,0,1,0,0.1290653663443391,0.1600000163840084,0.8000000819210487,5.324800000000004e-05,3.777539285500746
972,9,downLeft,lowB,5.95325664723603,1,0,0,1,0,0.0258130732688678,0.0320000032768016,0.9600000163842096,1.0649600000000007e-05,5.806282359696813
973,9,downRight,lowA,4.077069831684872,1,0,0,0,1,0.0051626146537735,0.0064000006553603,0.1920000032768418,0.8000021299200001,3.9101334859514365
974,9,downLeft,lowB,4.571844187606951,1,0,0,1,0,0.0010325229307547,0.001280000131072,0.8384000006553685,0.160000425984,4.556117467081755
975,9,midLeft,high,3.889450138686524,1,100,0,0,0,80.00020650458616,0.0002560000262144,0.1676800001310736,0.0320000851968,3.9506479914940553
976,9,downLeft,lowB,4.656393007710349,0,0,0,0,0,16.000041300917232,5.120000524288262e-05,0.0335360000262147,0.0064000170393599,4.372632023238867
977,9,midLeft,high,43.87448546618149,1,100,0,0,0,83.20000826018345,1.024000104857652e-05,0.0067072000052429,0.0012800034078719,43.91002521010848
978,9,downRight,lowA,4.284626610286345,1,0,0,0,1,16.640001652036688,2.048000209715303e-06,0.0013414400010485,0.8002560006815744,3.9064966662042426
979,9,midLeft,high,45.57880005860454,1,100,0,0,0,83.32800033040733,4.096000419430606e-07,0.0002682880002097,0.1600512001363148,45.51589433165566
980,9,downLeft,lowB,4.041434587214988,1,0,0,1,0,16.665600066081467,8.192000838861212e-08,0.800053657600042,0.0320102400272629,4.180177055211475
981,9,midRight,lowC,3.86182893559934,1,0,1,0,0,3.333120013216293,0.8000000163840018,0.1600107315200083,0.0064020480054525,4.094940521413662
982,9,midRight,lowC,5.921573314850053,1,0,1,0,0,0.6666240026432586,0.9600000032768004,0.0320021463040016,0.0012804096010905,6.015395573837722
983,9,midLeft,high,5.668515007059662,0,0,0,0,0,0.1333248005286517,0.19200000065536,0.0064004292608003,0.0002560819202181,5.672249473853903
984,9,midRight,lowC,4.370267684407761,1,0,1,0,0,0.0266649601057303,0.8384000001310721,0.00128008585216,5.121638404362067e-05,4.601437984880002
985,9,midRight,lowC,6.346545165888745,1,0,1,0,0,0.005332992021146,0.9676800000262143,0.000256017170432,1.0243276808724132e-05,6.116311484405213
986,9,downLeft,lowB,3.9501147450137752,1,0,0,1,0,0.0010665984042292,0.1935360000052428,0.8000512034340864,2.048655361744825e-06,3.9427832626586303
987,9,midRight,lowC,4.452021470228454,1,0,1,0,0,0.0002133196808458,0.8387072000010486,0.1600102406868172,4.09731072348965e-07,4.320206890511444
988,9,midRight,lowC,6.192164403580719,1,0,1,0,0,4.2663936169168494e-05,0.9677414400002098,0.0320020481373634,8.1946214469793e-08,6.043179784523682
989,9,midRight,lowC,6.423209295872479,0,0,0,0,0,8.532787233833696e-06,0.1935482880000418,0.0064004096274726,1.6389242893958592e-08,6.596464278520419
990,9,midLeft,high,3.990917587628661,1,100,0,0,0,80.00000170655746,0.0387096576000083,0.0012800819254945,3.277848578791717e-09,3.9334914674964074
991,9,midLeft,high,204.08011036856183,0,0,0,0,0,16.00000034131149,0.0077419315200016,0.0002560163850989,6.555697157583432e-10,203.9087870927632
992,9,downLeft,lowB,3.957948964185245,0,0,0,0,0,3.200000068262298,0.0015483863040003,5.1203277019781454e-05,1.311139431516686e-10,3.928737244754544
993,9,midRight,lowC,4.128830798978505,1,0,1,0,0,0.6400000136524593,0.8003096772608002,1.024065540395629e-05,2.6222788630333723e-11,4.141052987237526
994,9,downRight,lowA,3.799162606190529,1,0,0,0,1,0.1280000027304918,0.1600619354521599,2.048131080791257e-06,0.8000000000052446,4.112833429819454
995,9,downRight,lowA,5.942306208619676,1,0,0,0,1,0.0256000005460983,0.032012387090432,4.0962621615825146e-07,0.9600000000010488,6.119107120626054
996,9,downLeft,lowB,4.12070632467805,0,0,0,0,0,0.0051200001092196,0.0064024774180863,8.192524323165027e-08,0.1920000000002097,3.870361825473689
997,9,midRight,lowC,3.952973733584698,1,0,1,0,0,0.0010240000218439,0.8012804954836173,1.6385048646330052e-08,0.0384000000000419,4.191134386091066
998,9,downRight,lowA,4.068735262334332,1,0,0,0,1,0.0002048000043687,0.1602560990967234,3.277009729266009e-09,0.8076800000000084,3.9309372804017246
999,9,midRight,lowC,4.3972358579901165,0,0,0,0,0,4.096000087375735e-05,0.0320512198193446,6.554019458532016e-10,0.1615360000000016,4.5801421371480675
1000,10,downRight,lowA,4.431668590852292,1,0,0,0,1,8.192000174751468e-06,0.0064102439638689,1.310803891706403e-10,0.8323072000000004,4.357209986618262
1001,10,midLeft,lowB,4.012258248824411,1,1,0,0,0,0.800001638400035,0.0012820487927737,2.6216077834128052e-11,0.16646144,3.976677066395653
1002,10,midRight,high,4.073284213597694,1,0,100,0,0,0.1600003276800069,80.00025640975856,5.243215566825609e-12,0.033292288,4.131299666080675
1003,10,downLeft,lowC,3.920531009917791,1,0,0,1,0,0.0320000655360013,16.000051281951713,0.8000000000010487,0.0066584576,3.911627369385238
1004,10,downRight,lowA,3.768370004401148,1,0,0,0,1,0.0064000131072002,3.2000102563903425,0.1600000000002096,0.8013316915200002,4.068536090820726
1005,10,midLeft,lowB,4.135947024475701,1,1,0,0,0,0.8012800026214401,0.6400020512780684,0.0320000000000419,0.1602663383039999,3.9510325034714566
1006,10,midLeft,lowB,6.097331293958029,1,1,0,0,0,0.960256000524288,0.1280004102556137,0.0064000000000083,0.0320532676607999,5.882520834748497
1007,10,downLeft,lowC,4.132919556377102,1,0,0,1,0,0.1920512001048575,0.0256000820511227,0.8012800000000018,0.0064106535321599,3.9726111098180614
1008,10,downLeft,lowC,6.007025295612905,1,0,0,1,0,0.0384102400209714,0.0051200164102245,0.9602560000000004,0.0012821307064319,5.930432277538456
1009,10,midRight,high,3.914703948623002,1,0,100,0,0,0.0076820480041942,80.00102400328205,0.1920511999999999,0.0002564261412863,3.9357700870838213
1010,10,downLeft,lowC,4.507010301516712,0,0,0,0,0,0.0015364096008388,16.000204800656405,0.0384102399999999,5.128522825727995e-05,4.529437437759905
1011,10,downRight,lowA,3.9561624575909695,1,0,0,0,1,0.0003072819201677,3.2000409601312807,0.0076820479999999,0.8000102570456515,4.1023050267418295
1012,10,midRight,high,11.9143293666491,1,0,100,0,0,6.14563840335543e-05,80.64000819202626,0.0015364095999999,0.1600020514091302,11.978211998353984
1013,10,downLeft,lowC,4.224421189501683,1,0,0,1,0,1.2291276806710857e-05,16.12800163840525,0.80030728192,0.032000410281826,4.048420969678533
1014,10,midLeft,lowB,3.82908493245821,0,0,0,0,0,2.45825536134217e-06,3.2256003276810503,0.1600614563839999,0.0064000820563652,3.875403206579545
1015,10,midLeft,lowB,3.96296161905636,0,0,0,0,0,4.916510722684339e-07,0.6451200655362097,0.0320122912767999,0.001280016411273,3.884227936329388
1016,10,midLeft,lowB,3.971512840643447,1,1,0,0,0,0.8000000983302145,0.1290240131072418,0.0064024582553599,0.0002560032822546,3.836545613502839
1017,10,downRight,lowA,4.047655026933727,0,0,0,0,0,0.1600000196660428,0.0258048026214483,0.0012804916510719,5.120065645092164e-05,3.998893550371071
1018,10,midRight,high,4.058231353332564,1,0,100,0,0,0.0320000039332085,80.0051609605243,0.0002560983302143,1.0240131290184328e-05,4.012470654539249
1019,10,downLeft,lowC,3.9623840541988127,0,0,0,0,0,0.0064000007866417,16.00103219210486,5.121966604287992e-05,2.0480262580368653e-06,3.993975963317721
1020,10,midLeft,lowB,3.916130347555413,1,1,0,0,0,0.8012800001573284,3.2002064384209703,1.0243933208575984e-05,4.0960525160737297e-07,3.8959439498527715
1021,10,midRight,high,12.071385510154908,1,0,100,0,0,0.1602560000314656,80.6400412876842,2.0487866417151964e-06,8.192105032147455e-08,12.088180319876022
1022,10,midLeft,lowB,4.3226060966030255,0,0,0,0,0,0.0320512000062931,16.128008257536834,4.097573283430391e-07,1.6384210064294913e-08,4.508544404300811
1023,10,midLeft,lowB,4.155884264019615,1,1,0,0,0,0.8064102400012587,3.2256016515073664,8.195146566860782e-08,3.276842012858982e-09,4.137524216229958
1024,10,downLeft,lowC,4.070658169169323,1,0,0,1,0,0.1612820480002517,0.6451203303014732,0.8000000163902932,6.553684025717961e-10,4.223043334019954
1025,10,downLeft,lowC,5.885006676924228,0,0,0,0,0,0.0322564096000503,0.1290240660602946,0.1600000032780586,1.3107368051435918e-10,6.078299665487756
1026,10,midLeft,lowB,4.090776427007976,1,1,0,0,0,0.80645128192001,0.0258048132120589,0.0320000006556117,2.6214736102871838e-11,3.930243730678444
1027,10,downRight,lowA,4.192620554121441,0,0,0,0,0,0.1612902563840019,0.0051609626424117,0.0064000001311223,5.242947220574368e-12,3.9416281856659996
1028,10,downRight,lowA,3.8518374475092174,1,0,0,0,1,0.0322580512768004,0.0010321925284823,0.0012800000262244,0.8000000000010487,4.0973470312931335
1029,10,midLeft,lowB,3.901813240192551,1,1,0,0,0,0.8064516102553602,0.0002064385056964,0.0002560000052448,0.1600000000002096,4.116976916431404
1030,10,midRight,high,4.071379174008954,1,0,100,0,0,0.1612903220510719,80.00004128770115,5.120000104897872e-05,0.0320000000000419,4.045945793135686
1031,10,midRight,high,204.02355246806644,0,0,0,0,0,0.0322580644102143,16.00000825754023,1.024000020979574e-05,0.0064000000000083,203.99874034523233
1032,10,downRight,lowA,4.061077575002492,1,0,0,0,1,0.0064516128820428,3.200001651508046,2.0480000419591472e-06,0.8012800000000018,4.059374940105974
1033,10,downRight,lowA,6.022045215563543,1,0,0,0,1,0.0012903225764085,0.6400003303016089,4.096000083918293e-07,0.9602560000000004,5.976622486494078
1034,10,downRight,lowA,6.384253121237333,0,0,0,0,0,0.0002580645152817,0.1280000660603217,8.192000167836587e-08,0.1920511999999999,6.546372002777211
1035,10,downRight,lowA,4.36198412402933,1,0,0,0,1,5.161290305634298e-05,0.0256000132120643,1.638400033567317e-08,0.8384102400000001,4.587625790542256
1036,10,downRight,lowA,6.176766205790995,1,0,0,0,1,1.0322580611268593e-05,0.0051200026424128,3.276800067134633e-09,0.967682048,6.115232654413179
1037,10,midLeft,lowB,3.914951003321376,0,0,0,0,0,2.064516122253718e-06,0.0010240005284825,6.553600134269264e-10,0.1935364095999999,4.144566450016076
1038,10,downRight,lowA,4.56252089976189,1,0,0,0,1,4.129032244507434e-07,0.0002048001056965,1.3107200268538526e-10,0.83870728192,4.555950646965565
1039,10,midLeft,lowB,3.9409259788208777,1,1,0,0,0,0.8000000825806449,4.096002113930292e-05,2.621440053707705e-11,0.1677414563839999,3.976988591800425
1040,10,downLeft,lowC,3.892163259696899,1,0,0,1,0,0.1600000165161289,8.19200422786058e-06,0.800000000005243,0.0335482912767999,4.093620357588751
1041,10,midLeft,lowB,4.394241246181078,1,1,0,0,0,0.8320000033032259,1.6384008455721155e-06,0.1600000000010485,0.0067096582553599,4.221815830303679
1042,10,downRight,lowA,4.003386717642632,1,0,0,0,1,0.1664000006606451,3.2768016911442294e-07,0.0320000000002096,0.801341931651072,3.8351280730888706
1043,10,midLeft,lowB,4.421863767529791,1,1,0,0,0,0.8332800001321291,6.553603382288458e-08,0.0064000000000419,0.1602683863302143,4.460128149836473
1044,10,midLeft,lowB,5.995581811934863,0,0,0,0,0,0.1666560000264257,1.3107206764576911e-08,0.0012800000000083,0.0320536772660428,6.078469229918373
1045,10,downRight,lowA,3.898739438512019,1,0,0,0,1,0.0333312000052851,2.621441352915381e-09,0.0002560000000016,0.8064107354532086,4.204008198066714
1046,10,downLeft,lowC,3.940060285675661,1,0,0,1,0,0.006666240001057,5.242882705830762e-10,0.8000512000000004,0.1612821470906417,3.9920634663387093
1047,10,downLeft,lowC,5.852974558963068,0,0,0,0,0,0.0013332480002114,1.0485765411661524e-10,0.16001024,0.0322564294181283,5.9355355334514135
1048,10,downLeft,lowC,4.419922966381119,0,0,0,0,0,0.0002666496000422,2.097153082332304e-11,0.032002048,0.0064512858836256,4.4391831183331725
1049,10,downLeft,lowC,4.302109067708232,0,0,0,0,0,5.332992000845618e-05,4.194306164664607e-12,0.0064004096,0.0012902571767251,4.014999422184047
1050,10,midRight,high,3.8222870179374695,1,0,100,0,0,1.0665984001691232e-05,80.00000000000084,0.0012800819199999,0.000258051435345,3.9710571935846977
1051,10,downLeft,lowC,4.103281733405077,1,0,0,1,0,2.133196800338246e-06,16.00000000000017,0.800256016384,5.161028706900529e-05,4.049203565439658
1052,10,downRight,lowA,4.036802285699541,1,0,0,0,1,4.266393600676491e-07,3.200000000000033,0.1600512032768,0.8000103220574138,3.9246887548067506
1053,10,midRight,high,11.988954658149751,0,0,0,0,0,8.532787201352982e-08,0.6400000000000063,0.0320102406553599,0.1600020644114826,11.954942606254672
1054,10,midLeft,lowB,3.962251949935272,1,1,0,0,0,0.8000000170655744,0.1280000000000012,0.0064020481310719,0.0320004128822965,3.881378749421321
1055,10,downRight,lowA,3.985855863269863,1,0,0,0,1,0.1600000034131148,0.0256000000000002,0.0012804096262143,0.8064000825764593,4.2107148358614035
1056,10,downLeft,lowC,4.023295346795738,1,0,0,1,0,0.0320000006826229,0.00512,0.8002560819252429,0.1612800165152917,4.0326767905860965
1057,10,downLeft,lowC,6.048753065800548,1,0,0,1,0,0.0064000001365245,0.001024,0.9600512163850484,0.0322560033030583,6.090894854834576
1058,10,midRight,high,4.011040241714439,1,0,100,0,0,0.0012800000273049,80.0002048,0.1920102432770096,0.0064512006606116,3.9163470046909445
1059,10,midRight,high,203.9015293383057,1,0,100,0,0,0.0002560000054609,96.00004096,0.0384020486554019,0.0012902401321223,204.114628051082
1060,10,downRight,lowA,4.054786222546064,1,0,0,0,1,5.12000010921967e-05,19.200008192,0.0076804097310803,0.8002580480264245,3.866893517864403
1061,10,midLeft,lowB,4.1806996992758405,1,1,0,0,0,0.8000102400002185,3.840001638399999,0.001536081946216,0.1600516096052848,4.013336096659347
1062,10,downLeft,lowC,4.06341717666802,1,0,0,1,0,0.1600020480000437,0.7680003276799994,0.8003072163892433,0.0320103219210569,4.014946747039919
1063,10,midRight,high,5.97496702547111,1,0,100,0,0,0.0320004096000087,80.15360006553601,0.1600614432778486,0.0064020643842113,5.994593355712709
1064,10,midRight,high,204.32280001494752,0,0,0,0,0,0.0064000819200017,16.0307200131072,0.0320122886555697,0.0012804128768422,204.58477512108195
1065,10,downRight,lowA,3.987527126951967,1,0,0,0,1,0.0012800163840003,3.206144002621439,0.0064024577311139,0.8002560825753685,4.1994007563140965
1066,10,midLeft,lowB,3.946646196390893,1,1,0,0,0,0.8002560032768001,0.6412288005242877,0.0012804915462227,0.1600512165150737,4.048366737986297
1067,10,downLeft,lowC,4.118329488057352,1,0,0,1,0,0.1600512006553599,0.1282457601048575,0.8002560983092446,0.0320102433030147,3.9308387351367644
1068,10,downRight,lowA,4.129121726572206,1,0,0,0,1,0.0320102401310719,0.0256491520209715,0.1600512196618488,0.8064020486606029,3.9442976574203565
1069,10,midRight,high,4.070504457350702,0,0,0,0,0,0.0064020480262143,0.0051298304041943,0.0320102439323697,0.1612804097321205,4.100405002948888
1070,10,downRight,lowA,4.466714125050818,0,0,0,0,0,0.0012804096052428,0.0010259660808388,0.0064020487864739,0.0322560819464241,4.500820237789372
1071,10,midLeft,lowB,4.050486418670375,0,0,0,0,0,0.0002560819210485,0.0002051932161677,0.0012804097572947,0.0064512163892848,4.030680130242515
1072,10,downLeft,lowC,4.057573484063612,1,0,0,1,0,5.121638420971513e-05,4.103864323355439e-05,0.800256081951459,0.0012902432778569,4.033560919986457
1073,10,midLeft,lowB,4.131219669665348,0,0,0,0,0,1.0243276841943025e-05,8.207728646710878e-06,0.1600512163902917,0.0002580486555713,4.039296609243508
1074,10,midLeft,lowB,4.085447370362057,1,1,0,0,0,0.8000020486553684,1.6415457293421755e-06,0.0320102432780583,5.160973111427851e-05,3.893697089036489
1075,10,midRight,high,4.079542222500714,1,0,100,0,0,0.1600004097310736,80.00000032830916,0.0064020486556116,1.0321946222855696e-05,4.008533525977006
1076,10,midLeft,lowB,4.437272395530036,1,1,0,0,0,0.8320000819462148,16.000000065661823,0.0012804097311223,2.0643892445711395e-06,4.3102465646425445
1077,10,downLeft,lowC,3.9242894723133497,1,0,0,1,0,0.1664000163892429,3.200000013132364,0.8002560819462246,4.1287784891422797e-07,3.8013102869638664
1078,10,midRight,high,11.91020912037921,1,0,100,0,0,0.0332800032778485,80.64000000262648,0.1600512163892449,8.257556978284554e-08,11.976362036818719
1079,10,downLeft,lowC,4.4819227681954334,0,0,0,0,0,0.0066560006555697,16.12800000052529,0.0320102432778489,1.6515113956569103e-08,4.430966529686671
1080,10,downLeft,lowC,3.921559727786494,1,0,0,1,0,0.0013312001311139,3.2256000001050573,0.8064020486555699,3.3030227913138203e-09,4.083148139987741
1081,10,midRight,high,12.174868759435387,1,0,100,0,0,0.0002662400262227,80.64512000002102,0.1612804097311139,6.60604558262764e-10,12.000350867888626
1082,10,downRight,lowA,4.023402568137679,1,0,0,0,1,5.324800524455771e-05,16.129024000004208,0.0322560819462227,0.8000000001321209,4.111178125750095
1083,10,midRight,high,44.33747567930728,1,0,100,0,0,1.064960104891154e-05,83.22580480000084,0.0064512163892445,0.1600000000264241,44.32017779939458
1084,10,midRight,high,212.14140758699443,1,0,100,0,0,2.1299202097823083e-06,96.64516096000015,0.0012902432778489,0.0320000000052848,211.94833633462943
1085,10,downRight,lowA,3.904448651301053,0,0,0,0,0,4.259840419564616e-07,19.329032192000028,0.0002580486555697,0.0064000000010569,4.145864640107324
1086,10,downRight,lowA,4.039446084106401,1,0,0,0,1,8.519680839129229e-08,3.865806438400005,5.160973111395642e-05,0.8012800000002115,3.985870801350843
1087,10,midLeft,lowB,4.025465792028677,1,1,0,0,0,0.8000000170393617,0.7731612876800007,1.032194622279128e-05,0.1602560000000422,4.116521157999513
1088,10,downRight,lowA,4.316008963830604,1,0,0,0,1,0.1600000034078723,0.154632257536,2.064389244558256e-06,0.8320512000000085,4.416830846205163
1089,10,midLeft,lowB,4.40135968201286,1,1,0,0,0,0.8320000006815745,0.0309264515072,4.128778489116512e-07,0.1664102400000017,4.380686104924816
1090,10,downRight,lowA,4.4694598478098015,1,0,0,0,1,0.1664000001363148,0.00618529030144,8.257556978233024e-08,0.8332820480000004,4.282014959238879
1091,10,downLeft,lowC,3.8149144663730015,1,0,0,1,0,0.0332800000272629,0.0012370580602879,0.800000016515114,0.1666564096,4.0707705361640345
1092,10,midRight,high,3.791889712024504,1,0,100,0,0,0.0066560000054525,80.00024741161207,0.1600000033030227,0.03333128192,3.9631330312018327
1093,10,downLeft,lowC,4.32423757302238,1,0,0,1,0,0.0013312000010905,16.00004948232241,0.8320000006606046,0.006666256384,4.5181068717686985
1094,10,midRight,high,44.12362714136623,0,0,0,0,0,0.0002662400002181,3.200009896464481,0.1664000001321208,0.0013332512768,43.87593776404464
1095,10,midRight,high,11.810423999034487,1,0,100,0,0,5.3248000043620695e-05,80.6400019792929,0.0332800000264241,0.00026665025536,12.065629265894017
1096,10,midRight,high,205.7678692116794,1,0,100,0,0,1.0649600008724137e-05,96.12800039585858,0.0066560000052848,5.3330051072000015e-05,205.55557046405625
1097,10,downLeft,lowC,4.084828477857235,1,0,0,1,0,2.1299200017448263e-06,19.225600079171716,0.8013312000010571,1.06660102144e-05,3.9954512732150005
1098,10,midRight,high,51.94173214684767,0,0,0,0,0,4.259840003489651e-07,3.8451200158343415,0.1602662400002114,2.13320204288e-06,51.983349495390215
1099,10,midRight,high,13.62804107177935,1,0,100,0,0,8.519680006979302e-08,80.76902400316688,0.0320532480000422,4.266404085759999e-07,13.617169357888299
1100,11,midRight,high,205.94007817903272,1,0,100,0,0,1.7039360013958594e-08,96.15380480063338,0.0064106496000084,8.532808171519997e-08,205.8715940946342
1101,11,downLeft,lowB,4.05153305940959,1,0,0,1,0,3.407872002791718e-09,19.230760960126677,0.8012821299200017,1.706561634303999e-08,3.9361619925555034
1102,11,downRight,lowA,3.804573367967068,1,0,0,0,1,6.815744005583434e-10,3.8461521920253343,0.1602564259840002,0.8000000034131233,4.10693371076174
1103,11,midLeft,lowC,4.07504961521843,0,0,0,0,0,1.3631488011166868e-10,0.7692304384050668,0.0320512851968,0.1600000006826246,3.9871110677603054
1104,11,midRight,high,5.876477258971964,0,0,0,0,0,2.7262976022333735e-11,0.1538460876810132,0.00641025703936,0.0320000001365249,5.884392159036567
1105,11,midLeft,lowC,4.107395530368676,1,1,0,0,0,0.8000000000054527,0.0307692175362026,0.001282051407872,0.0064000000273049,4.040460961427249
1106,11,midLeft,lowC,6.016212657293561,1,1,0,0,0,0.9600000000010904,0.0061538435072405,0.0002564102815743,0.0012800000054609,6.018775492174804
1107,11,midRight,high,3.940468339499422,1,0,100,0,0,0.1920000000002181,80.00123076870145,5.128205631487999e-05,0.0002560000010921,4.050896197486621
1108,11,midLeft,lowC,4.448632113139349,1,1,0,0,0,0.8384000000000437,16.000246153740292,1.0256411262975996e-05,5.120000021843982e-05,4.551219765788474
1109,11,downRight,lowA,3.8689037825492543,1,0,0,0,1,0.1676800000000087,3.200049230748057,2.0512822525951988e-06,0.8000102400000437,4.0140193510432525
1110,11,downLeft,lowB,4.0641746349497,1,0,0,1,0,0.0335360000000017,0.6400098461496113,0.8000004102564505,0.1600020480000087,4.08751497123838
1111,11,downLeft,lowB,6.169375662531657,1,0,0,1,0,0.0067072000000003,0.1280019692299222,0.9600000820512902,0.0320004096000017,6.110093739422649
1112,11,midLeft,lowC,4.0329679723141645,0,0,0,0,0,0.00134144,0.0256003938459844,0.192000016410258,0.0064000819200003,4.094407763666278
1113,11,midRight,high,4.085823104188077,1,0,100,0,0,0.000268288,80.00512007876921,0.0384000032820515,0.001280016384,4.0721194309161035
1114,11,midRight,high,204.138243550882,0,0,0,0,0,5.365760000000273e-05,16.001024015753842,0.0076800006564103,0.0002560032768,203.96567538947076
1115,11,midRight,high,44.06331790709695,1,0,100,0,0,1.073152000000054e-05,83.20020480315077,0.001536000131282,5.120065536000278e-05,43.912535477768884
1116,11,midRight,high,211.88167705869728,0,0,0,0,0,2.146304000000108e-06,16.640040960630145,0.0003072000262564,1.0240131072000554e-05,211.79487897132265
1117,11,midRight,high,45.57149641427441,1,0,100,0,0,4.292608000000216e-07,83.32800819212603,6.144000525128249e-05,2.0480262144001097e-06,45.36879601728872
1118,11,downLeft,lowB,3.836574926313701,1,0,0,1,0,8.585216000000429e-08,16.6656016384252,0.8000122880010503,4.0960524288002194e-07,4.023000838318938
1119,11,midLeft,lowC,3.96722076325679,1,1,0,0,0,0.800000017170432,3.333120327685039,0.16000245760021,8.192104857600436e-08,4.189995443392902
1120,11,downLeft,lowB,4.383090757658872,1,0,0,1,0,0.1600000034340863,0.6666240655370075,0.8320004915200421,1.6384209715200872e-08,4.317542049420763
1121,11,downLeft,lowB,6.012263308412226,1,0,0,1,0,0.0320000006868172,0.1333248131074015,0.9664000983040084,3.2768419430401733e-09,6.173348382814836
1122,11,midLeft,lowC,4.26826407085292,1,1,0,0,0,0.8064000001373635,0.0266649626214802,0.1932800196608016,6.553683886080346e-10,3.9712510133344185
1123,11,midLeft,lowC,6.110227634343753,1,1,0,0,0,0.9612800000274728,0.005332992524296,0.0386560039321603,1.310736777216069e-10,6.027466506051223
1124,11,midRight,high,3.969539946385363,1,0,100,0,0,0.1922560000054944,80.00106659850486,0.007731200786432,2.621473554432137e-11,4.026548132479829
1125,11,midLeft,lowC,4.227436997128912,1,1,0,0,0,0.838451200001099,16.000213319700975,0.0015462401572864,5.242947108864272e-12,4.449463465535769
1126,11,downRight,lowA,4.051720225845979,1,0,0,0,1,0.1676902400002197,3.200042663940195,0.0003092480314572,0.8000000000010487,4.008186245040872
1127,11,downRight,lowA,5.838306826990841,1,0,0,0,1,0.0335380480000439,0.6400085327880389,6.184960629145644e-05,0.9600000000002098,6.33174242924842
1128,11,downLeft,lowB,3.99989209923392,0,0,0,0,0,0.0067076096000087,0.1280017065576078,1.2369921258291282e-05,0.1920000000000419,4.047136475530784
1129,11,midLeft,lowC,4.038432300703359,0,0,0,0,0,0.0013415219200017,0.0256003413115215,2.473984251658256e-06,0.0384000000000083,3.860893021041207
1130,11,midRight,high,4.139518735531331,0,0,0,0,0,0.0002683043840003,0.0051200682623043,4.947968503316512e-07,0.0076800000000016,4.0139112333133316
1131,11,midLeft,lowC,4.021225910505531,1,1,0,0,0,0.8000536608768001,0.0010240136524608,9.895937006633022e-08,0.0015360000000003,3.932067860190922
1132,11,downLeft,lowB,3.880846330992407,0,0,0,0,0,0.16001073217536,0.0002048027304921,1.9791874013266037e-08,0.0003072,3.951927054361454
1133,11,midLeft,lowC,4.457581306925624,1,1,0,0,0,0.8320021464350721,4.096054609843442e-05,3.958374802653207e-09,6.144000000001334e-05,4.498546829400288
1134,11,midLeft,lowC,6.228701716169769,0,0,0,0,0,0.1664004292870143,8.192109219686882e-06,7.91674960530641e-10,1.2288000000002665e-05,6.063066674028306
1135,11,downLeft,lowB,3.922684611425418,1,0,0,1,0,0.0332800858574028,1.6384218439373758e-06,0.8000000001583351,2.457600000000532e-06,3.9184571315777914
1136,11,downRight,lowA,4.040940214835457,0,0,0,0,0,0.0066560171714805,3.27684368787475e-07,0.1600000000316669,4.915200000001063e-07,3.9357328920274472
1137,11,midLeft,lowC,3.949142953424496,1,1,0,0,0,0.8013312034342962,6.553687375749499e-08,0.0320000000063333,9.830400000002127e-08,3.9141286382664933
1138,11,downLeft,lowB,4.1248981365998185,1,0,0,1,0,0.1602662406868592,1.3107374751498993e-08,0.8064000000012668,1.9660800000004244e-08,4.1516942649804225
1139,11,downLeft,lowB,6.083244392466779,0,0,0,0,0,0.0320532481373718,2.621474950299797e-09,0.1612800000002533,3.932160000000847e-09,5.8200469085158835
1140,11,midLeft,lowC,4.0209374439506425,1,1,0,0,0,0.8064106496274744,5.242949900599596e-10,0.0322560000000506,7.86432000000169e-10,4.096329635324431
1141,11,downLeft,lowB,4.272496100298512,1,0,0,1,0,0.1612821299254948,1.0485899801199187e-10,0.8064512000000101,1.5728640000003378e-10,4.1849829214262835
1142,11,downLeft,lowB,6.048359980492146,1,0,0,1,0,0.0322564259850989,2.097179960239837e-11,0.961290240000002,3.145728000000674e-11,6.201620872424511
1143,11,midLeft,lowC,4.003582555110085,1,1,0,0,0,0.8064512851970198,4.194359920479674e-12,0.1922580480000003,6.291456000001346e-12,4.0877185224269565
1144,11,midLeft,lowC,5.887104329959795,1,1,0,0,0,0.961290257039404,8.388719840959346e-13,0.0384516096,1.2582912000002688e-12,6.061028948791354
1145,11,midLeft,lowC,6.465935008726384,1,1,0,0,0,0.9922580514078808,1.6777439681918686e-13,0.00769032192,2.516582400000538e-13,6.347958302706574
1146,11,midLeft,lowC,6.422200555655507,1,1,0,0,0,0.998451610281576,3.355487936383737e-14,0.001538064384,5.0331648000010765e-14,6.552916779678468
1147,11,midLeft,lowC,6.597736179529124,1,1,0,0,0,0.9996903220563153,6.7109758727674716e-15,0.0003076128768,1.0066329600002152e-14,6.703659896180934
1148,11,midRight,high,4.18694261513744,1,0,100,0,0,0.199938064411263,80.0,6.152257535999998e-05,2.0132659200004303e-15,4.022552488508424
1149,11,midRight,high,204.10011722240287,1,0,100,0,0,0.0399876128822526,96.0,1.2304515071999994e-05,4.02653184000086e-16,203.99196124393578
1150,11,downLeft,lowB,3.922798546843922,1,0,0,1,0,0.0079975225764505,19.19999999999999,0.8000024609030144,8.053063680001718e-17,4.0578832348831595
1151,11,midRight,high,51.89927424551875,1,0,100,0,0,0.0015995045152901,83.84,0.1600004921806028,1.610612736000343e-17,52.16647964828371
1152,11,downRight,lowA,4.146324091439407,1,0,0,0,1,0.000319900903058,16.768,0.0320000984361205,0.8,3.9341937444468025
1153,11,downRight,lowA,5.935701186855441,1,0,0,0,1,6.398018061160412e-05,3.3536,0.0064000196872241,0.96,6.012259167340769
1154,11,downLeft,lowB,4.031950490221381,1,0,0,1,0,1.2796036122320823e-05,0.6707199999999998,0.8012800039374449,0.1919999999999999,4.028515443311185
1155,11,midRight,high,5.552021892688326,1,0,100,0,0,2.5592072244641647e-06,80.134144,0.1602560007874889,0.0383999999999999,5.553873878678684
1156,11,downRight,lowA,4.136310378786949,1,0,0,0,1,5.118414448928328e-07,16.026828800000004,0.0320512001574977,0.8076800000000001,4.010250034160252
1157,11,downRight,lowA,6.143958080836808,1,0,0,0,1,1.0236828897856654e-07,3.2053657599999994,0.0064102400314995,0.961536,5.826114831728882
1158,11,downRight,lowA,6.405146327375731,1,0,0,0,1,2.04736577957133e-08,0.6410731519999997,0.0012820480062999,0.9923072,6.426134494791007
1159,11,downLeft,lowB,3.938340328927605,1,0,0,1,0,4.0947315591426595e-09,0.1282146303999999,0.80025640960126,0.19846144,4.082522370179325
1160,11,downRight,lowA,4.539121234385189,1,0,0,0,1,8.189463118285317e-10,0.0256429260799999,0.1600512819202519,0.8396922880000001,4.611805610919066
1161,11,midLeft,lowC,3.980764119277473,1,1,0,0,0,0.8000000001637894,0.0051285852159999,0.0320102563840503,0.1679384575999999,4.0371625793075765
1162,11,downRight,lowA,4.252925640855342,1,0,0,0,1,0.1600000000327578,0.0010257170431999,0.00640205127681,0.83358769152,4.477434679048834
1163,11,downLeft,lowB,4.042529061068009,0,0,0,0,0,0.0320000000065515,0.0002051434086399,0.001280410255362,0.1667175383039999,4.024869089333334
1164,11,midRight,high,4.04669247740434,1,0,100,0,0,0.0064000000013103,80.00004102868174,0.0002560820510724,0.0333435076607999,4.075633945456935
1165,11,downRight,lowA,4.074645354476925,0,0,0,0,0,0.001280000000262,16.00000820573635,5.121641021448058e-05,0.0066687015321599,4.035613473421123
1166,11,midRight,high,43.881703590056674,0,0,0,0,0,0.0002560000000524,3.200001641147269,1.0243282042896117e-05,0.0013337403064319,43.83257527597788
1167,11,downRight,lowA,3.893658645664562,1,0,0,0,1,5.120000001048247e-05,0.6400003282294535,2.048656408579223e-06,0.8002667480612864,3.9720539873412126
1168,11,midRight,high,5.578941182038262,1,0,100,0,0,1.0240000002096491e-05,80.12800006564589,4.097312817158444e-07,0.1600533496122572,5.663000084693209
1169,11,downLeft,lowB,3.8715169105194898,0,0,0,0,0,2.048000000419298e-06,16.02560001312918,8.194625634316887e-08,0.0320106699224514,3.9894948594892976
1170,11,downRight,lowA,4.090954270599042,1,0,0,0,1,4.096000000838595e-07,3.205120002625834,1.6389251268633772e-08,0.8064021339844905,4.189911853437162
1171,11,downRight,lowA,6.043226157328585,1,0,0,0,1,8.192000001677188e-08,0.6410240005251668,3.2778502537267534e-09,0.961280426796898,6.090507639689039
1172,11,midRight,high,5.368438760748986,1,0,100,0,0,1.6384000003354366e-08,80.12820480010504,6.555700507453506e-10,0.1922560853593795,5.744138923780507
1173,11,midRight,high,204.27029257915024,1,0,100,0,0,3.276800000670872e-09,96.025640960021,1.311140101490701e-10,0.0384512170718759,204.37119198906342
1174,11,downLeft,lowB,4.061997348660746,0,0,0,0,0,6.553600001341742e-10,19.2051281920042,2.622280202981401e-11,0.0076902434143751,3.991301973957202
1175,11,downRight,lowA,4.101823924808011,1,0,0,0,1,1.3107200002683483e-10,3.841025638400838,5.244560405962801e-12,0.801538048682875,4.1313591933285165
1176,11,downRight,lowA,5.97950459310892,1,0,0,0,1,2.6214400005366967e-11,0.7682051276801674,1.0489120811925602e-12,0.960307609736575,5.9181816333817165
1177,11,midLeft,lowC,4.142470744251562,1,1,0,0,0,0.800000000005243,0.1536410255360334,2.0978241623851202e-13,0.1920615219473149,3.991883172882269
1178,11,midRight,high,4.350407555181863,1,0,100,0,0,0.1600000000010485,80.03072820510721,4.1956483247702394e-14,0.0384123043894629,4.49697497809293
1179,11,midRight,high,203.93786392959916,1,0,100,0,0,0.0320000000002096,96.00614564102143,8.391296649540474e-15,0.0076824608778925,204.13663781859896
1180,11,downRight,lowA,3.994489931278827,0,0,0,0,0,0.0064000000000419,19.20122912820429,1.6782593299080945e-15,0.0015364921755785,3.770642801968906
1181,11,midRight,high,52.03386321594518,1,0,100,0,0,0.0012800000000083,83.84024582564086,3.3565186598161877e-16,0.0003072984351157,52.09124076318508
1182,11,midRight,high,213.55718346201877,0,0,0,0,0,0.0002560000000016,16.768049165128176,6.713037319632371e-17,6.145968702314072e-05,213.6061731802134
1183,11,downLeft,lowB,3.851309917744316,1,0,0,1,0,5.120000000033548e-05,3.3536098330256348,0.8,1.2291937404628143e-05,4.000971619225462
1184,11,downRight,lowA,4.062432245437437,0,0,0,0,0,1.0240000000067095e-05,0.670721966605127,0.1599999999999999,2.4583874809256287e-06,4.054593905890564
1185,11,downRight,lowA,3.880408626780297,1,0,0,0,1,2.0480000000134184e-06,0.1341443933210253,0.0319999999999999,0.8000004916774962,3.930743059637242
1186,11,midLeft,lowC,4.014647023606316,1,1,0,0,0,0.8000004096000001,0.026828878664205,0.0063999999999999,0.1600000983354992,4.036327542354152
1187,11,midLeft,lowC,5.95340265130624,0,0,0,0,0,0.1600000819199999,0.005365775732841,0.0012799999999999,0.0320000196670998,6.064724489437275
1188,11,downLeft,lowB,3.9836801929344174,1,0,0,1,0,0.0320000163839999,0.0010731551465682,0.8002560000000001,0.0064000039334199,4.03928000276458
1189,11,downLeft,lowB,5.8002826596333525,1,0,0,1,0,0.0064000032767999,0.0002146310293136,0.9600512,0.0012800007866839,6.003849396036682
1190,11,downRight,lowA,3.746711430223704,0,0,0,0,0,0.0012800006553599,4.292620586272806e-05,0.19201024,0.0002560001573367,3.935867210192705
1191,11,downLeft,lowB,4.459502377153123,0,0,0,0,0,0.0002560001310719,8.585241172545611e-06,0.0384020479999999,5.1200031467359694e-05,4.330233270952005
1192,11,downLeft,lowB,4.168757451392463,1,0,0,1,0,5.120002621439995e-05,1.717048234509122e-06,0.8076804096000001,1.024000629347194e-05,3.997902592464737
1193,11,downRight,lowA,3.91936339510744,0,0,0,0,0,1.0240005242879986e-05,3.434096469018244e-07,0.16153608192,2.048001258694388e-06,3.8706887459821107
1194,11,downRight,lowA,4.072328036787071,1,0,0,0,1,2.048001048575997e-06,6.868192938036487e-08,0.032307216384,0.8000004096002518,3.874736097424593
1195,11,midLeft,lowC,4.080238238701372,1,1,0,0,0,0.8000004096002098,1.3736385876072974e-08,0.0064614432767999,0.1600000819200503,4.021956178374881
1196,11,downLeft,lowB,4.028711339810278,1,0,0,1,0,0.1600000819200419,2.7472771752145934e-09,0.8012922886553601,0.03200001638401,3.9314400608797118
1197,11,downRight,lowA,4.01144844610993,0,0,0,0,0,0.0320000163840083,5.494554350429186e-10,0.1602584577310719,0.006400003276802,4.010634948646771
1198,11,midRight,high,3.835434188277104,1,0,100,0,0,0.0064000032768016,80.00000000010989,0.0320516915462143,0.0012800006553604,3.8380095425478413
1199,11,midRight,high,204.13864757258705,1,0,100,0,0,0.0012800006553603,96.00000000002198,0.0064103383092428,0.000256000131072,204.098797248826
