Trial,switch,t_pos,t_frequency,resp_speed,Resp,Reward_midLeft,Reward_midRight,Reward_downLeft,Reward_downRight,Pval_midLeft,Pval_midRight,Pval_downLeft,Pval_downRight
0,0,downLeft,lowB,6.774404758686685,1,0,0,1,0,0.20409742302993872,0.20409742302993872,0.3877077309101838,0.20409742302993872
1,0,midLeft,lowA,6.158601301582284,1,1,0,0,0,0.3502333402300921,0.16662303234984704,0.31652059507021374,0.16662303234984704
2,0,midLeft,lowA,7.167204084852415,1,1,0,0,0,0.4695371966807633,0.13602932608015159,0.2584041511589334,0.13602932608015159
3,0,midLeft,lowA,7.914569119341701,1,1,0,0,0,0.5669356353172262,0.1110529396378327,0.21095848540710824,0.1110529396378327
4,0,downLeft,lowB,6.453062671799167,1,0,0,1,0,0.462840408768348,0.09066247519992397,0.35583464083180394,0.09066247519992397
5,0,midLeft,lowA,7.922989649537531,1,1,0,0,0,0.5614684466952182,0.07401591021528085,0.29049973287422,0.07401591021528085
6,0,midLeft,lowA,8.566621329961151,0,0,0,0,0,0.45837705233246623,0.06042582615261656,0.2371609874820555,0.06042582615261656
7,0,downLeft,lowB,6.599306755010021,1,0,0,1,0,0.3742143006284629,0.04933102160881647,0.3772260934335374,0.04933102160881647
8,0,downRight,lowC,5.3099797346938,1,0,0,0,1,0.30550469767688027,0.04027333754317466,0.3079634942777435,0.2238836454234197
9,0,downRight,lowC,6.411029466518676,1,0,0,0,1,0.2494108860775671,0.03287873763750732,0.2514182222775309,0.3663866082381191
10,0,downRight,lowC,7.175299648208684,1,0,0,0,1,0.20361647649618025,0.026841862497170802,0.20525524507844956,0.48272455817656434
11,0,downLeft,lowB,6.286518107082986,1,0,0,1,0,0.1662303925572259,0.02191341985998607,0.35117857421580534,0.39409135342841006
12,0,midRight,high,5.236533667935361,1,0,100,0,0,0.13570877900073966,18.37892067811729,0.2866985680830958,0.3217321186924772
13,0,downLeft,lowB,6.948082951751556,1,0,0,1,0,0.11079124830636171,15.004361393901572,0.4176680636087783,0.2626587853243879
14,0,downLeft,lowB,7.778879417131395,1,0,0,1,0,0.09044883309439396,12.24940597882084,0.5245902097380698,0.21443192488352586
15,0,downLeft,lowB,8.53483565693762,0,0,0,0,0,0.07384149500252338,10.000288775699431,0.4282700398171005,0.1750600131363081
16,0,midRight,high,68.55603013523596,1,0,100,0,0,0.06028343537077248,26.525163462726407,0.34963524595039785,0.1429171902268308
17,0,downRight,lowC,5.927514566361737,1,0,0,0,1,0.049214775242266084,21.654870032761384,0.28543861079566013,0.30028642880814793
18,0,downRight,lowC,6.917810439540505,1,0,0,0,1,0.040178435207776544,17.678812678939373,0.23302913958655952,0.42876105304266965
19,0,midLeft,lowA,5.475689304018803,1,1,0,0,0,0.2164115682293753,14.432800440002135,0.19024258752200274,0.350036104086447
20,0,downLeft,lowB,6.314972742520304,1,0,0,1,0,0.17667617355793303,11.782789507639206,0.3389223953353984,0.28576586724593295
21,0,midRight,high,79.67338005227793,1,0,100,0,0,0.14423660693585733,27.980378686477955,0.27669274998035576,0.23329630837924195
22,0,midRight,high,182.32386740338313,1,0,100,0,0,0.11775327912876267,41.203923529272394,0.22588910896823097,0.19046070137040474
23,0,downRight,lowC,6.232440678956978,1,0,0,0,1,0.09613256329402212,33.638458444188615,0.18441354012377986,0.33910046123294235
24,0,midLeft,lowA,5.6100122199995255,1,1,0,0,0,0.2620919416305346,27.462090732634316,0.15055331324436672,0.2768381211436287
25,0,downLeft,lowB,6.037508879001649,1,0,0,1,0,0.21396915953482093,22.419767798180104,0.3065204809274226,0.22600778848745845
26,0,downLeft,lowB,6.9969756253697675,1,0,0,1,0,0.1746822162757552,18.30326733015265,0.43385046893298285,0.1845104288599429
27,0,midRight,high,120.9194270198634,0,0,0,0,0,0.14260876076416024,14.94259878044889,0.35419105075820917,0.15063241220985274
28,0,downLeft,lowB,7.131391734342261,0,0,0,0,0,0.11642432229383257,12.198983617839694,0.28915792288006686,0.12297474862725769
29,0,midRight,high,82.377705609394,1,0,100,0,0,0.09504761663271309,28.320155267966587,0.23606554763404564,0.10039531717031115
30,0,downLeft,lowB,6.549991545081965,1,0,0,1,0,0.07759589447949714,23.120282839998897,0.3763317876332849,0.08196170207493547
31,0,downLeft,lowB,7.40968163847634,0,0,0,0,0,0.06334848840387365,18.87516058946835,0.3072333922408145,0.06691268872256764
32,0,midRight,high,124.52321252805748,1,0,100,0,0,0.05171705294429028,33.770517330371504,0.2508221745003864,0.054626829345121995
33,0,midLeft,lowA,5.324637542409856,1,1,0,0,0,0.22583157681077526,27.56990224606684,0.2047686378171779,0.04459678039054254
34,0,downLeft,lowB,6.405434879464917,0,0,0,0,0,0.1843665714634676,22.507784006438246,0.1671710051833475,0.036408351812567345
35,0,midLeft,lowA,6.219135401539364,1,1,0,0,0,0.3341252763944802,18.375122855314064,0.136476685452983,0.029723403126849575
36,0,midRight,high,121.62063353834715,0,0,0,0,0,0.2727764315251177,15.00126089051252,0.11141815921848543,0.024265879927480086
37,0,midLeft,lowA,6.817755696677956,1,1,0,0,0,0.4063021748305613,12.246874759813638,0.09096063670092916,0.01981041424301041
38,0,downRight,lowC,5.284703960268736,0,0,0,0,0,0.3317009074175088,9.998222314593454,0.07425932619128844,0.016173017984616074
39,0,downRight,lowC,5.296923800956374,1,0,0,0,1,0.2707972016824233,8.162445637155813,0.06062454844632643,0.19681379305335303
40,0,midRight,high,56.7962219228453,1,0,100,0,0,0.22107604410840476,25.02476726868638,0.0494932564409956,0.16067675191574804
41,0,midRight,high,163.56024896110029,1,0,100,0,0,0.18048420358471393,38.790992833875904,0.040405784387868474,0.1311748440272998
42,0,midLeft,lowA,6.164916428253582,0,0,0,0,0,0.14734544339700378,31.66856669666757,0.032986865876269145,0.10708979052930415
43,0,midLeft,lowA,5.955310437259031,1,1,0,0,0,0.3039016090503738,25.853891415366363,0.026930137276723016,0.08742700111938766
44,0,midRight,high,168.7511901359972,1,0,100,0,0,0.24810214104733277,39.46788124071303,0.02198548648008664,0.07137450252681035
45,0,downLeft,lowB,5.14616851755497,1,0,0,1,0,0.202548030543884,32.22117141472476,0.20155903241882603,0.058269408143063375
46,0,midRight,high,209.3614977880691,1,0,100,0,0,0.16535812429518418,44.6660629990295,0.1645507164203611,0.047570544173915846
47,0,downLeft,lowB,6.084666409361651,1,0,0,1,0,0.13499666818284559,36.46491341997927,0.31794781659674876,0.038836101912112356
48,0,midLeft,lowA,5.894621786220704,1,1,0,0,0,0.2938201962552311,29.769579440110395,0.259569320101568,0.03170539328316083
49,0,downLeft,lowB,6.681120987208763,1,0,0,1,0,0.23987177955937408,24.303577793646312,0.39552002520169827,0.025883956260975418
50,0,downLeft,lowB,7.527207935822611,0,0,0,0,0,0.19582884826269514,19.841190392363426,0.32289847160161217,0.021131395082738924
51,0,downRight,lowC,5.044848155942932,1,0,0,0,1,0.1598726531413479,16.198143315711018,0.2636109838167796,0.2008617610059032
52,0,downRight,lowC,6.155594264081488,1,0,0,0,1,0.1305183860764334,13.223997234424985,0.2152092899175664,0.3475917791064862
53,0,midLeft,lowA,5.9414585541675535,1,1,0,0,0,0.29016417290515184,10.795935030804705,0.17569464593711312,0.2837703455281021
54,0,downRight,lowC,6.889578007076642,0,0,0,0,0,0.23688703978222025,8.81369007594353,0.14343529790368914,0.23166718501840375
55,0,midLeft,lowA,6.47124196728667,1,1,0,0,0,0.377002445355212,7.1954057275384775,0.1170990986946981,0.18913070185142494
56,0,midRight,high,50.90135104073191,1,0,100,0,0,0.3077809102919362,24.235285854606367,0.09559849713086538,0.15440435545487796
57,0,downLeft,lowB,5.696449104866904,1,0,0,1,0,0.25126916259357174,19.785437557276346,0.26165593552002353,0.12605412421175702
58,0,downRight,lowC,5.899173492803904,1,0,0,0,1,0.2051335542889547,16.15262727583947,0.21361320864049846,0.2865195955359067
59,0,downRight,lowC,6.791640735329703,1,0,0,0,1,0.16746891922939075,13.186838408647741,0.17439162163472952,0.4175219522660807
60,0,midRight,high,88.5901281747133,0,0,0,0,0,0.13671989940931042,10.765598948468888,0.14237152229464162,0.3408606180637446
61,0,midRight,high,73.33677300363428,0,0,0,0,0,0.11161671658541081,8.788924011025273,0.1162306432527433,0.27827509503680986
62,0,midLeft,lowA,5.809210497876884,0,0,0,0,0,0.09112273688858147,7.175186967424844,0.09488949905998817,0.22718091916169675
63,0,midLeft,lowA,5.436073196917929,1,1,0,0,0,0.25800197099382355,5.8577486792376465,0.07746680892298152,0.18546816064990054
64,0,downRight,lowC,6.17204754138421,0,0,0,0,0,0.21063014966593754,4.782205640757724,0.06324310428613276,0.15141429457098954
65,0,downRight,lowC,6.020220361978498,1,0,0,0,1,0.17195628303691265,3.9041433907115533,0.051631018436853485,0.3072233772075851
66,0,downRight,lowC,6.980819133892112,1,0,0,0,1,0.14038333696656255,3.187302420734381,0.04215103124549221,0.4344243062107368
67,0,midRight,high,25.134728236046232,1,0,100,0,0,0.11460750924487581,20.963111629980396,0.03441166742103755,0.35465952559672154
68,0,downRight,lowC,7.369520509413409,1,0,0,0,1,0.09356438918703613,17.11406824947175,0.02809333057118825,0.4731506887894909
69,0,downRight,lowC,8.034961978750015,1,0,0,0,1,0.07638500288177735,13.971748909102715,0.022935105495630874,0.5698856530273475
70,0,midLeft,lowA,5.597511315091307,1,1,0,0,0,0.24597023686546587,11.406391790276887,0.01872398371431219,0.4652487728184617
71,0,midLeft,lowA,6.629187351212595,0,0,0,0,0,0.20080756594522087,9.312060681861448,0.015286067299782633,0.37982430240035775
72,0,downRight,lowC,7.496351511426633,0,0,0,0,0,0.16393722693733626,7.602270353065343,0.012479387776591397,0.31008464529622876
73,0,midRight,high,53.13115419875481,0,0,0,0,0,0.13383666222633833,6.206415152950156,0.010188043544774483,0.2531499081044516
74,0,downLeft,lowB,4.967000581101792,0,0,0,0,0,0.10926287146929599,5.06685335588436,0.008317413732821096,0.2066689755375375
75,0,midRight,high,37.21678545282192,1,0,100,0,0,0.0892010819989389,22.497557639250886,0.0067902508365704365,0.1687224213097954
76,0,downLeft,lowB,5.200150600085452,1,0,0,1,0,0.07282284386986275,18.36677415455447,0.18915379867012871,0.13774324558680345
77,0,midRight,high,121.51907527612329,1,0,100,0,0,0.05945181908620223,33.355475885294304,0.15442321145958848,0.11245216585618627
78,0,downRight,lowC,5.714743755474728,1,0,0,0,1,0.04853585227974401,27.231066688503326,0.12606951805963726,0.2754150969417766
79,0,midRight,high,177.4776968004089,0,0,0,0,0,0.039624169499430116,22.231162149919744,0.10292185503439315,0.22484604619742948
80,0,midRight,high,145.7887893616332,1,0,100,0,0,0.032348763538140736,36.510322411061836,0.08402434154392227,0.18356199442946364
81,0,midLeft,lowA,5.309314840952336,1,1,0,0,0,0.21001950498560254,29.80665087235976,0.06859660632360784,0.149858120117158
82,0,downLeft,lowB,5.443937406141076,0,0,0,0,0,0.1714577590143394,24.33384252880681,0.05600156231699024,0.12234262454409187
83,0,midRight,high,159.2156473236574,0,0,0,0,0,0.13997634709325968,19.86589821018319,0.04571909821819293,0.09987925758467393
84,0,midRight,high,130.9634565611521,0,0,0,0,0,0.11427524690751423,16.218314523493845,0.03732460051834336,0.08154039634870165
85,0,downRight,lowC,5.44334720057879,0,0,0,0,0,0.09329313363973452,13.24046480053649,0.03047141912566318,0.06656873907043934
86,0,midRight,high,88.86841229028101,1,0,100,0,0,0.07616355264903002,29.170409770056946,0.024876552478452177,0.05434603239451627
87,0,downLeft,lowB,5.232961024828896,1,0,0,1,0,0.06217913929788836,23.81442185118388,0.20391926889912954,0.04436754065448936
88,0,midLeft,lowA,5.2918206500507265,1,1,0,0,0,0.2343727162679195,19.441848523097974,0.16647758915384586,0.03622120285502928
89,0,downRight,lowC,5.227366909856666,1,0,0,0,1,0.19133946967523746,15.872124730010867,0.13591058775414727,0.2131809245272696
90,0,midRight,high,105.70470780250496,0,0,0,0,0,0.1562075707385243,12.95783902161992,0.11095600289242323,0.17403870934062235
91,0,midLeft,lowA,6.0769230831834,1,1,0,0,0,0.31113655846224375,10.578646209397633,0.09058333704018404,0.1420834083355102
92,0,downLeft,lowB,5.6122000980652205,1,0,0,1,0,0.2540086791701913,8.636297721933946,0.2575616105176609,0.1159954299863526
93,0,downLeft,lowB,6.585023291900811,1,0,0,1,0,0.2073700673834981,7.050584438264195,0.3938809517926265,0.09469747337385698
94,0,midLeft,lowA,6.5193664301618055,1,1,0,0,0,0.3529050933463119,5.756024458818842,0.32156034896581837,0.07731004113220179
95,0,downRight,lowC,5.391938135670777,1,0,0,0,1,0.288108080504489,4.6991590357688935,0.2625185542901254,0.2467254285579289
96,0,midLeft,lowA,6.87172553623888,1,1,0,0,0,0.4188187750205184,3.8363449984331313,0.21431744171263864,0.20142409665852215
97,0,midLeft,lowA,7.842565044743989,1,1,0,0,0,0.525529638673219,3.1319525121359857,0.1749665502556746,0.16444055625655066
98,0,downRight,lowC,6.152532191388518,1,0,0,0,1,0.4290369799162353,2.5568937471163906,0.1428408880944858,0.3178578829745317
99,0,downRight,lowC,7.093086627646883,1,0,0,0,1,0.3502613679418048,2.087421698991277,0.11661382865356963,0.4431062070996601
100,1,downLeft,high,5.829380776143213,0,0,0,0,0,0.2859497703354542,1.7041495581635844,0.09520232767139357,0.36174733999044384
101,1,midLeft,lowA,6.911270881043918,1,1,0,0,0,0.4170567528461212,1.391250133115185,0.07772219897673302,0.2953267995199388
102,1,downRight,lowC,6.81327861724961,1,0,0,0,1,0.3404808340525096,1.135802267835474,0.0634516020934854,0.4247120628150405
103,1,midRight,lowB,12.192153407909037,1,0,1,0,0,0.2779650432848057,1.110867571627367,0.05180123389760574,0.3467305502011169
104,1,midRight,lowB,12.115191682400008,1,0,1,0,0,0.22692779610733688,1.0905111426669312,0.04228999339308977,0.2830672471272031
105,1,downRight,lowC,6.963628120826256,1,0,0,0,1,0.18526151359748327,0.8902820560150181,0.03452511468593102,0.414703490611609
106,1,midRight,lowB,10.684250703198595,1,0,1,0,0,0.15124559004748916,0.910427401490088,0.028185947748846456,0.3385596550213992
107,1,midRight,lowB,11.006422286642653,1,0,1,0,0,0.12347534069334035,0.9268738538801266,0.02301071720478426,0.2763966125270905
108,1,midLeft,lowA,5.930807935704951,1,1,0,0,0,0.28441430325326306,0.7566902602030472,0.018785712334268567,0.22564734540393463
109,1,midLeft,lowA,6.867715251168297,0,0,0,0,0,0.23219290546738602,0.6177541285571829,0.015336461908823798,0.18421616684195818
110,1,midRight,lowB,9.020908256202365,0,0,0,0,0,0.18955989460691064,0.504328102818506,0.012520529415951009,0.15039217973158764
111,1,midLeft,lowA,6.292237022411828,1,1,0,0,0,0.338365051876634,0.41172826458734024,0.01022163115506458,0.12277862530828967
112,1,downRight,lowC,5.747275195560479,1,0,0,0,1,0.27623774052565014,0.3361307111634597,0.008344834311644867,0.2838455119945664
113,1,downRight,lowC,6.7547627427916055,1,0,0,0,1,0.22551764393959228,0.2744136477987311,0.00681263671447412,0.4153388580270634
114,1,downLeft,high,5.121564827531008,1,0,0,100,0,0.18411027990341627,0.22402847343986496,18.36659255441436,0.3390783624300849
115,1,downLeft,high,121.56754856458697,1,0,0,100,0,0.1503057347264319,0.18289453645763004,33.355327628811835,0.27682007990876767
116,1,midLeft,lowA,6.1060802774309835,0,0,0,0,0,0.12270805249714531,0.14931321430902988,27.23094565343925,0.2259930598092848
117,1,midRight,lowB,6.154821451343383,0,0,0,0,0,0.10017758919875919,0.12189776905915989,22.23106333814105,0.18449840451890337
118,1,downLeft,high,145.84030270207032,1,0,0,100,0,0.08178395120327431,0.09951608215229253,36.51024174214425,0.15062259566177352
119,1,midRight,lowB,5.6234471656672,0,0,0,0,0,0.06676757474317817,0.08124390366927434,29.80658501508697,0.12296673449859362
120,1,downRight,lowC,5.906399832370324,0,0,0,0,0,0.05450835978816595,0.06632668550316591,24.33378876360815,0.10038877451827849
121,1,midRight,lowB,5.4498980125459635,0,0,0,0,0,0.044500063065413625,0.05414842235725343,19.86585431682921,0.08195636072125688
122,1,midLeft,lowA,5.326150033692821,1,1,0,0,0,0.2199397006655278,0.04420621385700858,16.218278689412102,0.06690832809648248
123,1,downLeft,high,107.88090787513316,1,0,0,100,0,0.17955650451124128,0.03608949732050328,31.601466333986036,0.05462326937493488
124,1,downRight,lowC,5.3355069092667815,1,0,0,0,1,0.14658807943603164,0.029463093606242396,25.79911137093566,0.2282041819478226
125,1,midRight,lowB,5.211025457199934,0,0,0,0,0,0.11967299703920804,0.02405336591809575,21.062128589081432,0.18630354184082343
126,1,midRight,lowB,5.2838111661548,1,0,1,0,0,0.0976998012078874,0.20324722787656307,17.19490467422688,0.15209629116424972
127,1,downLeft,high,113.87563033201566,1,0,0,100,0,0.07976111062826846,0.165928941790341,32.398773721045124,0.12416984431613842
128,1,midLeft,lowA,5.569265285415109,0,0,0,0,0,0.06511614854894181,0.13546267770197323,26.450024903181635,0.10137098097181015
129,1,midLeft,lowA,5.56181557105493,1,1,0,0,0,0.2367704603461399,0.11059033374283152,21.593527687268306,0.08275822394545362
130,1,downRight,lowC,5.597550683914023,1,0,0,0,1,0.1932969632250378,0.09028480851573117,17.628733420388375,0.2511732688474517
131,1,downRight,lowC,6.537469004922263,1,0,0,0,1,0.1578056482949722,0.0737075870272488,14.3919162495321,0.3886655755033286
132,1,midRight,lowB,5.47827557452214,1,0,1,0,0,0.12883090462629068,0.24378442216031077,11.74941207596881,0.3173025695227098
133,1,midLeft,lowA,6.026717182387304,0,0,0,0,0,0.10517622256336696,0.19902308935104845,9.592098907288307,0.2590425470414522
134,1,midLeft,lowA,5.828312327599309,1,1,0,0,0,0.269475091837071,0.16248039864002492,7.830890673703339,0.2114796652250883
135,1,downLeft,high,54.71496319224507,1,0,0,100,0,0.2199966872588091,0.132647322621225,24.754089214152636,0.17264981878269867
136,1,downLeft,high,161.86649377598715,0,0,0,0,0,0.17960302777858517,0.10829190687525168,20.208983272247018,0.14094953240053884
137,1,midLeft,lowA,6.289760320234528,1,1,0,0,0,0.33023636843218,0.08840839651294789,16.49840563168302,0.11506974536089933
138,1,midRight,lowB,5.6661000024596495,1,0,1,0,0,0.2696015671510934,0.2557860114902518,13.469128294116532,0.0939417539874832
139,1,downRight,lowC,5.536465918998435,1,0,0,0,1,0.22009994040148456,0.2088210631690668,10.996057501155274,0.26030338749527626
140,1,downLeft,high,74.74194496797584,1,0,0,100,0,0.17968732257994438,0.17047936346871434,27.338098785923783,0.21250900237499787
141,1,downLeft,high,178.28373598738844,1,0,0,100,0,0.14669487795886388,0.1391775950549955,40.679572839004265,0.17349015902160078
142,1,midLeft,lowA,5.787924239523125,1,1,0,0,0,0.30337049413262696,0.11362315397691569,33.21038394559784,0.141635577509452
143,1,downRight,lowC,5.963010095919971,1,0,0,0,1,0.24766854430315324,0.09276077169288971,27.112615124525473,0.2992401333963903
144,1,downLeft,high,176.6968590298485,1,0,0,100,0,0.20219404663139917,0.0757289378431491,40.49549030209727,0.24429656037335346
145,1,downLeft,high,261.65632364927524,1,0,0,100,0,0.16506913547785534,0.06182432425032455,51.42113164799221,0.19944119370911714
146,1,midRight,lowB,5.591217179169975,1,0,1,0,0,0.13476074069124044,0.23408304892047943,41.979681834553745,0.16282173472818254
147,1,midRight,lowB,6.361537398998013,1,0,1,0,0,0.11001727960275191,0.3747132961188888,34.2717795281966,0.13292598588514534
148,1,downRight,lowC,6.055740171728612,0,0,0,0,0,0.08981697302274363,0.3059120724516782,27.979127537420545,0.1085194046914887
149,1,downLeft,high,182.4125335983774,1,0,0,100,0,0.07332565095316601,0.24974346264454172,41.202902104078625,0.08859412338510354
150,1,downLeft,high,266.1475105455103,0,0,0,0,0,0.05986230560613581,0.20388798857729895,33.63762456318915,0.07232732911398426
151,1,midRight,lowB,6.222904701628118,0,0,0,0,0,0.04887096924337189,0.1664520522215372,27.461409960781896,0.0590472859472098
152,1,midLeft,lowA,5.429735252397749,1,1,0,0,0,0.22350806341443546,0.1358897396658421,22.419212023057103,0.04820559559494974
153,1,downRight,lowC,5.4847457808092335,0,0,0,0,0,0.18246967907719364,0.11093898272803049,18.302813601071097,0.03935455134621043
154,1,downRight,lowC,5.1998799131886475,1,0,0,0,1,0.14896636512302058,0.09056944195341562,14.942228360703696,0.2157389579372889
155,1,midRight,lowB,5.6228288922083705,1,0,1,0,0,0.12161460495898177,0.25755026671205206,12.198681210977961,0.17612706144866003
156,1,downRight,lowC,6.151627253750931,1,0,0,0,1,0.09928490989972874,0.21026138294641294,9.958877598097336,0.32739862535027375
157,1,midLeft,lowA,5.757636892356911,1,1,0,0,0,0.26466548490542224,0.17165522568829594,8.130325016169008,0.267284862950141
158,1,midLeft,lowA,6.984736243327333,1,1,0,0,0,0.3996804816169084,0.14013755685041496,6.637513536783758,0.21820860697213648
159,1,midRight,lowB,5.955988618699877,1,0,1,0,0,0.3262950253335032,0.29801716477177,5.418797632735598,0.17814325746386311
160,1,downLeft,high,39.318268860285784,1,0,0,100,0,0.2663838952722263,0.24329814139442757,22.784881319072777,0.14543431911413346
161,1,downLeft,high,149.3592146387785,1,0,0,100,0,0.21747306624695384,0.19862609474630533,36.96237303308749,0.11873107900523361
162,1,downRight,lowC,5.764832739386421,1,0,0,0,1,0.17754276959768972,0.16215629633688547,30.175700340497826,0.28054113691437405
163,1,downRight,lowC,6.765777851491048,1,0,0,0,1,0.1449440870099465,0.13238272884174968,24.635130710477004,0.4126412002726969
164,1,downRight,lowC,7.812024788735911,1,0,0,0,1,0.11833085856862918,0.10807589524108902,20.11186677605624,0.5204863303267983
165,1,midLeft,lowA,6.045876592388885,0,0,0,0,0,0.09660409319510944,0.08823204684143955,16.419120725258082,0.4249196749680359
166,1,midRight,lowB,5.726745386236591,1,0,1,0,0,0.07886658590106352,0.2556420414362237,13.404400913770534,0.3469000426227812
167,1,downRight,lowC,7.299695530989595,1,0,0,0,1,0.06438586778230546,0.2087035275009843,10.943214735042888,0.46681592687338724
168,1,midLeft,lowA,5.341220107250812,1,1,0,0,0,0.23617426665590466,0.1703834085608354,8.93392770834203,0.38110371081676264
169,1,midLeft,lowA,6.417241549590675,1,1,0,0,0,0.376420544722068,0.13909925845729482,7.293566491233497,0.31112914113939294
170,1,midRight,lowB,5.959341319984651,0,0,0,0,0,0.30730585261319954,0.11355920078603714,5.954392502233076,0.2540026237442728
171,1,midRight,lowB,5.865848601743755,0,0,0,0,0,0.25088133040148874,0.09270856096707829,4.8611046616582385,0.20736512379619682
172,1,downLeft,high,35.8388637147011,1,0,0,100,0,0.2048169320850659,0.07568631354477857,22.329586526117584,0.169290749572352
173,1,downRight,lowC,6.1954552510881005,1,0,0,0,1,0.16721043212583972,0.061789526212501014,18.22964426921856,0.32181753080234005
174,1,midLeft,lowA,6.037623679559619,0,0,0,0,0,0.13650887320242547,0.05044433228084923,14.882493672399995,0.2627285148904621
175,1,downRight,lowC,6.583260722646368,0,0,0,0,0,0.11144443696534279,0.041182232899949114,12.149914427184832,0.2144888513825048
176,1,downLeft,high,82.1781518364706,1,0,0,100,0,0.09098208958259563,0.0336207504379935,28.280095686515303,0.175106487343283
177,1,downRight,lowC,6.200353207911732,1,0,0,0,1,0.07427684010274721,0.02744763409890863,23.08757861063144,0.32656543917059966
178,1,downLeft,high,151.1893403959396,1,0,0,100,0,0.06063884662311006,0.022407965551423704,37.20949198174855,0.2666046583414384
179,1,midRight,lowB,4.925696153382819,1,0,1,0,0,0.049504929325137864,0.20190393997780196,30.377445702912187,0.21765329494105937
180,1,midLeft,lowA,5.291738577996607,0,0,0,0,0,0.04041531401015953,0.16483229539624322,24.799833544785052,0.17768990644578167
181,1,downLeft,high,162.32742164946808,1,0,0,100,0,0.032994645761677356,0.1345673868899315,38.607359260272744,0.14506420801605976
182,1,downLeft,high,249.52043479278024,1,0,0,100,0,0.026936488694976155,0.10985942755243112,49.879680928075345,0.11842892411982711
183,1,midLeft,lowA,5.294873085632029,0,0,0,0,0,0.021990671712478843,0.08968810423598177,40.72125735590304,0.09668415290025947
184,1,midLeft,lowA,5.253865145682946,1,1,0,0,0,0.2015632655891023,0.07322044380401764,33.24441475551499,0.07893194581910215
185,1,downLeft,high,215.4989567140127,1,0,0,100,0,0.1645541723369396,0.05977641557403378,45.50142831498083,0.06443922694566998
186,1,midLeft,lowA,6.2261697042592825,1,1,0,0,0,0.3179506379714203,0.04880084950650796,37.1468970530763,0.05260752064661053
187,1,downRight,lowC,5.373484066439242,1,0,0,0,1,0.2595716234427675,0.039840510503800525,30.326343848365195,0.22655854546411508
188,1,downRight,lowC,6.63332380876556,1,0,0,0,1,0.21191159774546592,0.032525382104091574,24.758114517484685,0.3685703690587935
189,1,downRight,lowC,7.332649189146643,1,0,0,0,1,0.17300244404002627,0.026553386682036707,20.21226948839496,0.48450735800061795
190,1,midLeft,lowA,5.877012584775004,0,0,0,0,0,0.14123741202580217,0.02167791117808475,16.50108846467228,0.3955468128278804
191,1,downLeft,high,109.56138631176293,0,0,0,0,0,0.11530476731953561,0.017697623232476003,13.47131853131464,0.3229203407435036
192,1,midLeft,lowA,5.776805191923179,1,1,0,0,0,0.27774393137218073,0.014448157182012505,10.997845588227108,0.2636288375587953
193,1,midRight,lowB,5.025486682714495,1,0,1,0,0,0.22674728262106497,0.19540563447376608,8.978527773753333,0.21522386552851377
194,1,midRight,lowB,6.221132802371001,1,0,1,0,0,0.1851141442480023,0.3431374536467483,7.3299775249031525,0.1757065453156469
195,1,midRight,lowB,7.221863546672938,1,0,1,0,0,0.1511252792296385,0.4637441880176706,5.984118094800408,0.14344501243366672
196,1,midRight,lowB,8.02143268304565,1,0,1,0,0,0.12337712018179657,0.562206282758317,4.88537232902236,0.11710702953683559
197,1,downRight,lowC,5.938796476651342,1,0,0,0,1,0.1007238091598389,0.4589794140888543,3.9883676115809346,0.2792152796688813
198,1,downLeft,high,30.27382949832897,1,0,0,100,0,0.08222987954912983,0.37470606255730526,21.617092994503466,0.2279484762040093
199,1,downLeft,high,141.84343103593858,1,0,0,100,0,0.06713162604815863,0.3059061670465641,36.0090026823313,0.18609478630735843
200,2,downLeft,lowB,233.15651288501113,1,0,0,1,0,0.054805567520954744,0.24973864153267877,29.580988921248125,0.15192586529855592
201,2,midRight,lowA,6.887983459396168,1,0,1,0,0,0.04474270039488068,0.38749436055151454,24.14961443801564,0.12403071039611543
202,2,midLeft,high,5.402672826021674,1,100,0,0,0,18.39755826742449,0.31634640170879225,19.715496295862376,0.10125739347367917
203,2,midRight,lowA,7.034126050903825,0,0,0,0,0,15.01957692969793,0.2582619414942332,16.095527950967252,0.08266549228282581
204,2,downLeft,lowB,106.92106506855957,1,0,0,1,0,12.261827785405067,0.21084238690272722,13.32383341627531,0.06748725579370414
205,2,downLeft,lowB,89.53775818793595,0,0,0,0,0,10.0104298105523,0.17212955132931174,10.877440260567903,0.05509589997942927
206,2,downLeft,lowB,74.10782807173264,0,0,0,0,0,8.172411711023209,0.14052479141444835,8.880230105376057,0.044979724821267074
207,2,downRight,lowC,5.292088971437123,0,0,0,0,0,6.671872680638117,0.11472299119803427,7.249728321680538,0.03672098369846553
208,2,midRight,lowA,5.8015584973920316,1,0,1,0,0,5.446848083608357,0.2772689753434656,5.918603472488642,0.029978632575924813
209,2,midRight,lowA,6.882206756821023,1,0,1,0,0,4.446750630000103,0.4099698412952569,4.831886866683915,0.024474246618830513
210,2,downRight,lowC,5.289382924537104,1,0,0,0,1,3.6302813777591108,0.3346951525134195,3.9447026314495686,0.20359083054225507
211,2,downRight,lowC,6.271614174112094,1,0,0,0,1,2.9637242962968404,0.273241672514405,3.2204145667931003,0.3498197633450419
212,2,downRight,lowC,7.221447364510618,1,0,0,0,1,2.4195539657816147,0.22307168489832202,2.629113256682193,0.4691995567749093
213,2,downLeft,lowB,21.77651645746439,1,0,0,1,0,1.9752989171915845,0.1821134241547761,2.329991270050987,0.3830496816981937
214,2,midLeft,high,17.53766536089267,1,100,0,0,0,19.97364446287503,0.148675522276592,1.9021808555986421,0.3127178117081585
215,2,downLeft,lowB,16.896378709248324,1,0,0,1,0,16.306277453555992,0.12137716385713071,1.7365311509385126,0.255299598020787
216,2,downRight,lowC,6.6362513985789775,1,0,0,0,1,13.312276829927878,0.099091065431692,1.417686131671056,0.3920342681067326
217,2,midRight,lowA,5.687245030044296,1,0,1,0,0,10.868005582597767,0.26450723227984263,1.15738434455738,0.32005273544004886
218,2,midRight,lowA,6.575650087798435,1,0,1,0,0,8.87252773153277,0.3995512858046343,0.9448766487174237,0.2612877541479869
219,2,midLeft,high,61.28471876642159,0,0,0,0,0,7.243440183070026,0.3261895512040976,0.7713875563375634,0.21331262916353722
220,2,midLeft,high,50.95539557364181,1,100,0,0,0,24.274500688968907,0.26629778728019426,0.6297528496234335,0.1741462316480756
221,2,midLeft,high,158.92682412754104,1,100,0,0,0,38.17848293185261,0.2174027685698498,0.5141237350156131,0.14217118843898796
222,2,midRight,lowA,6.359814198577109,1,0,1,0,0,31.168519926334476,0.36109568717896706,0.41972531774085486,0.11606709275800504
223,2,downRight,lowC,5.875836629771991,1,0,0,0,1,25.44565838648865,0.29479479688180826,0.3426594229253228,0.2783662860021878
224,2,downRight,lowC,6.853996194022938,0,0,0,0,0,20.77357321592993,0.24066743346484515,0.27974362078393716,0.22725536652584577
225,2,downLeft,lowB,7.02219792492595,1,0,0,1,0,16.95933104198022,0.19647841190961654,0.411990116324509,0.18552893871059728
226,2,midRight,lowA,6.181869072168767,1,0,1,0,0,13.845423047919235,0.3440132580873153,0.3363444842225479,0.1514639131532494
227,2,downLeft,lowB,7.26567566178835,1,0,0,1,0,11.303260659358543,0.2808488778550171,0.45819847780086875,0.12365357742643457
228,2,downLeft,lowB,7.995538995775705,1,0,0,1,0,9.227865489643058,0.22928212892423608,0.5576788221018367,0.1009495060046732
229,2,downLeft,lowB,8.654915290745961,1,0,0,1,0,7.533534266012207,0.18718356664101904,0.6388935497576711,0.0824141361267965
230,2,midRight,lowA,6.262052575302931,0,0,0,0,0,6.15029972000333,0.15281473433993917,0.5215861083839625,0.06728205121887097
231,2,downLeft,lowB,8.315977877374928,1,0,0,1,0,5.021041294857733,0.12475637391914508,0.6094278303177694,0.05492837307975965
232,2,midLeft,high,36.97572541289198,1,100,0,0,0,22.460157144853987,0.10184981769382788,0.49753059876233396,0.044842957587224015
233,2,downLeft,lowB,8.24859129156851,1,0,0,1,0,18.336240776448662,0.08314914130951731,0.5897891602239842,0.03660932833837304
234,2,midRight,lowA,5.603311367978135,1,0,1,0,0,14.96951796211862,0.25149240975394394,0.4814977909308273,0.02988747829087539
235,2,midRight,lowA,6.82027826329482,0,0,0,0,0,12.22096016027516,0.20531581096947754,0.3930898332943602,0.024399829200123617
236,2,midRight,lowA,6.208791717081554,1,0,1,0,0,9.977065902654829,0.35122801958493466,0.3209144879785885,0.019919769048463525
237,2,midRight,lowA,7.209693557083989,1,0,1,0,0,8.14517376052688,0.47034924265302114,0.2619912800376087,0.01626229412057176
238,2,midRight,lowA,7.946123974545412,1,0,1,0,0,6.649635898618446,0.5675985812785049,0.21388698044796384,0.01327636929025448
239,2,midLeft,high,47.21321724402212,1,100,0,0,0,23.78972499200609,0.46338163101756835,0.17461512611633723,0.010838691037339023
240,2,downLeft,lowB,6.154277251750319,1,0,0,1,0,19.42168626183749,0.3782999870803825,0.3261642969298138,0.008848595638954352
241,2,downRight,lowC,4.996039864549526,1,0,0,0,1,15.855664467747982,0.3088402099814607,0.26627716995098705,0.1908342101496232
242,2,midRight,lowA,7.154549399792378,1,0,1,0,0,12.944401033178913,0.4357442718212102,0.21738593679480597,0.1557950820699675
243,2,midLeft,high,87.01957484240897,0,0,0,0,0,10.56767557415157,0.3557371319150646,0.17747163801107615,0.12718949908487273
244,2,midRight,lowA,7.344413598086667,1,0,1,0,0,8.627341408403055,0.47403043547994933,0.14488601591585104,0.1038361959987651
245,2,downRight,lowC,5.760498559219131,0,0,0,0,0,7.043272596218182,0.3869935612768692,0.11828344992599954,0.08477080008231837
246,2,downRight,lowC,5.576724153233896,1,0,0,0,1,5.750055146342069,0.31593755434315074,0.09656538926794922,0.25281631526019427
247,2,downLeft,lowB,5.650909034262643,1,0,0,1,0,4.694285750593814,0.25792816271927316,0.2624452962941304,0.2063966337781209
248,2,midLeft,high,34.90035522920968,1,100,0,0,0,22.193397286673942,0.21056989335140147,0.21425763463984296,0.16850008430467392
249,2,downLeft,lowB,6.46177527489178,1,0,0,1,0,18.118460777959143,0.17190709040284027,0.3585280322581734,0.13756173194764548
250,2,downRight,lowC,6.050817910925428,1,0,0,0,1,14.79172461620192,0.14034317660717766,0.2926985898715518,0.29591428787244367
251,2,midRight,lowA,5.911464715593189,0,0,0,0,0,12.075811505341285,0.11457472274144216,0.2389561116691226,0.2415813743700208
252,2,downLeft,lowB,6.52735387801432,1,0,0,1,0,9.858568036941765,0.09353762262359225,0.37869161431593384,0.19722454384380855
253,2,midLeft,high,67.4764118081324,1,100,0,0,0,26.409464112445054,0.0763631509352883,0.30915993041971823,0.16101208462710598
254,2,midLeft,high,172.26785449868783,0,0,0,0,0,21.560414275806735,0.06234208928135439,0.25239498041111863,0.13144860619628299
255,2,midLeft,high,141.7148813039143,1,100,0,0,0,35.96273076062474,0.05089543907450718,0.2060526603504047,0.10731328714215438
256,2,midLeft,high,232.62619120490098,0,0,0,0,0,29.359602693452068,0.04155051183633666,0.16821926794392333,0.08760946145034226
257,2,downLeft,lowB,6.144897159273194,0,0,0,0,0,23.96887700366566,0.03392140956548512,0.13733247636535012,0.07152346126022247
258,2,midRight,lowA,5.337788084482051,0,0,0,0,0,19.56794411747888,0.027693089111434505,0.11211681809795171,0.05839101651757224
259,2,downRight,lowC,5.453414754119082,1,0,0,0,1,15.975067873485152,0.022608352493528952,0.09153101460843337,0.2312801318775854
260,2,downRight,lowC,6.5455247446198745,1,0,0,0,1,13.04188074282673,0.018457225931526995,0.07472497683558771,0.3724250235372033
261,2,downRight,lowC,7.500335438718969,0,0,0,0,0,10.647257004298876,0.01506828899562408,0.06100470083246127,0.3040439503032299
262,2,midLeft,high,72.68253074670898,1,100,0,0,0,27.05334165568397,0.012301595813909034,0.04980360893047081,0.24821834697892792
263,2,midLeft,high,176.44500201270998,1,100,0,0,0,40.44710005311889,0.010042896019098862,0.04065915296119974,0.20264289986860146
264,2,downRight,lowC,6.2830505177668154,1,0,0,0,1,33.02059555950265,0.008198916789022832,0.03319371336784388,0.34904588251422697
265,2,midLeft,high,214.24668564072613,1,100,0,0,0,45.31870463045782,0.00669351115310584,0.027099005436685458,0.2849574605614579
266,2,downLeft,lowB,5.267971959023359,1,0,0,1,0,36.99772332052557,0.005464513509484222,0.20573365658545228,0.2326363334949958
267,2,downRight,lowC,6.626995285175187,1,0,0,0,1,30.20455995077575,0.004461172501592066,0.16795883655846877,0.3735322125580933
268,2,downLeft,lowB,6.015746211760014,1,0,0,1,0,24.658691398826495,0.0036420552450678635,0.3207301707470056,0.30494784800711267
269,2,midRight,lowA,5.101119505573725,1,0,1,0,0,20.13110147916401,0.18658364424044915,0.26184080534966436,0.24895627974710854
270,2,downRight,lowC,6.642124587928337,0,0,0,0,0,16.434823738606248,0.15232496387604216,0.21376413446380116,0.20324534057402152
271,2,midRight,lowA,6.0065431512316625,1,0,1,0,0,13.417220692003195,0.3079668382411599,0.17451483592114853,0.16592740101600018
272,2,midLeft,high,90.19860927680992,1,100,0,0,0,29.3147114578718,0.2514209522547949,0.142472113167996,0.1354614198296835
273,2,downRight,lowC,5.833607990381222,0,0,0,0,0,23.932228261671412,0.2052574738037476,0.11631276460487112,0.11058930682886017
274,2,downRight,lowC,5.6775248760462365,1,0,0,0,1,19.53802446228562,0.16757008584392016,0.09495654208536827,0.27389427803399535
275,2,midLeft,high,128.88937204338976,0,0,0,0,0,15.950641775393597,0.1368024907905989,0.07752154215783036,0.22360446531753603
276,2,midRight,lowA,5.918313727254923,0,0,0,0,0,13.02193952812608,0.11168414333775264,0.06328778793487973,0.18254838059718564
277,2,midLeft,high,87.62701625529333,1,100,0,0,0,28.99200799019342,0.09117778339416646,0.051667497707096804,0.14903061623269623
278,2,downLeft,lowB,5.218928710722987,1,0,0,1,0,23.668776477047484,0.07443660251332526,0.22579112042594,0.12166705890262822
279,2,downRight,lowC,5.608724876218419,0,0,0,0,0,19.322945140948093,0.06076927500829418,0.18433354328790766,0.09932773275863274
280,2,midRight,lowA,5.57136240519311,1,0,1,0,0,15.775053234465528,0.23322171759460708,0.15048800465215845,0.08109013716577348
281,2,downRight,lowC,5.568034018957971,1,0,0,0,1,12.878590853258057,0.1903998062227017,0.12285685578569189,0.24981145999495957
282,2,downRight,lowC,6.622594507121849,1,0,0,0,1,10.513948821627636,0.15544043918181244,0.10029907066968213,0.3875538087935166
283,2,downLeft,lowB,5.627311417403699,1,0,0,1,0,8.583479441451447,0.12689997228659936,0.2654934353041644,0.3163949346407774
284,2,downRight,lowC,7.0658104228918575,1,0,0,0,1,7.007464138522792,0.10359982930506229,0.21674610390778287,0.4419118711598793
285,2,midLeft,high,49.44001580945075,1,100,0,0,0,24.081852278613354,0.08457783275001896,0.17694928503743126,0.36077229644027864
286,2,downLeft,lowB,6.318880771183605,1,0,0,1,0,19.660175967410574,0.0690484708389441,0.32806988021276434,0.294530784016216
287,2,midLeft,high,129.5230544193343,1,100,0,0,0,34.41139579307903,0.056370459849545446,0.26783286850066357,0.24045189608278864
288,2,midLeft,high,223.13673534794225,1,100,0,0,0,46.45413960494733,0.046020262361219415,0.21865599305480754,0.19630244941263914
289,2,downLeft,lowB,6.373782098409694,1,0,0,1,0,37.92468072977106,0.037570467820346266,0.36211880673039865,0.16025929623833823
290,2,downLeft,lowB,7.358997321271707,0,0,0,0,0,30.9613184247178,0.03067214265664765,0.2956300611374032,0.13083403751534556
291,2,midRight,lowA,5.102587438029989,1,0,1,0,0,25.27650121637706,0.20865072898035883,0.24134933459330893,0.10681155960593743
292,2,downRight,lowC,5.8341830083524995,1,0,0,0,1,20.63547504590268,0.17034030439283757,0.1970351089619392,0.2708101641417672
293,2,midRight,lowA,6.19335228831429,1,0,1,0,0,16.846589119469375,0.3226743765390991,0.1608574319422199,0.2210866265265976
294,2,downRight,lowC,6.537506919639157,1,0,0,0,1,13.753381704511616,0.26342803491768896,0.13132234933848336,0.36410315084208933
295,2,midLeft,high,92.18875208917194,0,0,0,0,0,11.228119055351709,0.21505993232216414,0.10721021234488733,0.297250059215806
296,2,midLeft,high,76.16497298217799,0,0,0,0,0,9.166520658682535,0.1755727119357869,0.08752531224833611,0.24267188432577078
297,2,midRight,lowA,6.21859329983718,1,0,1,0,0,7.483452978351208,0.32694606012213256,0.07145476271910453,0.1981148249308368
298,2,downLeft,lowB,5.465564068716388,1,0,0,1,0,6.109413872988806,0.2669153933628747,0.24194523961698497,0.161738900929645
299,2,midLeft,high,43.60325476110919,0,0,0,0,0,4.98766251080149,0.21790697580954055,0.1975215996807507,0.13204197153374042
300,3,downRight,lowB,5.8323302635784176,0,0,0,0,0,4.0718762615904724,0.1778970088918977,0.16125459795036956,0.10779770448731579
301,3,midLeft,lowA,30.714941215869562,1,1,0,0,0,3.5078481154298293,0.14523328431828167,0.13164659157359707,0.08800493477761606
302,3,downRight,lowB,5.676125846450777,1,0,0,0,1,2.863771042958621,0.1185669562701428,0.10747492036338403,0.2554566294883622
303,3,midLeft,lowA,23.16401436665183,1,1,0,0,0,2.5215634679427033,0.09679684092495833,0.08774141714605826,0.2085521590979543
304,3,downRight,lowB,6.383645339151481,1,0,0,0,1,2.058578423254165,0.07902394316089162,0.0716311885300215,0.3538701408371341
305,3,downLeft,high,5.319856275326029,1,0,0,100,0,1.6806022051648382,0.06451433262720932,18.4195097519747,0.2888959353284022
306,3,midRight,lowC,5.344483384750432,1,0,1,0,0,1.3720263168503033,0.23627914403108397,15.03749789541145,0.2358516636974029
307,3,midLeft,lowA,13.776192087178723,1,1,0,0,0,1.3037184502738655,0.19289585764985587,12.276458277086416,0.19254686711185473
308,3,midLeft,lowA,13.258950039948044,1,1,0,0,0,1.24795261211017,0.1574781898379419,10.022373993151596,0.15719327756007045
309,3,downLeft,high,68.39575807546161,1,0,0,100,0,1.0188156487806657,0.1285635709173737,26.543193606602575,0.1283309714705611
310,3,downLeft,high,173.29167890594815,1,0,0,100,0,0.831750593834836,0.10495797407905098,40.03062044439383,0.10476808228828044
311,3,downRight,lowB,5.830571098385326,1,0,0,0,1,0.679032611221245,0.08568660814390966,32.68058589996145,0.2691418903235515
312,3,midRight,lowC,5.527020415146704,1,0,1,0,0,0.5543552244141855,0.25356397152163757,26.680093461162734,0.21972466497777307
313,3,midLeft,lowA,8.476951967627945,1,1,0,0,0,0.6361801988647197,0.207007012643212,21.78135328648493,0.17938095159232045
314,3,downLeft,high,143.0240856941984,1,0,0,100,0,0.5193709566838529,0.16899839131842206,36.143103091529554,0.14644475984260316
315,3,downRight,lowB,6.00353663777019,1,0,0,0,1,0.42400909542307325,0.13796854465718045,29.506856805146374,0.30316630028069935
316,3,midRight,lowC,5.945611586175643,0,0,0,0,0,0.34615665486841857,0.11263609769488621,24.089093742575145,0.24750184254724533
317,3,midRight,lowC,5.857411822935184,0,0,0,0,0,0.2825987248932325,0.09195494911869878,19.666087823944835,0.20205795303621768
318,3,midRight,lowC,5.792239734668933,1,0,1,0,0,0.23071068600902142,0.2586813804801473,16.055191383790387,0.16495803006958565
319,3,downRight,lowB,6.198616297321528,0,0,0,0,0,0.18834982591964244,0.21118481256730065,13.107292750736375,0.1346700353811903
320,3,midRight,lowC,6.152553866841799,1,0,1,0,0,0.15376685639334634,0.3560194119924318,10.700658693297164,0.10994322872260645
321,3,downLeft,high,72.97145232388762,1,0,0,100,0,0.1255336765491866,0.2906505781451576,27.096938244123958,0.08975651864750048
322,3,midRight,lowC,6.877157439848477,1,0,1,0,0,0.10248439954865135,0.420894443886599,22.12166107050837,0.07327629662437396
323,3,downLeft,high,145.31708837379784,1,0,0,100,0,0.08366720739460143,0.34361388545949606,36.4209268585544,0.059822013240848494
324,3,midRight,lowC,7.331207237598145,1,0,1,0,0,0.06830504568539834,0.4641331420385958,29.733669264771343,0.048838074971680204
325,3,downLeft,high,193.29833896819508,1,0,0,100,0,0.055763535217328145,0.3789135129314637,42.635291884681806,0.03987090098985151
326,3,downLeft,high,275.2969440574829,1,0,0,100,0,0.04552477534758363,0.3093410861621324,53.16804360319577,0.032550192583642105
327,3,downLeft,high,341.9178383568279,1,0,0,100,0,0.03716595732983481,0.25254287409189385,61.76687353584721,0.02657364170179831
328,3,downRight,lowB,5.149794524353,1,0,0,0,1,0.03034190446183979,0.20617339922691924,50.425838869130146,0.20530475504767687
329,3,downLeft,high,324.2464490345298,1,0,0,100,0,0.024770818041928405,0.16831783791814792,59.52816585727404,0.16760868576409463
330,3,downRight,lowB,6.188091876913654,1,0,0,0,1,0.0202226405148044,0.1374129478762596,48.59818099667366,0.32044431124779105
331,3,midRight,lowC,5.960848844098937,1,0,1,0,0,0.016509555263729648,0.29579282209021257,39.675054021454535,0.2616074326011111
332,3,downLeft,high,256.2329045935648,1,0,0,100,0,0.013478230738790327,0.24148221095746208,50.75133592543442,0.2135736113574606
333,3,downRight,lowB,6.18317902073081,1,0,0,0,1,0.011003488643160052,0.19714358785596017,41.43286751083166,0.35796960270126654
334,3,midRight,lowC,6.273553737120094,1,0,1,0,0,0.008983134705632655,0.34455630087335626,33.82536595080646,0.292242693737518
335,3,midLeft,lowA,4.987061491411137,1,1,0,0,0,0.19094404645684682,0.28129221238792096,27.614680094416926,0.23858392276462015
336,3,downRight,lowB,6.430025261778398,1,0,0,0,1,0.15588475129900536,0.2296440626670595,22.54434018026656,0.3783877631307767
337,3,downRight,lowB,7.350255717304625,0,0,0,0,0,0.12726270411915955,0.18747904561789042,18.404966938810837,0.30891186944421756
338,3,downRight,lowB,7.084309875312066,1,0,0,0,1,0.10389595983416813,0.15305596033089505,15.025625292650048,0.43580277386794775
339,3,midLeft,lowA,5.697792306332532,1,1,0,0,0,0.26842989854174804,0.12495330833163283,12.266765606573376,0.35578489238298905
340,3,midLeft,lowA,6.7342363931924885,0,0,0,0,0,0.21914340222623474,0.10201059291820654,10.014460996855638,0.2904591187534086
341,3,midRight,lowC,5.695199948476588,1,0,1,0,0,0.1789064146735514,0.26689070442569335,8.175702729968268,0.23712783053247055
342,3,midRight,lowC,6.651594255182517,1,0,1,0,0,0.14605735279358983,0.40149712789596137,6.674559434581434,0.19358871656142906
343,3,downRight,lowB,6.367816178088845,0,0,0,0,0,0.11923971727898523,0.32777811662994977,5.449041521832942,0.15804383271144357
344,3,midLeft,lowA,5.786358807389619,1,1,0,0,0,0.2809563839580825,0.2675946757191178,4.4485413303569565,0.12902535592872147
345,3,midRight,lowC,6.681187060624746,1,0,1,0,0,0.2293698957986186,0.4020718428034613,3.631743287072121,0.10533497060229072
346,3,downLeft,high,28.074700883209264,0,0,0,0,0,0.18725521861257452,0.3282473079563403,2.9649177839907956,0.08599438421944755
347,3,midLeft,lowA,6.263106314684335,1,1,0,0,0,0.33648353815118215,0.267977718681615,2.4205283168326317,0.0702049288569427
348,3,downRight,lowB,5.565210889699855,1,0,0,0,1,0.2747016921146094,0.21877424724943798,1.9760943673461409,0.2409248881350538
349,3,midLeft,lowA,6.726007774448377,0,0,0,0,0,0.22426362985022166,0.1786050403556998,1.6132630721572978,0.19668859524856297
350,3,downLeft,high,15.141341835867332,1,0,0,100,0,0.18308651572708115,0.14581131390702617,19.678082130811173,0.1605745417184414
351,3,downLeft,high,129.84505614884287,0,0,0,0,0,0.14946994420571044,0.11903885366813403,16.064983412280185,0.13109140067578912
352,3,midRight,lowC,5.801870988935538,1,0,1,0,0,0.12202572173125689,0.2807924009766616,13.11528686186039,0.10702166823725491
353,3,midRight,lowC,6.7031864033370665,0,0,0,0,0,0.0996205413948717,0.22923602178290353,10.707185003216471,0.08737138678235509
354,3,midRight,lowC,6.575671804478593,1,0,1,0,0,0.0813291831181626,0.3707562331263471,8.741235468245153,0.0713290995553229
355,3,downRight,lowB,5.544399928086716,1,0,0,0,1,0.06639630676618793,0.3026815670134986,7.136254532666942,0.2418426495053945
356,3,midRight,lowC,7.108928413492943,0,0,0,0,0,0.05420526043873697,0.24710611130447507,5.82596464081217,0.1974378461711348
357,3,downRight,lowB,6.351579178870005,1,0,0,0,1,0.04425261588085161,0.2017348821287703,4.756257479413226,0.34479653032868535
358,3,midLeft,lowA,5.332863801748878,1,1,0,0,0,0.2197376873347073,0.16469427831092184,3.8829595792604454,0.2814883332389952
359,3,downLeft,high,29.693049385452223,1,0,0,100,0,0.17939158291028867,0.1344547111641387,21.5310389634504,0.22980417370828626
360,3,midRight,lowC,5.936704142112968,1,0,1,0,0,0.14645343914100606,0.29337774813158685,17.577718270389717,0.1876097586215425
361,3,midRight,lowC,6.863704791176166,0,0,0,0,0,0.1195630780902052,0.2395105694719332,14.350268006931252,0.1531626730797026
362,3,downLeft,high,96.0993517914181,1,0,0,100,0,0.09761006451095283,0.1955339600706187,30.07644166803908,0.1250404275197771
363,3,midRight,lowC,6.295710535148525,1,0,1,0,0,0.0796878505138862,0.34324221734125393,24.554096953428193,0.10208171612539335
364,3,midLeft,lowA,5.594525260121717,0,0,0,0,0,0.06505633974671661,0.2802194081377283,20.045711652087853,0.08333846079866611
365,3,downRight,lowB,5.3863609129916625,1,0,0,0,1,0.053111325176260146,0.22876823633553994,16.365112363969388,0.2516469682334024
366,3,midLeft,lowA,5.5107518779807645,1,1,0,0,0,0.22696984628896427,0.18676403002875078,13.360309044326163,0.2054419909189371
367,3,downRight,lowB,6.284753724838064,1,0,0,0,1,0.18529584293231566,0.15247222897421653,10.907218587322212,0.35133103159502566
368,3,midLeft,lowA,6.255451755356507,1,1,0,0,0,0.33488392404282874,0.12447675606907341,8.90454082438685,0.28682303271597887
369,3,midLeft,lowA,7.097236633005926,1,1,0,0,0,0.45700609152542543,0.10162154056329667,7.269575342088968,0.2341593673718524
370,3,midLeft,lowA,8.102473243895655,0,0,0,0,0,0.3730950623572946,0.08296277821320495,5.934806375369375,0.19116529383566316
371,3,downLeft,high,42.57809199800593,0,0,0,0,0,0.3045909630892725,0.06772995696287791,4.845114749578163,0.15606537537847953
372,3,midLeft,lowA,7.029830315513859,1,1,0,0,0,0.43227523045915595,0.05529403871220815,3.955501738693,0.1274101637557909
373,3,midLeft,lowA,7.877034242761294,0,0,0,0,0,0.3529050423055464,0.04514148324031742,3.229230846630734,0.10401634436151769
374,3,downLeft,high,25.505426827119045,1,0,0,100,0,0.28810803883533415,0.03685304160439182,20.99734156468899,0.08491787134872184
375,3,midRight,lowC,5.209763644064617,0,0,0,0,0,0.23520843312200485,0.030086443289085954,17.14201321532978,0.06932607484584798
376,3,downRight,lowB,5.501869542243578,1,0,0,0,1,0.1920217403004435,0.02456226217375535,13.99456289117585,0.24020740077951797
377,3,downLeft,high,93.6283944576541,1,0,0,100,0,0.1567645694441786,0.020052377653796832,29.786047678102108,0.19610284596727726
378,3,midRight,lowC,5.284910830475136,1,0,1,0,0,0.1279809785838189,0.19998086229929732,24.31702229339012,0.1600963420430332
379,3,midLeft,lowA,5.872451298269044,0,0,0,0,0,0.10448235170322887,0.16326231460236645,19.852166343369976,0.13070100339001084
380,3,downRight,lowB,5.927185274043644,0,0,0,0,0,0.08529831493894696,0.13328567075298453,16.207103968973975,0.10670295191731399
381,3,midLeft,lowA,5.603960595345266,1,1,0,0,0,0.2532469729515858,0.10881304771000407,13.231312619383521,0.08711119006404498
382,3,downRight,lowB,5.622435207906437,1,0,0,0,1,0.20674821827820505,0.08883385051858242,10.80190723567874,0.2547269855168162
383,3,midLeft,lowA,6.282123759142321,0,0,0,0,0,0.1687871142664517,0.07252303987467783,8.818565722441921,0.20795648528066688
384,3,midRight,lowC,5.525073284917658,1,0,1,0,0,0.1377960602497704,0.242817370075122,7.199386155082184,0.16977353099258996
385,3,downLeft,high,50.79999330452225,0,0,0,0,0,0.11249528320262525,0.19823359799695744,5.87750464659877,0.1386013606971242
386,3,downRight,lowB,5.902724448713071,1,0,0,0,1,0.09183998961871587,0.16183586603652736,4.798334208869199,0.29676303006714944
387,3,midLeft,lowA,5.497787249430123,1,1,0,0,0,0.25858752872935,0.13212113284749447,3.917310587466413,0.2422742787490457
388,3,midRight,lowC,5.982583470349287,0,0,0,0,0,0.21110819296536232,0.10786233096787926,3.1980519844391613,0.1977902238364691
389,3,midLeft,lowA,6.438030839310643,0,0,0,0,0,0.17234655265894996,0.08805769517018605,2.6108566749592583,0.16147389994215242
390,3,midRight,lowC,5.668564946652714,1,0,1,0,0,0.1407019490631413,0.2554997025290085,2.131476477038796,0.1318256274591499
391,3,downLeft,high,18.578245407825147,1,0,0,100,0,0.11486762087630736,0.20858732348434622,20.101146212874706,0.10762108341486891
392,3,downLeft,high,132.43507879094722,1,0,0,100,0,0.0937767416417373,0.17028854079946915,34.771399356007464,0.08786074315465929
393,3,downRight,lowB,5.778739091987381,1,0,0,0,1,0.07655836523689172,0.13902180939480094,28.38701201482398,0.2553389129336902
394,3,downLeft,high,184.83534251024386,1,0,0,100,0,0.06250146022493777,0.1134959721697528,41.53589478700644,0.20845605651612825
395,3,midLeft,lowA,5.422410317990238,1,1,0,0,0,0.23463585575031715,0.09265694177649676,33.909476357082724,0.17018137579970016
396,3,downRight,lowB,6.101096226187429,1,0,0,0,1,0.19155429403625665,0.07564417216967226,27.683346963100874,0.3225446288738786
397,3,downLeft,high,180.22955352067208,0,0,0,0,0,0.15638295113247658,0.06175512242825247,22.600399104050275,0.26332211026122637
398,3,downRight,lowB,6.768684874685121,1,0,0,0,1,0.12766942932782124,0.050416245386018806,18.450732866339187,0.3985837644047318
399,3,downLeft,high,121.8753872614561,1,0,0,100,0,0.1042280061020448,0.04115930304852591,33.424018912159,0.3253996767063119
400,4,downRight,lowB,7.04188415600625,1,0,0,0,1,0.0850906698119043,0.03360203074364976,27.287024509102352,0.44926324976237886
401,4,downRight,lowB,7.938414319341196,1,0,0,0,1,0.06946714573000427,0.027432351533406764,22.276845537850278,0.5503841940344741
402,4,midLeft,lowC,5.611076013256165,0,0,0,0,0,0.05671226171495634,0.022395489022478836,18.186587070044926,0.44932798271538377
403,4,downRight,lowB,7.7533048699214735,1,0,0,0,1,0.04629930588088817,0.018283446387932847,14.847342218823092,0.5504370413500478
404,4,downLeft,high,99.07561893321508,0,0,0,0,0,0.03779827607345665,0.014926417167532543,12.121217142821624,0.4493711267190743
405,4,downLeft,high,81.75702553295253,1,0,0,100,0,0.030858122966266773,0.012185773115852916,28.256667519369348,0.36686195578969244
406,4,midLeft,lowC,5.329747914569854,1,1,0,0,0,0.20880256138806916,0.009948339562292349,23.06845209646822,0.29950231913759817
407,4,downLeft,high,151.23317336354984,0,0,0,0,0,0.17046425880542201,0.008121721872362628,18.832846504715008,0.24451060610989636
408,4,downLeft,high,124.39786217400088,1,0,0,100,0,0.1391652637635807,0.006630490018860406,33.735972547747394,0.19961593844207295
409,4,downRight,lowB,6.3592379524780265,1,0,0,0,1,0.11361308683771415,0.005413063705100554,27.541700241616,0.346574702407165
410,4,downRight,lowB,7.255316239825804,0,0,0,0,0,0.09275255298421643,0.004419169411631662,22.484760180707465,0.2829400145946811
411,4,downRight,lowB,6.971234471502502,1,0,0,0,1,0.0757222281741057,0.003607764355387011,18.35632644131429,0.4145996192835557
412,4,downRight,lowB,7.372140530671894,1,0,0,0,1,0.06181884654567999,0.002945341631335028,14.98591569187429,0.5220851634201147
413,4,midRight,lowA,5.2237017466814635,0,0,0,0,0,0.05046826909862606,0.0024045465475931002,12.234347097821855,0.4262249458248394
414,4,midRight,lowA,5.190816878219959,1,0,1,0,0,0.04120177467124427,0.1855733548959222,9.987994860477002,0.34796565229569987
415,4,midRight,lowA,6.161984481022506,0,0,0,0,0,0.03363670413864463,0.15150017406911193,8.154096049038515,0.2840755717459361
416,4,midRight,lowA,5.95370493163977,1,0,1,0,0,0.027460658535671374,0.3072934883446166,6.656919962989463,0.23191636855640813
417,4,downRight,lowB,6.411453538718526,0,0,0,0,0,0.022418598567342473,0.2508712363400671,5.434640839050818,0.18933413272329763
418,4,midRight,lowA,6.801103401134967,1,0,1,0,0,0.0183023127821491,0.3884189992776147,4.436784761374144,0.15457043432173379
419,4,midLeft,lowC,5.236020949466616,1,1,0,0,0,0.19855212737754324,0.3171012672337152,3.6221453453398573,0.12618970928673703
420,4,downRight,lowB,5.857658840692276,1,0,0,0,1,0.16209591013947489,0.2588782059277169,2.9570821232950095,0.2866302857935257
421,4,downRight,lowB,6.956996599058624,1,0,0,0,1,0.13233343017263738,0.2113454988338433,2.414131364209644,0.4176123186514189
422,4,midRight,lowA,6.436508047950531,1,0,1,0,0,0.10803564831579052,0.3561505946041024,1.9708719611637553,0.3409343922492489
423,4,midRight,lowA,7.311554975561889,1,0,1,0,0,0.08819918966648634,0.4743679821573559,1.6089995535819357,0.27833532352140006
424,4,midLeft,lowC,5.59257373886781,1,1,0,0,0,0.2556152171772797,0.3872691309049132,1.3135706501695796,0.22723008907568817
425,4,midLeft,lowC,6.567890046515962,1,1,0,0,0,0.39229193633272874,0.31616252654694715,1.0723855386694894,0.18550830246084554
426,4,downRight,lowB,6.238868039718262,1,0,0,0,1,0.3202630931237389,0.25811182770746605,0.875484499748062,0.33505737381191314
427,4,midLeft,lowC,7.136179799253429,0,0,0,0,0,0.2614594879926096,0.21071983555456544,0.7147365212049379,0.2735373862487614
428,4,downRight,lowB,6.569688826259748,1,0,0,0,1,0.2134528309040753,0.17202950167191708,0.5835035284932439,0.40692341042311386
429,4,downRight,lowB,7.622494465016618,1,0,0,0,1,0.17426069090386814,0.14044311190545125,0.47636626597739007,0.5158183856318916
430,4,midLeft,lowC,6.145048009425528,1,1,0,0,0,0.32587493967582976,0.11465630888883163,0.38890050921751873,0.421108813035729
431,4,downLeft,high,7.490280317606065,1,0,0,100,0,0.2660409416714944,0.09360422871334077,18.67852515500981,0.34378889422315423
432,4,midLeft,lowC,6.697413700001994,1,1,0,0,0,0.4008033903426861,0.0764175274603914,15.248955400549558,0.28066570950903186
433,4,midLeft,lowC,7.736039412469454,1,1,0,0,0,0.5108220643226645,0.062386481715941855,12.449090004602528,0.2291325921746511
434,4,downLeft,high,83.57216094201812,1,0,0,100,0,0.4170298678203577,0.050931680600512494,28.524339544053085,0.18706148638006478
435,4,downLeft,high,185.79322923987596,1,0,0,100,0,0.34045888539460395,0.04158009904459409,41.64800756631335,0.15271506927328482
436,4,downLeft,high,268.9206468964271,1,0,0,100,0,0.27794712462673565,0.03394556425732508,52.36203486248829,0.12467500838606405
437,4,midRight,lowA,5.2658448915096665,0,0,0,0,0,0.22691316749959187,0.02771280875286898,42.747825520150684,0.10178339171132669
438,4,downLeft,high,275.7787813436569,1,0,0,100,0,0.18524957095291017,0.022624451405528358,53.25991490320933,0.08309491182211441
439,4,midRight,lowA,5.178628930702478,1,0,1,0,0,0.15123584019556302,0.2020806767975827,43.480845530155406,0.06783782947917416
440,4,downRight,lowB,5.328532507034632,1,0,0,0,1,0.12346738101472815,0.16497658151413025,35.497314095470195,0.2389924126028205
441,4,midLeft,lowC,5.770755322109688,1,1,0,0,0,0.28440780505369145,0.13468518058929044,28.97964132547915,0.19511094214377406
442,4,midRight,lowA,5.873189856176364,1,0,1,0,0,0.23218760040423844,0.2935659009946295,23.65868045944885,0.15928656198595104
443,4,downLeft,high,154.87066680091556,1,0,0,100,0,0.1895555636080409,0.23966417552986402,37.67573364427361,0.13003990729852483
444,4,midLeft,lowC,6.460137757322872,1,1,0,0,0,0.33836151609380016,0.1956593624729606,30.758080590234428,0.10616323988272415
445,4,downRight,lowB,5.6577976000683154,1,0,0,0,1,0.276234853948991,0.15973428668964784,25.110579943256095,0.2702808826025379
446,4,downLeft,high,164.1105233524284,0,0,0,0,0,0.22551528736816223,0.13040542513153028,20.500018628823337,0.22065452653374154
447,4,midLeft,lowC,6.406803040843107,0,0,0,0,0,0.18410835602279202,0.10646164487387576,16.736003896834326,0.18014008098171155
448,4,midLeft,lowC,6.066045608759637,1,1,0,0,0,0.3339144719703665,0.08691418948114611,13.663101068651594,0.14706450525108722
449,4,midRight,lowA,5.84600239837806,0,0,0,0,0,0.27260433296621805,0.07095584839135091,11.154414874837569,0.12006194616367918
450,4,midRight,lowA,5.4580541695084115,0,0,0,0,0,0.22255136746080192,0.05792762322231098,9.106349325444658,0.09801733526386464
451,4,downRight,lowB,5.723204188400657,1,0,0,0,1,0.18168864236215454,0.04729151448769163,7.434329722134702,0.26363065003871033
452,4,midRight,lowA,5.368615606854566,1,0,1,0,0,0.1483287347996956,0.2222186128327286,6.069310152970293,0.2152253452184336
453,4,downLeft,high,43.52660009256825,1,0,0,100,0,0.12109405013563627,0.18141698491379032,23.315953035187228,0.17570775331924496
454,4,midLeft,lowC,5.84493386471623,0,0,0,0,0,0.09885993430776627,0.14810695645906352,19.034903719875167,0.14344599863535223
455,4,downRight,lowB,5.907609377215595,1,0,0,0,1,0.0807082313324965,0.12091299258440882,15.539899187398065,0.30071814254197105
456,4,downLeft,high,103.60688537845854,0,0,0,0,0,0.06588936812906677,0.09871212078926372,12.686613513171936,0.24550319180466432
457,4,midRight,lowA,5.6831889822820285,1,0,1,0,0,0.05379140096085402,0.26419786577988014,10.357220500060759,0.20042627517182704
458,4,midLeft,lowC,5.441188322402293,1,1,0,0,0,0.227525053149367,0.21568841430273267,8.455528055261016,0.16362594508023715
459,4,midRight,lowA,6.365089816957215,1,0,1,0,0,0.1857491080901426,0.35969610602665114,6.903005945744491,0.13358253492685873
460,4,midRight,lowA,7.427366696497521,1,0,1,0,0,0.1516436571652306,0.47726250113601754,5.6355428987471825,0.10905540456151461
461,4,downLeft,high,40.90481427739731,1,0,0,100,0,0.12380031858503628,0.38963218636273755,22.96182992006039,0.08903170815397023
462,4,downRight,lowB,5.507061889117764,1,0,0,0,1,0.10106930397396534,0.3180917006646223,18.745801258944276,0.2562948766889607
463,4,midRight,lowA,7.094153685986201,1,0,1,0,0,0.08251193795406349,0.44329709345168533,15.303878918327632,0.2092364954719712
464,4,downRight,lowB,6.577665496596868,0,0,0,0,0,0.0673618956225222,0.36190317764060365,12.493928998371503,0.17081851811857907
465,4,midLeft,lowC,5.397816191755002,1,1,0,0,0,0.23860386510811904,0.29545402377117336,10.19991484834659,0.13945447741517955
466,4,downRight,lowB,5.985517272850054,0,0,0,0,0,0.19479373597420085,0.24120561950209096,8.32710534268939,0.11384919788169975
467,4,downLeft,high,57.86877033159774,1,0,0,100,0,0.15902759813883466,0.1969177814428668,25.159193754991463,0.09294531160672193
468,4,midRight,lowA,6.3793973679216345,1,0,1,0,0,0.12982849188310733,0.34437195484529226,20.53970644361874,0.07587959432658639
469,4,downLeft,high,135.2664753564085,1,0,0,100,0,0.1059906425168221,0.2811417141908263,35.12943540776055,0.06194731865045377
470,4,downLeft,high,227.48956633862227,0,0,0,0,0,0.0865296680118834,0.2295211974902688,28.679308956882455,0.050573152400688305
471,4,midLeft,lowC,5.560662376328219,0,0,0,0,0,0.0706419290274461,0.18737873975403802,23.413492209516598,0.04128740031792337
472,4,midLeft,lowC,5.496670631722951,1,1,0,0,0,0.24128165056970738,0.15297407165758678,19.114533696375535,0.03370660803397453
473,4,downLeft,high,126.25902924589613,1,0,0,100,0,0.1969798524227497,0.1248864552628426,33.96593906742121,0.027517727355257725
474,4,downLeft,high,220.21509079464212,0,0,0,0,0,0.1608123210732034,0.10195601476195962,27.729442537810357,0.022465188963394212
475,4,midRight,lowA,5.6902406985694505,1,0,1,0,0,0.1312855212900157,0.26684614738151846,22.638031056095432,0.01834034870123752
476,4,downLeft,high,148.56108170120834,0,0,0,0,0,0.10718014630573744,0.21785044410414062,18.4814552040832,0.014972871629572245
477,4,downRight,lowB,5.0208264510058,1,0,0,0,1,0.08750076664389128,0.17785085699033124,15.088069523986526,0.19583400594006017
478,4,midLeft,lowC,5.5991417189559956,1,1,0,0,0,0.255045031820894,0.14519560638157109,12.317744433368818,0.15987686381598398
479,4,midLeft,lowC,6.677588625846842,1,1,0,0,0,0.3918264428851778,0.11853619639099194,10.056079585567794,0.13052182362780315
480,4,midRight,lowA,5.8591464152198744,1,0,1,0,0,0.31988306907140907,0.2803820367569338,8.209679716793444,0.10655667140641117
481,4,midLeft,lowC,7.1771067556217405,1,1,0,0,0,0.44475954815377505,0.228901004663903,6.702297896394796,0.0869917681627859
482,4,downLeft,high,47.410105456538865,1,0,0,100,0,0.3630971105845817,0.18687242072346635,23.832717704157137,0.07101918282736988
483,4,downLeft,high,155.75626193926627,1,0,0,100,0,0.2964287383197193,0.152560718020104,37.817815856898385,0.05797932880303308
484,4,downLeft,high,244.5913260338744,0,0,0,0,0,0.24200136641228304,0.12454899761400146,30.87407504405486,0.04733372639081822
485,4,downRight,lowB,5.283813928126149,1,0,0,0,1,0.19756742101788374,0.10168051781591875,25.205276619698154,0.22225307419532586
486,4,midRight,lowA,5.5992245882605225,1,0,1,0,0,0.16129200601768412,0.2666212345145602,20.577328019348634,0.18144511881499112
487,4,midLeft,lowC,6.203278185738934,1,1,0,0,0,0.3152874390143999,0.2176668275579308,16.799118486363238,0.14812992468600295
488,4,downRight,lowB,5.878094687867775,1,0,0,0,1,0.2573974152661919,0.1777009543347029,13.714627168965368,0.3045420514883735
489,4,downLeft,high,91.97791671143455,0,0,0,0,0,0.21013659660158712,0.14507322739869472,11.196480252008863,0.24862499165211177
490,4,midRight,lowA,5.789938971162009,0,0,0,0,0,0.17155335140266284,0.11843628745083958,9.140691065762432,0.20297488038814415
491,4,midRight,lowA,5.893830106357853,1,0,1,0,0,0.14005438773373205,0.28030047212804277,7.462365964939586,0.16570660010812108
492,4,midLeft,lowC,6.02255084649364,1,1,0,0,0,0.29794926636220737,0.22883441614163477,6.092198652601967,0.1352811602444803
493,4,midLeft,lowC,6.915621799916024,1,1,0,0,0,0.4268530177129944,0.18681805854027309,4.973608182330105,0.1104421447615945
494,4,midRight,lowA,6.059844508455175,1,0,1,0,0,0.3484784037110998,0.336126645174349,4.060402452696769,0.09016382855896354
495,4,midRight,lowA,7.236432086647742,1,0,1,0,0,0.2844941767160884,0.45802063624737793,3.314870708239413,0.0736088202375906
496,4,downLeft,high,25.90771718639348,1,0,0,100,0,0.23225811333911056,0.3739233262104911,21.067257064940875,0.06009348209106498
497,4,midLeft,lowC,6.335765380775074,1,1,0,0,0,0.3732234375214767,0.30526714916137754,17.199091509054814,0.049059699342728545
498,4,downRight,lowB,5.364894294970656,0,0,0,0,0,0.30469576725003494,0.2492169539181323,14.04116102181675,0.0400518328418979
499,4,downRight,lowB,5.346564102592875,1,0,0,0,1,0.24875048361544855,0.2034581522802472,11.46305912360488,0.21630821136287398
500,5,downRight,lowB,6.503189065094228,1,0,0,0,1,0.20307733073345619,0.1661011382993252,9.358323308670336,0.3602021019577566
501,5,downRight,lowB,7.3500587178691985,1,0,0,0,1,0.16579023951398794,0.13560325715692695,7.6400386847225015,0.47767559099842655
502,5,downLeft,lowC,53.42979330240243,0,0,0,0,0,0.13534944259328505,0.11070510136077955,6.237248829603621,0.3899694286683274
503,5,downLeft,lowC,44.72187706495307,1,0,0,1,0,0.11049788976731242,0.09037850361601307,5.275635959554647,0.31836702180665255
504,5,downRight,lowB,7.113785788911898,0,0,0,0,0,0.0902093382070188,0.07378407874132106,4.306974816756726,0.2599115549138164
505,5,downLeft,lowC,32.31407375613771,1,0,0,1,0,0.07364597384515492,0.06023656132696686,3.699780152499806,0.21218911429445736
506,5,downLeft,lowC,28.661732120803286,1,0,0,1,0,0.060123813913305554,0.04917650775607521,3.204072687490342,0.17322900569001554
507,5,downLeft,lowC,25.555485451477384,0,0,0,0,0,0.04908446192974896,0.04014719402650698,2.615771914869556,0.14142237462148305
508,5,midLeft,high,5.477512344242216,1,100,0,0,0,18.4011028367872,0.0327757553707721,2.135489228235859,0.1154557688760772
509,5,midRight,lowA,5.482337411173872,1,0,1,0,0,15.02247067958865,0.2103680967163821,1.7433913935645258,0.09425689960619024
510,5,downLeft,lowC,16.013624360482925,1,0,0,1,0,12.264190212987424,0.171742345710106,1.6068970709166188,0.0769503612496603
511,5,midRight,lowA,6.1512697244518435,1,0,1,0,0,10.012358472078915,0.32381898861844305,1.3118542049937545,0.06282148172911409
512,5,downLeft,lowC,13.209364051091404,1,0,0,1,0,8.173986250413126,0.2643624844207412,1.2545945584011022,0.05128681012733826
513,5,downRight,lowB,5.178445213766915,0,0,0,0,0,6.6731581183658815,0.2158228072642624,1.0242380652681957,0.04187002312966201
514,5,midRight,lowA,6.2929371573517585,1,0,1,0,0,5.447897501719165,0.3598058230551374,0.8361773987616358,0.034182255291871785
515,5,downLeft,lowC,10.402728552207567,1,0,0,1,0,4.4476073641284914,0.29374176510687866,0.8662569170127544,0.02790604087369007
516,5,midLeft,high,33.20880295154378,1,100,0,0,0,21.992011594694922,0.23980774917831804,0.7072032177766507,0.022782204117153135
517,5,midLeft,high,144.40741496563825,0,0,0,0,0,17.954051574887067,0.1957765745196185,0.5773534172267799,0.01859915660501206
518,5,midLeft,high,118.91489123373111,0,0,0,0,0,14.657502637524255,0.1598299773963316,0.4713453785340593,0.015184159734452902
519,5,midLeft,high,97.98995118092799,0,0,0,0,0,11.966234065492923,0.13048354603809853,0.38480150846349,0.012396191490707184
520,5,midLeft,high,81.03785778145014,0,0,0,0,0,9.769110144560692,0.10652542197673713,0.31414798502172586,0.010120122954555964
521,5,midLeft,high,67.08942320164219,1,100,0,0,0,26.336431611226384,0.0869662564505154,0.25646717677192815,0.008261964063084009
522,5,downLeft,lowC,6.558593220341456,1,0,0,1,0,21.50079129462209,0.07099835532844391,0.3929874673639022,0.006744982297765633
523,5,downRight,lowB,5.082712996888409,1,0,0,0,1,17.553024385347634,0.05796232544759729,0.32083091748813836,0.18911684190167113
524,5,downLeft,lowC,7.024683744696992,1,0,0,1,0,14.330108173724504,0.04731984502670899,0.4455333618308849,0.15439304033476567
525,5,downRight,lowB,6.00706494433968,0,0,0,0,0,11.698952599989731,0.03863143371250947,0.3637288440941955,0.12604488666433225
526,5,downRight,lowB,5.975312084254254,1,0,0,0,1,9.550904311229223,0.03153830427470033,0.2969444790451346,0.28651205409740865
527,5,downRight,lowB,6.787960678257158,1,0,0,0,1,7.797259830109665,0.02574754651680175,0.24242241182431845,0.4175157955134271
528,5,midLeft,high,54.67200317607489,1,100,0,0,0,24.726633340105472,0.02102003157369085,0.19791115815218377,0.3408555917543413
529,5,downLeft,lowC,6.462420821596071,0,0,0,0,0,20.186568579686774,0.017160537104793,0.16157262947092543,0.2782709916096236
530,5,downRight,lowB,6.766138426018116,1,0,0,0,1,16.480106507724805,0.014009685603591589,0.13190622922874806,0.4107878770462846
531,5,midRight,lowA,5.184360690382738,1,0,1,0,0,13.454189077942225,0.19504767079685575,0.10768688586873545,0.335362988468344
532,5,downRight,lowB,7.145615965213016,0,0,0,0,0,10.983861279062221,0.1592349079105204,0.08791446359971213,0.2737868869040323
533,5,midLeft,high,74.56233547375504,1,100,0,0,0,27.32814191592421,0.12999773744378726,0.07177246187104239,0.2235167923060091
534,5,midRight,lowA,5.915019784074365,0,0,0,0,0,22.310413364946335,0.10612881284799822,0.058594298049577144,0.182476805254298
535,5,downLeft,lowC,5.421824095815493,1,0,0,1,0,18.213991498073003,0.08664246884601236,0.2314460888249125,0.1489721828605528
536,5,midRight,lowA,5.83422235977636,1,0,1,0,0,14.869714911383653,0.25434432634593657,0.18895020119809175,0.12161935449993454
537,5,midRight,lowA,6.71377110550752,1,0,1,0,0,12.13948197841303,0.3912543941582107,0.15425699658207587,0.09928878737600488
538,5,downLeft,lowC,5.965962396884982,1,0,0,1,0,9.910547954849928,0.3194160543873229,0.30954412982720403,0.08105834255684044
539,5,downLeft,lowC,7.3029320276846335,1,0,0,1,0,8.090869193598,0.26076797429937343,0.4363189447273536,0.0661751953237166
540,5,midLeft,high,56.2817916141315,1,100,0,0,0,24.96633299796719,0.21288828625295764,0.3562062889519806,0.054024747336293644
541,5,midLeft,high,163.1018068212162,1,100,0,0,0,38.74328769759422,0.17379980246995436,0.2908031425686279,0.04410524684472432
542,5,downLeft,lowC,6.9860426529846995,1,0,0,1,0,31.629620715146032,0.14188836722892026,0.42101899590930436,0.03600706889243028
543,5,midRight,lowA,5.892853568860049,1,0,1,0,0,25.82209631750269,0.29944650831763797,0.3437155684469654,0.02939579988722596
544,5,downRight,lowB,5.310807123124914,0,0,0,0,0,21.08089326253268,0.2444650427317721,0.28060584710118464,0.02399842801954633
545,5,downRight,lowB,5.262472421707439,1,0,0,0,1,17.21022396020847,0.19957874096983416,0.22908372112193914,0.2032023771424806
546,5,midLeft,high,114.0382175600265,1,100,0,0,0,32.411280228211126,0.16293402689401124,0.1870215885563877,0.16589232611335206
547,5,downLeft,lowC,6.325456387771938,0,0,0,0,0,26.46023508671638,0.1330176600518337,0.15268249710129683,0.13543278504070946
548,5,downLeft,lowC,6.051586269160601,1,0,0,1,0,21.60186317586072,0.10859424653620675,0.30825872468084814,0.11056592968230575
549,5,downLeft,lowC,7.20909878781789,1,0,0,1,0,17.635538427354007,0.0886552234956706,0.43526955321567096,0.09026488529227206
550,5,midLeft,high,116.70347341015943,1,100,0,0,0,32.75850257509815,0.07237721061443858,0.3553495765388449,0.07369132191298297
551,5,midRight,lowA,5.591976517328186,0,0,0,0,0,26.743703831588576,0.05908800869000817,0.2901037313854329,0.06016083560843792
552,5,downRight,lowB,5.5470750941389735,1,0,0,0,1,21.83328413721251,0.048238841222405175,0.23683769594854565,0.2327249939402849
553,5,midRight,lowA,5.416810124678089,0,0,0,0,0,17.82446811474205,0.03938169273377311,0.19335185367778532,0.189994286151481
554,5,downRight,lowB,6.181404712026311,1,0,0,0,1,14.55171203639265,0.03215080800607982,0.15785046029479105,0.33871968465596525
555,5,midLeft,high,97.3493900716779,1,100,0,0,0,30.240898497230436,0.026247588249484855,0.12886748868102607,0.2765272590711839
556,5,downRight,lowB,6.6902466535670095,1,0,0,0,1,24.688357813578715,0.021428260489883038,0.10520608940854888,0.4093643117760886
557,5,midLeft,high,161.47830010006905,1,100,0,0,0,38.51635162239438,0.01749381098399752,0.08588916694136862,0.33420080445569633
558,5,midRight,lowA,5.284674694496357,1,0,1,0,0,31.444352442582773,0.197892074843472,0.07011903055568616,0.27283809185576036
559,5,midRight,lowA,6.300153334187278,1,0,1,0,0,25.670845209505213,0.34516735793464665,0.057244453767092314,0.2227422058086656
560,5,midLeft,high,167.51780614801547,0,0,0,0,0,20.957413417041845,0.28179107307405543,0.04673378198648004,0.1818444408222116
561,5,downLeft,lowC,5.230333596698326,1,0,0,1,0,17.109416287165214,0.23005132738902348,0.22176328576777926,0.14845592705653432
562,5,midRight,lowA,6.432757692545165,0,0,0,0,0,13.96795109502753,0.18781153233886583,0.18104526059142254,0.12119788858303684
563,5,downRight,lowB,5.93208789615805,1,0,0,0,1,11.403291294013318,0.15332739906266607,0.14780348455397224,0.2825550148261149
564,5,midRight,lowA,5.9258103501437756,1,0,1,0,0,9.309529468671414,0.30878521599453784,0.12066524124924435,0.23067500156078474
565,5,midRight,lowA,6.993188306111459,0,0,0,0,0,7.600203896708441,0.2520890674169128,0.09850985915302655,0.18832069350393305
566,5,midRight,lowA,6.564646081938227,1,0,1,0,0,6.204728119281166,0.38941322401549466,0.08042243358469978,0.15374307298945464
567,5,midRight,lowA,7.63971095421092,1,0,1,0,0,5.065476078986737,0.5015232499416159,0.06565604579373449,0.12551426002340588
568,5,downRight,lowB,5.748482807921337,1,0,0,0,1,4.135402456563965,0.4094384116107347,0.053600919011347434,0.28607885597739224
569,5,midRight,lowA,7.700383899459757,1,0,1,0,0,3.3760999383055337,0.5178716066771343,0.04375923776900985,0.23355182915335496
570,5,downLeft,lowC,5.321707831238594,1,0,0,1,0,2.7562131891987782,0.42278504153270846,0.2193348985298822,0.19066930589651304
571,5,midLeft,high,22.597832940289205,1,100,0,0,0,20.611174824970906,0.3451573498897257,0.1790627502819282,0.15566045593754166
572,5,midLeft,high,135.5581366083264,1,100,0,0,0,35.18778145760895,0.2817829026093437,0.14618498357277993,0.12707959169807032
573,5,midRight,lowA,6.993968976127311,1,0,1,0,0,28.726942070554593,0.41365496498609805,0.11934391373151323,0.1037464687410918
574,5,downRight,lowB,5.787856429561187,1,0,0,0,1,23.452379392522097,0.3377036495088086,0.09743114098763668,0.26830785555429676
575,5,midRight,lowA,7.138029350995076,1,0,1,0,0,19.1462807917368,0.45930808633045894,0.07954177919377314,0.219043767589284
576,5,downLeft,lowC,5.600540190107515,1,0,0,1,0,15.630826280804383,0.3749743871874372,0.24854739650690705,0.17882507398296674
577,5,downRight,lowB,6.296767227803902,1,0,0,0,1,12.760845454963263,0.30612522450874563,0.2029115325114405,0.3296012549724917
578,5,midLeft,high,85.9268939363092,1,100,0,0,0,28.778853480189742,0.2499174777867857,0.16565488355456257,0.26908306706927737
579,5,downLeft,lowC,6.024596170844487,1,0,0,1,0,23.49475933225164,0.20403005274569966,0.3188492472634883,0.2196766422793267
580,5,midLeft,high,153.93627033142627,1,100,0,0,0,37.54191012570916,0.1665680319442391,0.26030523880605483,0.17934174635632105
581,5,downRight,lowB,6.184067725653219,1,0,0,0,1,30.64882844911521,0.13598442431595087,0.2125105137660344,0.33002306097230116
582,5,midLeft,high,199.14053619966464,1,100,0,0,0,43.38241840942886,0.11101628230038124,0.17349139290566376,0.26942742513959606
583,5,downRight,lowB,6.797193061240766,1,0,0,0,1,35.41695920868401,0.09063254852748803,0.14163658483968228,0.4035680805385782
584,5,midRight,lowA,5.5649401198058035,1,0,1,0,0,28.91404042419546,0.2576017862686298,0.11563064789016177,0.3294688210202503
585,5,downLeft,lowC,5.848738112159752,0,0,0,0,0,23.605124559847077,0.21030344298134557,0.09439966903065695,0.2689749493557808
586,5,midRight,lowA,6.371405690272431,1,0,1,0,0,19.27098037186202,0.35529987094751025,0.0770669167361448,0.21958837609249257
587,5,midRight,lowA,7.2153384828901705,1,0,1,0,0,15.732629732630276,0.4736734601332716,0.06291663642684003,0.17926968675122695
588,5,downLeft,lowC,5.380902129480747,0,0,0,0,0,12.843956743656133,0.38670213028350064,0.05136449344171849,0.14635392437323907
589,5,midLeft,high,86.4974911208705,1,100,0,0,0,28.846704679577385,0.31569963308420046,0.041933442986771735,0.11948183525958654
590,5,downRight,lowB,5.835299155463455,1,0,0,0,1,23.550152352029677,0.25773392625593,0.03423403060949187,0.2811540465817222
591,5,downLeft,lowC,5.33672761877803,1,0,0,1,0,19.22610162804683,0.21041132070489432,0.2115586175895464,0.22953126552707542
592,5,midLeft,high,126.8042223997958,0,0,0,0,0,15.695991188784271,0.17177763332877968,0.17271427467921074,0.18738695919550682
593,5,midRight,lowA,6.053297620135792,0,0,0,0,0,12.814045414125978,0.1402374891863426,0.14100215353004764,0.1529807819248769
594,5,downRight,lowB,5.975526916825784,1,0,0,0,1,10.461254590446865,0.1144884406204857,0.11511270470861801,0.3085022413361347
595,5,midLeft,high,71.39214786880268,0,0,0,0,0,8.54046041428129,0.09346718278942917,0.09397682555614092,0.25185804982266136
596,5,downRight,lowB,6.6119491738140015,1,0,0,0,1,6.972343848176057,0.07630564458076294,0.0767217116821698,0.3892246236328495
597,5,midRight,lowA,5.615906424731054,1,0,1,0,0,5.692149647565518,0.24590544956653357,0.06263481457910722,0.3177589706530495
598,5,downRight,lowB,7.095498600691648,0,0,0,0,0,4.647012298275585,0.20075467426219226,0.05113441699021528,0.2594151482197333
599,5,midLeft,high,34.45177787536013,1,100,0,0,0,22.154803727490425,0.16389404671251284,0.041745610943365014,0.2117838529863087
600,6,downRight,high,6.4615110819805865,0,0,0,0,0,18.086953394059506,0.1338014103358891,0.03408068646540484,0.172898154535428
601,6,downLeft,lowA,5.316462199021259,1,0,0,1,0,14.766002312760596,0.10923409218930549,0.21143342901096684,0.14115227114925188
602,6,downLeft,lowA,6.391858932126497,1,0,0,1,0,12.054812081954212,0.08917758689140803,0.35622237989433236,0.11523525918554191
603,6,downRight,high,5.784319780620102,0,0,0,0,0,9.8414243241481,0.07280366270625929,0.29081627904810037,0.09407687776782472
604,6,midRight,lowC,5.691574756175014,1,0,1,0,0,8.034437374011135,0.2430464676621986,0.2374194125154914,0.07680339327646224
605,6,midRight,lowC,6.664870830593031,0,0,0,0,0,6.559231854124404,0.19842063090553627,0.1938267610867751,0.06270149859072346
606,6,downLeft,lowA,6.107132055574345,1,0,0,1,0,5.354889273930711,0.1619885577751783,0.34184847768844673,0.051188857129927975
607,6,midLeft,lowB,39.05747639010519,1,1,0,0,0,4.555286713559916,0.13224578880900092,0.27908157345167794,0.04179005531226402
608,6,downLeft,lowA,6.795838245679474,1,0,0,1,0,3.7188891176003898,0.1079640988099144,0.4114496277067572,0.034116970390046755
609,6,midRight,lowC,5.639693042261945,0,0,0,0,0,3.0360627417452895,0.08814077738741281,0.3359032348863073,0.027852742952789066
610,6,midLeft,lowB,24.05863105272687,1,1,0,0,0,2.662220634869941,0.07195722211450581,0.27422793851086213,0.02273869224391814
611,6,downRight,high,5.271785339524089,1,0,0,0,100,2.1734094844563296,0.05874513440785422,0.22387686229151782,18.379594421984727
612,6,downRight,high,121.35934563568863,0,0,0,0,0,1.7743490998654583,0.047958922192761724,0.18277076267890902,15.004911431450076
613,6,downRight,high,100.146037069699,0,0,0,0,0,1.4485603153521258,0.039153169723344025,0.14921216667192733,12.249855023805718
614,6,midRight,lowC,5.253340160455017,1,0,1,0,0,1.1825897098672171,0.2155745520561984,0.12181527480981631,10.000655371396384
615,6,midRight,lowC,6.402091315266409,1,0,1,0,0,0.9654540491424877,0.35960315006225896,0.09944873469746927,8.164431959650067
616,6,downRight,high,56.78535501305027,1,0,0,0,100,0.7881867339352062,0.2935763049646216,0.08118892190136613,25.02638888189591
617,6,downLeft,lowA,5.628789343162294,1,0,0,1,0,0.6434675250502382,0.2396726692237227,0.2498921068348362,20.431285914160263
618,6,midRight,lowC,6.57856477121679,1,0,1,0,0,0.5253202546648247,0.3792766045173199,0.20400934016204883,16.679891217071983
619,6,midRight,lowC,7.240600429903513,1,0,1,0,0,0.42886604097008746,0.49324781827036596,0.16655112240444941,13.6172912552964
620,6,midLeft,lowB,7.549348216503772,0,0,0,0,0,0.3501218151481879,0.4026824344964849,0.13597061954196807,11.11701621541646
621,6,downRight,high,75.53889805757984,1,0,0,0,100,0.2858358408732389,0.32874578872061866,0.11100501222519965,27.436848233418676
622,6,downLeft,lowA,5.626289631009644,1,0,0,1,0,0.23335343412729476,0.2683846732392919,0.27423365563452545,22.399160082017115
623,6,downLeft,lowA,6.789447061279202,1,0,0,1,0,0.19050733824226967,0.21910648075548653,0.4074918375725902,18.286443403099057
624,6,downLeft,lowA,7.785027740447772,1,0,0,1,0,0.15552822721416054,0.17887627236541465,0.5162824436974451,14.928863899821362
625,6,midRight,lowC,6.059360426552412,0,0,0,0,0,0.1269716415312998,0.14603274492393029,0.42148766525699194,12.187770602872886
626,6,downRight,high,82.33916432448176,1,0,0,0,100,0.10365833933767774,0.11921962766785016,0.34409818527143,28.311001078130104
627,6,midRight,lowC,5.928363169630405,1,0,1,0,0,0.08462559973753181,0.2809399830066331,0.28091821153270913,23.112809453776684
628,6,downRight,high,151.54801678055017,1,0,0,0,100,0.0690874673151732,0.22935650623091436,0.2293387322240206,37.230090182015815
629,6,midLeft,lowB,5.652288427607688,1,1,0,0,0,0.24001260405101296,0.18724428750751881,0.1872297769915031,30.3942618612866
630,6,midLeft,lowB,6.615462015171625,1,1,0,0,0,0.37955412380631215,0.15286430622944616,0.15285245999374358,24.813562083142976
631,6,midRight,lowC,5.9706958428136385,0,0,0,0,0,0.3098640742770185,0.12479684389875749,0.12478717275403949,20.257536309451517
632,6,downLeft,lowA,5.848385886002944,1,0,0,1,0,0.252969836197988,0.10188285696802374,0.28548526942541,16.53804383077788
633,6,downRight,high,110.13296127764471,1,0,0,0,100,0.20652196668926026,0.08317611423240592,0.23306723121093578,31.862519299296274
634,6,downRight,high,206.95633852212225,1,0,0,0,100,0.16860240480141148,0.06790412228991144,0.19027368513149961,44.37326310893674
635,6,downLeft,lowA,6.282899341551523,1,0,0,1,0,0.13764526534647462,0.05543622548992299,0.33894778310324125,36.22587460785375
636,6,downRight,high,234.57137181493897,1,0,0,0,100,0.11237217579795039,0.04525756305999954,0.2767134762923286,47.935461405899076
637,6,midRight,lowC,5.45364709586699,1,0,1,0,0,0.09173948600251569,0.22055811585288848,0.22590602971568127,39.13401657878034
638,6,midLeft,lowB,5.36452480966175,1,1,0,0,0,0.2585054786130634,0.18006137229565286,0.18442735404758123,31.948607746159865
639,6,midRight,lowC,6.226908439515522,1,0,1,0,0,0.2110412080961887,0.3306105561713537,0.15056459078936588,26.082514041542268
640,6,midLeft,lowB,6.563557286861388,0,0,0,0,0,0.17229186690222864,0.2699070501642724,0.1229193799186673,21.293495608083877
641,6,downLeft,lowA,5.738739256726557,0,0,0,0,0,0.14065730417504824,0.2203493335845616,0.10035011472735199,17.38379032363695
642,6,midRight,lowC,6.550485179089879,1,0,1,0,0,0.11483117324986235,0.36350123248413846,0.08192479926644497,14.191947230188346
643,6,downRight,high,94.87730316833233,1,0,0,0,100,0.09374698617520535,0.29675865927287726,0.06688256165010573,29.94719021785778
644,6,midLeft,lowB,5.689386431403076,1,1,0,0,0,0.2601443810609759,0.24227071047765553,0.054602233913710344,24.44857740180865
645,6,midLeft,lowB,6.687487445950398,1,1,0,0,0,0.39598949904129943,0.19778731073648748,0.04457670093386483,19.95956657782856
646,6,downLeft,lowA,5.4127812659109225,1,0,0,1,0,0.32328174520498243,0.1614715217173553,0.2200022670313574,16.29478441331721
647,6,midLeft,lowB,7.201589370432708,0,0,0,0,0,0.26392388443583265,0.13182368590094,0.17960758304737798,13.302894030345819
648,6,downLeft,lowA,6.271386259369876,1,0,0,1,0,0.21546473875761918,0.1076194983467597,0.3302400873066673,10.860345561735748
649,6,midLeft,lowB,6.426796719772953,1,1,0,0,0,0.3595134996172412,0.08785944912139362,0.2696046032018911,8.866274169459594
650,6,midLeft,lowB,7.35250045607184,1,1,0,0,0,0.47711342314566024,0.07172754861802581,0.22010241900206057,7.2383348394544536
651,6,downRight,high,50.835944434316886,1,0,0,0,100,0.3895104806280879,0.05855763133277485,0.17968934608390552,24.270332739066422
652,6,midRight,lowC,5.477375814968203,1,0,1,0,0,0.31799234135738247,0.23141615449527125,0.14669652992663973,19.814049472490446
653,6,downLeft,lowA,5.858179747590672,1,0,0,1,0,0.2596056696571935,0.18892576311993214,0.3033718427820909,16.175985748492067
654,6,downRight,high,107.37227379343364,1,0,0,0,100,0.21193939272397902,0.15423704558697116,0.24766964532667388,31.56693881296949
655,6,midLeft,lowB,6.317948136133023,1,1,0,0,0,0.35663544345422216,0.12591753416020798,0.2021949454956522,25.770923458683303
656,6,midLeft,lowB,7.21631688042753,1,1,0,0,0,0.47476380776082977,0.10279777694553091,0.16506986930136613,21.03911626807623
657,6,downLeft,lowA,6.062215399473827,0,0,0,0,0,0.38759227884746633,0.08392304547115723,0.1347613397771905,17.176117652566482
658,6,midLeft,lowB,7.508364861081032,1,1,0,0,0,0.5000366490765223,0.06851390925395023,0.11001776869034623,14.022405402191438
659,6,midLeft,lowB,8.358008326892778,1,1,0,0,0,0.591835073868421,0.05593404928175326,0.08981737230881418,11.447747229073457
660,6,midRight,lowC,5.301449744321204,1,0,1,0,0,0.48316805374111266,0.2292742891523868,0.0733259769261982,9.345822835808058
661,6,midRight,lowC,6.577885453939854,0,0,0,0,0,0.3944534186358082,0.18717716633209272,0.059862571727159204,7.629833427531115
662,6,downLeft,lowA,5.530918421332274,1,0,0,1,0,0.32202770499567224,0.15280950919370534,0.2324814943820773,6.228917362827142
663,6,downRight,high,44.489031954041614,0,0,0,0,0,0.26290009893544813,0.12475210816361997,0.1897954956221246,5.085223928077846
664,6,midLeft,lowB,6.734779772890157,1,1,0,0,0,0.39823923870840866,0.10184633517498806,0.1549470862366626,4.151524397003484
665,6,downLeft,lowA,5.959491148358783,0,0,0,0,0,0.3251184094791633,0.08314629821703387,0.1264972040276021,3.389261724297325
666,6,midLeft,lowB,7.2294198113816455,1,1,0,0,0,0.4490336260974036,0.06787978080230161,0.1032710134501039,2.766958335612363
667,6,midLeft,lowB,7.92271245191265,1,1,0,0,0,0.5501967316413215,0.05541635335034747,0.08430939087542538,2.2589162637187665
668,6,midLeft,lowB,8.609017667924508,1,1,0,0,0,0.632785248230199,0.04524133965008972,0.0688293176595926,1.844155953061671
669,6,midLeft,lowB,9.081468184182683,1,1,0,0,0,0.7002096618608199,0.036934563348022004,0.056191545452927615,1.5055499107408308
670,6,downRight,high,14.655032355592253,1,0,0,0,100,0.5716439502658325,0.03015299680026927,0.04587419849204879,19.59014621612514
671,6,midLeft,lowB,8.680487952187418,1,1,0,0,0,0.6502945364398885,0.024616595774259783,0.037451222783164234,15.993193437963386
672,6,downRight,high,106.31447089963763,1,0,0,0,100,0.5308937563913194,0.020096735045184402,0.0305747922374558,31.417709054855123
673,6,downLeft,lowA,5.25278530041318,1,0,0,1,0,0.43341619032860945,0.016406767336150384,0.20857125310160707,25.649093822401213
674,6,midRight,lowC,5.2073596125445665,1,0,1,0,0,0.35383651018209056,0.1970046236144853,0.1702754211046525,20.939655808820834
675,6,midRight,lowC,6.453203709242518,1,0,1,0,0,0.28886847960828543,0.34444285189904295,0.13901109861118888,17.09491915885688
676,6,midLeft,lowB,6.9170950811555585,0,0,0,0,0,0.23582924913050984,0.28119959381471005,0.11348722799641738,13.956115788911267
677,6,midRight,lowC,6.915795116142683,1,0,1,0,0,0.1925285680904899,0.4131787576988364,0.09264980312351961,11.393629072096921
678,6,downRight,high,77.30779155755451,0,0,0,0,0,0.15717833842765233,0.33731487878817584,0.07563834424696608,9.301641330295894
679,6,downRight,high,63.954935694379,1,0,0,0,100,0.12831877531684574,0.27538039004129133,0.061750364572228676,25.95479488987316
680,6,midRight,lowC,6.809426953592413,1,0,1,0,0,0.10475812547410371,0.4084280197218729,0.05041236112140439,21.189227009174935
681,6,downLeft,lowA,5.535931235056123,1,0,0,1,0,0.08552345380284618,0.333436425273821,0.2247664398551783,17.298666514275922
682,6,midRight,lowC,7.218220826865777,1,0,1,0,0,0.06982046611912368,0.45582436845105145,0.18349700463222243,14.122453029672034
683,6,downLeft,lowA,6.260956106565973,0,0,0,0,0,0.05700070883864916,0.37213031582043565,0.1498050631165973,11.529425080869652
684,6,downLeft,lowA,6.10405085966811,1,0,0,1,0,0.04653479113939258,0.3038033539610726,0.3059096172359844,9.412503792088955
685,6,downLeft,lowA,6.883190004286609,0,0,0,0,0,0.03799052381114581,0.24802192660522898,0.2497414582317574,7.684271072899528
686,6,midRight,lowC,6.7792233971728315,0,0,0,0,0,0.031015072037649544,0.20248254430019136,0.20388635219536305,6.273359695369185
687,6,downRight,high,44.96213257052225,1,0,0,0,100,0.02532038511188873,0.16530466200085786,0.16645071629619235,23.482536978283434
688,6,downLeft,lowA,6.079982121955116,0,0,0,0,0,0.02067130140584847,0.13495302211684052,0.13588864903016115,19.170901133891572
689,6,downLeft,lowA,5.971210013727458,1,0,0,1,0,0.01687583739043529,0.1101742561765979,0.29454840022454776,15.650926074356
690,6,midRight,lowC,5.799760513636478,1,0,1,0,0,0.013777259691440514,0.27355543495978085,0.2404662777736849,12.77725471923254
691,6,midRight,lowC,6.846699222580558,1,0,1,0,0,0.01124761279774903,0.4069381452047462,0.1963141904768421,10.43121904636994
692,6,midLeft,lowB,5.089423023208051,1,1,0,0,0,0.19279274302928162,0.3322201070754869,0.16026888152212804,8.515939705699678
693,6,midRight,lowC,7.1886785118105525,1,0,1,0,0,0.15739400812459825,0.45483137881159386,0.1308418628422276,6.952325394446556
694,6,midLeft,lowB,6.184052544406454,1,1,0,0,0,0.31210515371458003,0.37131964931440076,0.10681794812214139,5.675806788288578
695,6,downLeft,lowA,5.862560926177879,0,0,0,0,0,0.2547994303500348,0.303141534181799,0.08720507178029896,4.633670156422127
696,6,downRight,high,34.46940870099818,0,0,0,0,0,0.20801562849575383,0.24748162375938906,0.07119332170199939,3.782880552385957
697,6,downRight,high,28.848624382097896,1,0,0,0,100,0.1698218149037458,0.20204144662622467,0.05812149398527795,21.449335477512687
698,6,downRight,high,140.7633455856025,1,0,0,0,100,0.13864077918448703,0.16494455440661346,0.04744978858018126,35.872047174684425
699,6,downRight,high,232.13755502761825,0,0,0,0,0,0.1131849030336663,0.13465903398884532,0.03873751829012164,29.28556954864594
700,7,downLeft,lowA,5.403552067782543,1,0,0,1,0,0.09240298814025914,0.10993424729929704,0.21523521851060087,23.90843710737073
701,7,downRight,high,156.41354537834286,1,0,0,0,100,0.07543684703877153,0.0897491863060901,0.17571581377319762,37.87963239717542
702,7,downRight,high,244.9474282629028,1,0,0,0,100,0.061585864328467736,0.07327031057642742,0.14345257910687298,49.285572218364045
703,7,downLeft,lowA,5.933887365294246,1,0,0,1,0,0.05027806481804677,0.05981712629300841,0.3007235147710899,40.23623312929617
704,7,midRight,lowC,5.459643400806186,0,0,0,0,0,0.04104649385718229,0.04883408531783763,0.24550757763714065,32.84844597648478
705,7,downRight,high,213.04668788000882,1,0,0,0,100,0.03350993448266046,0.03986764387757931,0.20042985572025207,45.17816348537932
706,7,downRight,high,291.3033819691907,0,0,0,0,0,0.02735716509525233,0.032547533510757,0.1636288682030635,36.88298697836478
707,7,downRight,high,238.7231816422546,0,0,0,0,0,0.022334107589382354,0.026571470862104315,0.13358492133420297,30.11089038372415
708,7,midRight,lowC,5.357016194373341,0,0,0,0,0,0.018233335218665343,0.021692674916282382,0.10905735279987164,24.582220529820248
709,7,midLeft,lowB,5.288855450441401,0,0,0,0,0,0.014885506925482484,0.017709676196157705,0.0890332986756827,20.068671449959872
710,7,downLeft,lowA,5.723149141008423,1,0,0,1,0,0.012152374415941124,0.014457997097321741,0.2562961751744919,16.383856506285255
711,7,midLeft,lowB,5.1414471011337515,1,1,0,0,0,0.19353138108819926,0.011803359798950808,0.20923755554217421,13.375611568900464
712,7,midLeft,lowB,6.277876387505101,1,1,0,0,0,0.34160733250235104,0.009636141272244141,0.17081938354896573,10.919711410648082
713,7,midRight,lowC,5.063919112819315,1,0,1,0,0,0.2788847050074451,0.19147715428671494,0.13945518394362647,8.914739836575563
714,7,downRight,high,61.63464128542676,1,0,0,0,100,0.22767859845793678,0.156319975036098,0.113849774684241,25.638932498534146
715,7,midRight,lowC,5.991724632507389,1,0,1,0,0,0.1858744608973323,0.3112283241721329,0.09294578250237098,20.93136020875747
716,7,midRight,lowC,7.0943539604055115,1,0,1,0,0,0.15174599390489857,0.43769390363007993,0.07587997876094035,17.0881467164752
717,7,downRight,high,113.28982646915665,0,0,0,0,0,0.12388386524442635,0.35732879122725464,0.06194763249869764,13.95058683676039
718,7,midRight,lowC,7.277824913819162,1,0,1,0,0,0.10113751060550244,0.4753298497357877,0.05057340862315949,11.38911529255272
719,7,downLeft,lowA,5.4673875771669875,1,0,0,1,0,0.08256762114498459,0.3880543896811291,0.22489791737555279,9.297956327203508
720,7,midLeft,lowB,5.401498235457378,1,1,0,0,0,0.25101766268585957,0.3168036037174964,0.18360434152460162,7.5907557033085995
721,7,midLeft,lowB,6.868747956381813,1,1,0,0,0,0.38853854023697443,0.2586351965013557,0.14989269184911985,6.1970147115803815
722,7,midRight,lowC,6.514202963482385,0,0,0,0,0,0.31719885924072255,0.2111471084430741,0.12237084854970426,5.0591789324487
723,7,downRight,high,37.15027905377185,1,0,0,0,100,0.258957879036271,0.17237832285381777,0.09990229937192621,22.49129231906505
724,7,downLeft,lowA,5.805839100997266,0,0,0,0,0,0.21141054313840602,0.140727885922748,0.08155920742630243,18.361659211736924
725,7,downRight,high,121.47463608170638,1,0,0,0,100,0.17259338822363346,0.11488879546113623,0.06658409624029027,33.351300098702275
726,7,midLeft,lowB,6.012164890143429,0,0,0,0,0,0.14090346307379745,0.0937940283545265,0.05435856982968271,27.227657619373105
727,7,midRight,lowC,5.78899011553568,1,0,1,0,0,0.11503213483742475,0.2601827858112685,0.04437777608732486,22.228379021022107
728,7,downLeft,lowA,5.39894825809547,0,0,0,0,0,0.09391104914380333,0.21241054440332166,0.03622955895689057,18.147019505293457
729,7,downLeft,lowA,5.263417074316493,0,0,0,0,0,0.07666801249715277,0.1734097789484173,0.0295774384824504,14.815039666817713
730,7,downLeft,lowA,5.289069516850269,1,0,0,1,0,0.06259097511798407,0.14156995604625316,0.20775702377662375,12.09484567233527
731,7,downLeft,lowA,6.446896445540096,1,0,0,1,0,0.05109862690604626,0.11557625283000786,0.35322100055695954,9.874107334673742
732,7,downLeft,lowA,7.320422431142176,1,0,0,1,0,0.041716392287569334,0.09435526146424507,0.47197629177517303,8.06111944691171
733,7,midLeft,lowB,5.524140108144204,1,1,0,0,0,0.2176671405362407,0.07703066285667401,0.38531657953015713,6.58101482340482
734,7,midRight,lowC,5.643404529686226,1,0,1,0,0,0.17770120984696897,0.2464973470135858,0.31456848373126206,5.3726726655150046
735,7,midLeft,lowB,6.248087355921382,1,1,0,0,0,0.32868374387652,0.2012378932367577,0.25681046758394316,4.386194583260018
736,7,midRight,lowC,6.359479541684624,1,0,1,0,0,0.26833402046812055,0.34789884958262984,0.20965741856398565,3.580844045404983
737,7,midRight,lowC,7.183463493520126,0,0,0,0,0,0.21906512835522496,0.2840210346995801,0.17116215539207483,2.9233641677570317
738,7,downRight,high,23.325455231076116,1,0,0,0,100,0.1788425126920967,0.23187184507392444,0.13973501934308963,20.747635160893594
739,7,downLeft,lowA,6.02148937397157,0,0,0,0,0,0.1460051838746242,0.18929778421114068,0.11407822941985293,16.938155481214924
740,7,downRight,high,112.49107609487268,0,0,0,0,0,0.11919712711129266,0.15454075977108495,0.0931322905936405,13.828135538385592
741,7,midRight,lowC,6.298486650975106,0,0,0,0,0,0.0973113059039475,0.12616548328946905,0.07603224204414971,11.289147314772855
742,7,midLeft,lowB,5.738363907455747,1,1,0,0,0,0.26305425494694007,0.10300020005882973,0.06207193867359807,9.216343500601969
743,7,downLeft,lowA,5.583965542402978,0,0,0,0,0,0.21475478220692393,0.08408830161430117,0.05067489090301504,7.524127832926346
744,7,midRight,lowC,5.409288795556151,1,0,1,0,0,0.17532359052715565,0.2522591305460175,0.04137045858251462,6.142620404992418
745,7,midRight,lowC,6.561490069780231,0,0,0,0,0,0.14313237209179458,0.20594175392086028,0.03377441594503218,5.014771981240285
746,7,downLeft,lowA,5.247773000247076,1,0,0,1,0,0.11685179318439037,0.16812872507805346,0.21118339291513444,4.09400815381553
747,7,downLeft,lowA,6.313812791462804,1,0,0,1,0,0.09539659946144574,0.13725855810295898,0.3560182530030369,3.3423060562292264
748,7,downLeft,lowA,7.434601310912789,1,0,0,1,0,0.07788080046360127,0.11205647199047616,0.4742599398384074,2.7286242122149704
749,7,midLeft,lowB,5.4644141394928,1,1,0,0,0,0.24719139059276457,0.09148174866833078,0.3871809262694109,2.2276206805206886
750,7,midRight,lowC,5.682079838755797,1,0,1,0,0,0.20180450326068117,0.25829506451016043,0.31609051719172593,1.8186065615298839
751,7,downRight,high,16.60126175061585,1,0,0,0,100,0.1647511162853676,0.21086942819150212,0.25805304001212725,19.845722438878852
752,7,downLeft,lowA,6.80279368391697,1,0,0,1,0,0.1345011131005972,0.17215162755872918,0.39428214976631243,16.201843231770418
753,7,midRight,lowC,6.1512791590077835,1,0,1,0,0,0.10980532231396088,0.3241531221008307,0.3218878828560349,13.227017807757587
754,7,downRight,high,88.98616218790552,1,0,0,0,100,0.08964393327700498,0.2646352675515545,0.2627859495819181,29.159431783762237
755,7,downRight,high,189.60765127824797,1,0,0,0,100,0.07318438308841796,0.21604550460044253,0.21453574047257956,42.166490324357156
756,7,downLeft,lowA,6.427916596637866,0,0,0,0,0,0.05974697597752773,0.17637732298461237,0.17514476711309288,34.42428805367256
757,7,midLeft,lowB,5.257708493863804,1,1,0,0,0,0.23238712320362534,0.14399262840831425,0.14298638249984408,28.1036339255795
758,7,midLeft,lowB,6.495373202184682,1,1,0,0,0,0.3733287598450483,0.11755409757377795,0.11673260878636522,22.94351704795015
759,7,downRight,high,150.37286531999356,0,0,0,0,0,0.3047817513093489,0.09596995352567221,0.0952992985474365,18.73085081892037
760,7,midLeft,lowB,6.904270701003,1,1,0,0,0,0.43243098799540414,0.07834888081157072,0.0778013650003703,15.29167353319946
761,7,midLeft,lowB,7.835675388814069,0,0,0,0,0,0.3530322011526094,0.0639632186836856,0.06351623241914899,12.483964647764513
762,7,downRight,high,83.98825897350133,1,0,0,0,100,0.2882118500073382,0.05221891240816264,0.051853997429275836,28.55281084324688
763,7,midLeft,lowB,6.860977773582291,1,1,0,0,0,0.41890349137300087,0.04263098182372835,0.042333068996465065,23.31022045347192
764,7,midLeft,lowB,7.750499769135535,0,0,0,0,0,0.3419884923498946,0.03480349412583646,0.03456028116450846,19.030223699253554
765,7,midLeft,lowB,7.252184678926348,1,1,0,0,0,0.46280618785827465,0.028413213854083325,0.028214657299465228,15.536078466803673
766,7,midLeft,lowB,7.875472126990392,1,1,0,0,0,0.5614405090969794,0.02319625491046784,0.023034155385974815,12.683494316262205
767,7,midLeft,lowB,8.658978026664375,1,1,0,0,0,0.6419645522454865,0.018937183404688192,0.018804847023794573,10.354674019855963
768,7,midLeft,lowB,9.160808254056029,1,1,0,0,0,0.7077035510397341,0.015460121329368725,0.015352083272114741,8.453449135070635
769,7,downRight,high,58.55136606869398,1,0,0,0,100,0.5777618841453858,0.01262148369221739,0.012533282535918594,25.262339524754832
770,7,midRight,lowC,4.975708681365809,0,0,0,0,0,0.471678846715981,0.010304049185583863,0.010232042670748481,20.623913586839315
771,7,downLeft,lowA,5.145278770854126,1,0,0,1,0,0.3850737484498608,0.008412119542205622,0.1919636420459736,16.83715046346418
772,7,downLeft,lowA,6.255941488025446,1,0,0,1,0,0.31437023894038185,0.006867567683135821,0.34032744650834434,13.745676083041511
773,7,downLeft,lowA,7.288697439462041,1,0,0,1,0,0.25664862258015214,0.005606611466446832,0.4614501271550947,11.221828265412139
774,7,downRight,high,76.12825700644366,1,0,0,0,100,0.2095252899711696,0.0045771798089276165,0.37672312723676954,27.522415710645085
775,7,downRight,high,179.38463505776926,1,0,0,0,100,0.17105428697086553,0.0037367624149871755,0.30755287785921753,40.83004727642995
776,7,midLeft,lowB,6.137952719273487,0,0,0,0,0,0.13964695667590912,0.003050654317496052,0.25108299926603117,33.33322972523969
777,7,downRight,high,216.14383217233404,1,0,0,0,100,0.11400633596610621,0.0024905227390244027,0.20498157246729984,45.57393594077
778,7,downRight,high,293.7700704899844,1,0,0,0,100,0.0930735975190708,0.0020332370921293808,0.16734484283680215,55.56712231939516
779,7,downRight,high,357.0336709527638,1,0,0,0,100,0.0759843256230722,0.001659913803649971,0.1366186047213657,63.725456670336285
780,7,downLeft,lowA,5.928222032021681,1,0,0,1,0,0.062032820201347115,0.0013551365191071313,0.2951443285265513,52.02480595128662
781,7,midRight,lowC,5.250877434681654,1,0,1,0,0,0.05064295498549788,0.18471662736585917,0.24095278749668303,42.47251531316088
782,7,midRight,lowC,6.162893129810395,1,0,1,0,0,0.04134438642864523,0.33441105842485835,0.19671137199981378,34.67412370006299
783,7,downRight,high,224.52929736911082,1,0,0,0,100,0.03375313090736185,0.2730097410289115,0.16059313642338255,46.668627960041235
784,7,midRight,lowC,6.752886058129961,0,0,0,0,0,0.027555708149538928,0.2228823384242871,0.1311065812012311,38.09978681194945
785,7,downLeft,lowA,5.982155782986171,1,0,0,1,0,0.022496196092343906,0.18195884364513476,0.2906443693419918,31.10427322523571
786,7,midRight,lowC,6.081558131906541,1,0,1,0,0,0.018365662601694276,0.33215963222216327,0.23727906720344902,25.393208041958918
787,7,midLeft,lowB,5.052769175827264,1,1,0,0,0,0.19860384551721758,0.2711716998844629,0.19371218462068637,20.730753295307725
788,7,midLeft,lowB,6.284076435309568,1,1,0,0,0,0.3457484401758457,0.22138178058026722,0.15814463076232727,16.92437330016687
789,7,downRight,high,112.27587072067071,1,0,0,0,100,0.2822654626260442,0.1807338036888475,0.12910764641844868,32.177914695867535
790,7,midRight,lowC,6.319350779398563,1,0,1,0,0,0.2304386141293164,0.3311595222294155,0.1054021517098635,26.269717871615036
791,7,midRight,lowC,7.131768443725683,1,0,1,0,0,0.18812770924153563,0.45396552827564274,0.08604923018317516,21.446326885280623
792,7,downLeft,lowA,5.517479121999799,0,0,0,0,0,0.15358552262689204,0.37061277786193386,0.0702497045363843,17.50856020297387
793,7,midLeft,lowB,5.887510777784091,1,1,0,0,0,0.3089959454116651,0.3025644516143513,0.05735113465796252,14.293808073566034
794,7,midRight,lowC,7.011919706550768,1,0,1,0,0,0.25226110474088187,0.4306208073800678,0.04682087516613263,11.669317572397441
795,7,downLeft,lowA,5.404604013972853,1,0,0,1,0,0.20594336563319782,0.35155438835737385,0.22183438774190156,9.526710580177193
796,7,downLeft,lowA,6.411094976520879,1,0,0,1,0,0.16813004086339248,0.2870053788744252,0.36471361539043046,7.7775083174648705
797,7,midRight,lowC,6.724845902301252,1,0,1,0,0,0.1372596322965468,0.4179185407762507,0.29774843618047625,6.349477620753978
798,7,midLeft,lowB,5.857137078129863,1,1,0,0,0,0.2956676568312937,0.34118438883546054,0.2430787541425175,5.183648079928615
799,7,downRight,high,37.93031613693394,1,0,0,0,100,0.24138002733026923,0.27853941815744837,0.19844698925526347,22.592907648054585
800,8,midRight,lowB,6.860561299840317,0,0,0,0,0,0.19706016619601652,0.22739670983277493,0.16201007646019686,18.444616918885337
801,8,downLeft,lowA,6.245137270595104,1,0,0,1,0,0.16087788840983366,0.18564432992942437,0.31587366432188313,15.057995127675623
802,8,downRight,high,100.35442550906875,1,0,0,0,100,0.13133904978778038,0.15155811735486097,0.257876003564481,30.654222794248376
803,8,downLeft,lowA,6.578146518781945,0,0,0,0,0,0.10722384641954719,0.12373048476558463,0.21052731115507944,25.025791509166805
804,8,downLeft,lowA,6.491095466510257,1,0,0,1,0,0.08753644296635002,0.10101229236360366,0.35548263461694024,20.430798225221864
805,8,midRight,lowB,5.6673733713065815,1,0,1,0,0,0.07146384972255698,0.26607570214327814,0.2902123586288432,16.679493072849713
806,8,downRight,high,110.66953858707092,1,0,0,0,100,0.05834235027269073,0.21722146055329844,0.2369263781103492,31.97799700248187
807,8,downLeft,lowA,6.418689691851135,1,0,0,1,0,0.047630093376664885,0.1773373613029108,0.37703456076080166,26.10650712746262
808,8,midLeft,lowC,5.300318264427473,0,0,0,0,0,0.03888471726741062,0.1447763937954131,0.3078071289780179,21.313083316111396
809,8,downLeft,lowA,6.876386571768041,0,0,0,0,0,0.031745082358105074,0.1181939555568457,0.2512905672586297,17.39978152656287
810,8,midLeft,lowC,5.254938789886755,1,1,0,0,0,0.20952666589289476,0.09649232698746926,0.20515102883687125,14.20500228342166
811,8,downRight,high,94.92880119417252,1,0,0,0,100,0.1710554102591791,0.07877534112121876,0.1674831852701843,29.95784822874753
812,8,midRight,lowB,5.372378228331211,1,0,1,0,0,0.13964787371690962,0.24792168436482553,0.13673154605796164,24.457278492037542
813,8,midLeft,lowC,5.895264126273437,1,1,0,0,0,0.29761739250917135,0.20240070756841097,0.1116262247893174,19.966670058201633
814,8,downLeft,lowA,5.7762808710122915,1,0,0,1,0,0.24297177144004667,0.16523785133659558,0.2747408071684865,16.30058362147196
815,8,midRight,lowB,5.998035510927582,0,0,0,0,0,0.19835964967973116,0.1348984785792131,0.22429556297701364,13.307628444105815
816,8,downRight,high,89.52697340758678,1,0,0,0,100,0.16193877333101817,0.11012972739470714,0.18311258560263127,29.225241476352146
817,8,downLeft,lowA,6.09930623048504,1,0,0,1,0,0.1322051453019607,0.0899087742409975,0.3331015352636295,23.85918589100462
818,8,midLeft,lowC,5.79094205578849,0,0,0,0,0,0.10793091786971516,0.0734005965214725,0.2719406598184922,19.478393423785263
819,8,midRight,lowB,5.4543320486542815,0,0,0,0,0,0.08811368880985931,0.059923490395571294,0.22200955154406185,15.901959610231511
820,8,downRight,high,105.66617928588292,0,0,0,0,0,0.07193510727901695,0.04892091987478154,0.1812463094327015,12.982195910297682
821,8,midRight,lowB,5.460616513010938,1,0,1,0,0,0.058727080084118186,0.22354884259503316,0.14796761875560502,10.598530922246265
822,8,midRight,lowB,6.609610627837334,1,0,1,0,0,0.04794418282896544,0.36611327866013177,0.12079923871958165,8.65253139653433
823,8,midRight,lowB,7.362087278646672,1,0,1,0,0,0.03914113665867233,0.48250141472654406,0.09861925330658004,7.063837442873175
824,8,downRight,high,49.90594720020904,1,0,0,0,100,0.03195442050599076,0.3939091814159495,0.080511741844039,24.127874863195736
825,8,downRight,high,157.75855175922882,0,0,0,0,0,0.02608725951875098,0.3215833953393117,0.0657289561360802,19.69774833106834
826,8,midLeft,lowC,5.2656870317543785,1,1,0,0,0,0.20490767764700632,0.2625373691118861,0.05366044226328739,16.081038695453298
827,8,downLeft,lowA,5.293566070278254,0,0,0,0,0,0.1672845158672135,0.21433280193918314,0.043807831938335075,13.128394229546984
828,8,downLeft,lowA,5.328664939648915,1,0,0,1,0,0.13656935440523668,0.17497909018629415,0.2193745703088164,10.71788572308663
829,8,midLeft,lowC,5.888257512335341,0,0,0,0,0,0.11149381319588487,0.14285112556458351,0.17909513791331816,8.74997142564541
830,8,downRight,high,60.54794407968098,1,0,0,0,100,0.09102239982824592,0.11662218641863079,0.14621142450119887,25.504417266263815
831,8,midRight,lowB,5.8417893888157035,1,0,1,0,0,0.07430974897178291,0.27881945874488373,0.11936549983292453,20.82154335969888
832,8,downRight,high,136.9199362967678,1,0,0,0,100,0.060665713084570125,0.22762533208173236,0.09744876365832192,35.3595241609072
833,8,downRight,high,229.05270257261978,1,0,0,0,100,0.04952686282733759,0.18583097477686245,0.07955616616046819,47.22818183124857
834,8,downRight,high,304.0269329413004,1,0,0,0,100,0.04043322029526747,0.15171049228439668,0.06494883399797269,56.917631612613334
835,8,midLeft,lowC,5.241925798337731,0,0,0,0,0,0.03300926426826364,0.12385488208739506,0.053023558591141995,46.46696774840703
836,8,midLeft,lowC,5.185680274884234,1,1,0,0,0,0.21055873097331246,0.10111384905485701,0.0432878866733162,37.9351534938606
837,8,midLeft,lowC,6.568648834004653,1,1,0,0,0,0.35550828543267393,0.0825483040989381,0.03533978447374345,30.9698682813685
838,8,downLeft,lowA,5.292637915371571,1,0,0,1,0,0.2902332996904026,0.06739158456833998,0.21246134364634298,25.28348123121579
839,8,downLeft,lowA,6.453932885151814,1,0,0,1,0,0.23694347417714837,0.0550177949772095,0.3570615588070325,20.64117345806786
840,8,downLeft,lowA,7.102355184447043,1,0,0,1,0,0.19343820993326727,0.04491596070255187,0.4751116839425181,16.85124124442248
841,8,midLeft,lowC,6.292208536929562,1,1,0,0,0,0.34153126853186166,0.03666892732921933,0.3878762813763307,13.757179651369784
842,8,downLeft,lowA,7.449625029532459,1,0,0,1,0,0.2788226071659959,0.029936134292663036,0.5002685058136231,11.231219660017935
843,8,midRight,lowB,5.27134532128978,0,0,0,0,0,0.22762790242027475,0.024439551458442815,0.4084140514383936,9.16905196037138
844,8,downRight,high,63.29360342349681,1,0,0,0,100,0.18583307317475373,0.019952197890703037,0.3334250217111719,25.846550294982134
845,8,downRight,high,168.66240472390587,1,0,0,0,100,0.15171220539480507,0.016288768693103476,0.2722047508198062,39.461888025702734
846,8,downLeft,lowA,6.715200612451269,1,0,0,1,0,0.12385628065307393,0.01329798285837265,0.4058354605955613,32.2162786157677
847,8,midRight,lowB,5.161734985277792,1,0,1,0,0,0.10111499082946099,0.1944666440118057,0.3313198867268892,26.301037780370837
848,8,midLeft,lowC,5.694469368635131,1,1,0,0,0,0.26615954411220055,0.15876056363236002,0.2704861403181172,21.47189613594699
849,8,downLeft,lowA,6.626267941449354,1,0,0,1,0,0.21728990827249373,0.12961048766458116,0.4044324046972136,17.52943467565312
850,8,downRight,high,116.0878885371172,1,0,0,0,100,0.17739324131531095,0.10581266611997871,0.33017444635401033,32.671880565914314
851,8,midRight,lowB,5.675321448372311,1,0,1,0,0,0.1448220136615321,0.2699946777963049,0.26955101460476105,26.672986516180192
852,8,downRight,high,173.95289322654037,1,0,0,0,100,0.11823119914530114,0.22042087188009782,0.22005866982374844,40.13658203788323
853,8,midLeft,lowC,5.679247945493285,1,1,0,0,0,0.2801330401494269,0.179949327730961,0.1796536297056928,32.76709185264678
854,8,downLeft,lowA,6.223231769987224,1,0,0,1,0,0.2286977264001616,0.14690877626343612,0.3302776793238721,26.750716029242035
855,8,midLeft,lowC,6.492728719104227,1,1,0,0,0,0.3703167743245609,0.11993481062339659,0.2696352929372431,21.8390088230959
856,8,midLeft,lowC,7.397234363280195,1,1,0,0,0,0.4859331052578541,0.09791354311927586,0.2201274737856558,17.829141689287873
857,8,downLeft,lowA,6.535892925559076,0,0,0,0,0,0.396710778192256,0.07993560732149997,0.17970980055097097,14.555527494477214
858,8,midLeft,lowC,7.479985016192668,1,1,0,0,0,0.5074808979492094,0.06525860585060499,0.14671322874270976,11.882982609856882
859,8,downRight,high,80.32723239981374,1,0,0,0,100,0.4143021740334118,0.05327645313853984,0.11977516764315599,28.062175302349967
860,8,downLeft,lowA,5.910875437165064,0,0,0,0,0,0.33823202430368215,0.04349434717500509,0.09778321223578815,22.909670655296082
861,8,downLeft,lowA,5.731292517137623,1,0,0,1,0,0.27612913818632456,0.03550833669915214,0.26343951441190083,18.70321897284215
862,8,midRight,lowB,5.271072411518941,1,0,1,0,0,0.22542898210922677,0.21259894794575052,0.21506930406290947,15.269115178886963
863,8,downRight,high,101.59661034791505,0,0,0,0,0,0.18403789729902137,0.17356358965841506,0.17558036292832863,12.465548239832604
864,8,downRight,high,84.05662328643538,1,0,0,0,100,0.15024664231431512,0.14169552552443296,0.14334199843333303,28.5377758776454
865,8,downRight,high,185.97282156064895,0,0,0,0,0,0.12265981006101066,0.1156787664576387,0.11702292996881915,23.297946062533498
866,8,midLeft,lowC,5.668514745742529,0,0,0,0,0,0.10013820457117611,0.09443895253314469,0.09553631376819591,19.02020301301438
867,8,midLeft,lowC,5.60375164180267,1,1,0,0,0,0.2653621058795326,0.07709898738264614,0.07799486178347376,15.527897681850046
868,8,midRight,lowB,5.6307615771228665,0,0,0,0,0,0.2166388879192414,0.06294281857206335,0.06367420119833297,12.676815607752616
869,8,midRight,lowB,5.573768671944732,1,0,1,0,0,0.1768617550095556,0.23499617615544147,0.05198296151227839,10.349221591072062
870,8,downLeft,lowA,5.367741990722448,1,0,0,1,0,0.14438811372001062,0.19184845590086055,0.22604866182472708,8.448997828414441
871,8,midRight,lowB,6.037371875593968,1,0,1,0,0,0.11787696770563164,0.340233409726799,0.18454379743117155,6.897674735859743
872,8,downLeft,lowA,6.164771186935183,1,0,0,1,0,0.09623354137321091,0.2777630486157159,0.33426996184768965,5.631190553950748
873,8,midRight,lowB,6.670765868108529,1,0,1,0,0,0.07856407121326936,0.41037319762187385,0.27289455123771755,4.597245922607523
874,8,downLeft,lowA,6.790077765025464,1,0,0,1,0,0.06413889790947547,0.33502444846072094,0.40639860654636395,3.7531441833563544
875,8,downRight,high,28.661768551981222,0,0,0,0,0,0.05236233511721707,0.2735105063314387,0.33177963327628346,3.0640282243313433
876,8,downRight,high,24.515729039238128,0,0,0,0,0,0.042748070645016276,0.22329115805544153,0.27086147266203026,2.501441058708105
877,8,downLeft,lowA,6.6164661188610525,1,0,0,1,0,0.03489908423259837,0.18229259977794543,0.4047388221539034,2.0421506957744233
878,8,midRight,lowB,6.0997724221730705,1,0,1,0,0,0.028491252631912375,0.3324321072886717,0.33042460240713745,1.6671907777854247
879,8,downRight,high,15.509950387918886,1,0,0,0,100,0.0232599649642731,0.27139414572012,0.2697552394279554,19.722108153805646
880,8,midLeft,lowC,5.049756472428596,1,1,0,0,0,0.20259950351614428,0.22156338306755266,0.22022539686427928,16.1009258036379
881,8,midLeft,lowC,6.385796007245917,1,1,0,0,0,0.3490104541794053,0.18088206208753063,0.1797897439429798,13.144629859674962
882,8,midLeft,lowC,7.4725037132767085,1,1,0,0,0,0.4685388451143456,0.14767025097762554,0.14677849370389887,10.73114032416818
883,8,downRight,high,72.97763013231678,1,0,0,0,100,0.38251028350904615,0.12055647073087065,0.11982844928472738,27.121823133366053
884,8,midLeft,lowC,7.4692689658186815,1,1,0,0,0,0.4958877604668354,0.09842106002301974,0.09782671081874625,22.141976837575157
885,8,midLeft,lowC,8.224461088656554,1,1,0,0,0,0.5884479639737196,0.08034993889029302,0.07986471832640454,18.076481653350726
886,8,downRight,high,119.50114174212236,1,0,0,0,100,0.48040285213700157,0.06559686187248744,0.06520073280572436,33.1184840796119
887,8,midRight,lowB,5.554375417910646,1,0,1,0,0,0.39219593654957885,0.2371629097483472,0.05322920618124771,27.03758902122737
888,8,midLeft,lowC,7.5148914093683805,1,1,0,0,0,0.5037950277705747,0.1936173548716784,0.04345577524608778,22.07320897670028
889,8,downLeft,lowA,5.395767271204104,1,0,0,1,0,0.4112930676130829,0.15806721273273086,0.21908715485422392,18.02034028058335
890,8,downLeft,lowA,6.5101947858585465,0,0,0,0,0,0.3357754208396343,0.12904444313710195,0.17886049489883293,14.71162005355866
891,8,midRight,lowB,5.998825625228101,1,0,1,0,0,0.2741235924406502,0.28896086108270896,0.14601986436284523,12.010414966107566
892,8,midLeft,lowC,6.748617900172529,0,0,0,0,0,0.2237916752353836,0.23590466841397204,0.11920911211055159,9.805178976411053
893,8,midRight,lowB,6.634813795448072,0,0,0,0,0,0.182701216844379,0.1925901396160955,0.09732109033380257,8.004847045731314
894,8,midRight,lowB,6.103927143782426,1,0,1,0,0,0.14915539016948717,0.3408389126667299,0.07945193497437193,6.535074615130317
895,8,midRight,lowB,7.195651742662959,1,0,1,0,0,0.12176892305846955,0.4618676828546687,0.06486374073204629,5.335167553025865
896,8,midRight,lowB,7.838168089967381,0,0,0,0,0,0.09941089360545809,0.3770640154057876,0.05295408932597088,4.355575796022093
897,8,downRight,high,32.6758600329198,1,0,0,0,100,0.08115802882390964,0.30783117544656946,0.04323117268131137,21.916877971143236
898,8,midRight,lowB,7.093381528182715,1,0,1,0,0,0.06625657816459779,0.4349205064279322,0.03529348375527175,17.892713259087866
899,8,midLeft,lowC,5.278261433217081,1,1,0,0,0,0.23770149532894952,0.35506461833926745,0.028813236336799875,14.607426668773801
900,9,midRight,high,7.356048171102334,1,0,100,0,0,0.19405705058800646,18.650901882473118,0.023522829141973785,11.925352560782141
901,9,downRight,lowA,80.55883349979209,0,0,0,0,0,0.1584261757832103,15.226404045587987,0.01920379524100158,9.735734905516463
902,9,midLeft,lowB,5.928510510164569,0,0,0,0,0,0.12933749687136523,12.430679310868568,0.015677780484332094,7.948153622074136
903,9,downRight,lowA,55.384695306442005,0,0,0,0,0,0.10558979925035362,10.148278455439398,0.012799178382724982,6.488790688445619
904,9,midRight,high,69.33748257943145,1,0,100,0,0,0.08620242370098292,26.645980711806217,0.01044911729925867,5.297381832369651
905,9,midLeft,lowB,5.688385298653686,1,1,0,0,0,0.25398507802546716,21.753503989540405,0.008530551654864991,4.324727923169043
906,9,downRight,lowA,32.4823196090342,1,0,0,0,1,0.20735079965222308,17.759336424546753,0.006964254439126896,3.714273605577927
907,9,downLeft,lowC,5.148504796611077,1,0,0,1,0,0.1692790554888634,14.498539195886872,0.18929585341764754,3.0322946853062955
908,9,downRight,lowA,24.321616969788078,1,0,0,0,1,0.1381976759928761,11.836457950316284,0.15453918349117954,2.6591444324338207
909,9,midLeft,lowB,6.113850707063353,1,1,0,0,0,0.29643346603573484,9.663162261847136,0.12616419643080237,2.170898104496607
910,9,midLeft,lowB,6.991837818004606,0,0,0,0,0,0.2420052260709054,7.888906063852618,0.10299914948067904,1.7722988351533446
911,9,downRight,lowA,16.28052601824955,0,0,0,0,0,0.19757057200339817,6.440421592630306,0.08408744393312817,1.4468865003750393
912,9,downLeft,lowC,5.4411787487167755,0,0,0,0,0,0.1612945784497781,5.257893801128877,0.06864812246370366,1.181223224573408
913,9,downRight,lowA,12.527766661717028,1,0,0,0,1,0.1316792312412,4.292490301501972,0.056043619562742265,1.1479487725144337
914,9,downLeft,lowC,5.4143412474365356,1,0,0,1,0,0.1075015670515693,3.5043448356702287,0.2293637412003489,0.9371735449623091
915,9,downLeft,lowC,6.4450662418504026,1,0,0,1,0,0.08776317122762185,2.860911001474271,0.3708605019422331,0.7650988218345588
916,9,downLeft,lowC,7.33056663604741,0,0,0,0,0,0.07164894833797154,2.3356182516756,0.3027666909999974,0.6246187915987027
917,9,midLeft,lowB,5.431260874046018,0,0,0,0,0,0.05849346287434082,1.9067746653947235,0.24717560564960486,0.5099323429654783
918,9,downLeft,lowC,6.491704398354336,1,0,0,1,0,0.047753460147001416,1.556671182023347,0.38540192447603994,0.41630350847549213
919,9,downRight,lowA,7.836845403466718,1,0,0,0,1,0.03898543262706347,1.2708503070237351,0.31463815846535526,0.5234762009929259
920,9,midRight,high,13.102948622351978,1,0,100,0,0,0.031827305339563794,19.39853987890591,0.25686734931865807,0.4273605745606337
921,9,midRight,high,127.82105789262066,0,0,0,0,0,0.025983484007167917,15.836767999312785,0.20970385622587678,0.3488927678896773
922,9,downLeft,lowC,6.137841159443026,1,0,0,1,0,0.02121264850881039,12.928974151130951,0.354810374500814,0.2848324593602628
923,9,midLeft,lowB,5.208308948051428,1,1,0,0,0,0.20092809546539736,10.555081226666067,0.28966353239961445,0.23253428380283755
924,9,midLeft,lowB,6.191336367441058,1,1,0,0,0,0.3476459338754495,8.617059512936915,0.2364783220340419,0.18983859236108627
925,9,midRight,high,59.67173863105179,1,0,100,0,0,0.2838145569232629,25.39590935076868,0.19305846451836772,0.15498226997011488
926,9,downLeft,lowC,6.439460913630441,1,0,0,1,0,0.23170327874568725,20.73295861597525,0.34122124828950795,0.12652592766492282
927,9,downRight,lowA,5.824195873392796,1,0,0,0,1,0.18916016839832936,16.926173701227654,0.2785695098357899,0.2869047710117778
928,9,midRight,high,112.21270362400482,1,0,100,0,0,0.1544284116400331,32.17938452473524,0.22742127636879153,0.23422609767399408
929,9,downRight,lowA,6.607203453509027,1,0,0,0,1,0.1260737634333494,26.27091782475181,0.18566438579619943,0.37483007964672876
930,9,downRight,lowA,7.49781948290301,1,0,0,0,1,0.10292532091373092,21.44730651465251,0.15157449075776264,0.4896177212002612
931,9,downRight,lowA,8.08091024279899,0,0,0,0,0,0.08402717105208776,17.50935996229518,0.12374385184293848,0.39971886066705725
932,9,downRight,lowA,7.598642093743162,1,0,0,0,1,0.06859891630490791,14.294460988832125,0.10102320510776912,0.5099366654746832
933,9,midRight,high,95.49466592966627,1,0,100,0,0,0.056003448161912606,30.030881393715013,0.08247430331488248,0.41630703732745106
934,9,midRight,high,195.30620934858248,1,0,100,0,0,0.04572063780254849,42.87793280312438,0.0673311710910282,0.3398687740310451
935,9,downLeft,lowC,5.398784392149005,1,0,0,1,0,0.03732585741914139,35.00510235987426,0.23857878191731213,0.27746536379232345
936,9,downLeft,lowC,6.77405861415644,1,0,0,1,0,0.030472445246518712,28.577804738198253,0.37838356619602564,0.22651986292031073
937,9,downLeft,lowC,7.401687475106837,1,0,0,1,0,0.024877390192941502,23.330625211676146,0.4925187509901934,0.18492848114852156
938,9,midRight,high,152.9256183083389,1,0,100,0,0,0.020309644920358524,37.40791272154619,0.4020872314840902,0.15097370578901542
939,9,downLeft,lowC,7.537746723739199,1,0,0,1,0,0.01658058476359304,30.539434349585758,0.5118701789968261,0.12325337718727276
940,9,midRight,high,198.60603042492733,0,0,0,0,0,0.01353621849031522,24.932079406169784,0.4178855378365027,0.10062278665463764
941,9,midLeft,lowB,5.165471203168359,0,0,0,0,0,0.011050829245774177,20.354292630308233,0.34115744557564065,0.08214740581721142
942,9,midLeft,lowB,5.1875955663387945,1,1,0,0,0,0.19263209096587064,16.617034693772734,0.27851742195785933,0.0670642953435498
943,9,midLeft,lowB,6.266137104183102,1,1,0,0,0,0.34087316131625683,13.565975837592408,0.22737875236216465,0.05475059942774893
944,9,midRight,high,90.94601340027651,0,0,0,0,0,0.27828533521886645,11.075122837356101,0.1856296696355216,0.04469782501019198
945,9,downLeft,lowC,6.263577381307315,1,0,0,1,0,0.22718927914077316,9.041616123377615,0.33515645672228034,0.03649084359849331
946,9,midRight,high,62.25881612347229,1,0,100,0,0,0.18547498565064485,25.74251299125377,0.2736182765154504,0.029790748570564084
947,9,midRight,high,168.0714127640904,1,0,100,0,0,0.15141986643124591,39.376953043342965,0.2233791405227865,0.024320860053539842
948,9,downRight,lowA,5.151904463863234,1,0,0,0,1,0.12361761813661927,32.14693857166881,0.18236442775737316,0.20346560733144212
949,9,downLeft,lowC,6.078883777874182,1,0,0,1,0,0.10092014921113204,26.244429283117377,0.33249074691068226,0.16610722452627497
950,9,midRight,high,171.24500308284166,1,0,100,0,0,0.08239016954315581,39.78671233032738,0.27144201850307925,0.13560822588987262
951,9,midLeft,lowB,5.635130677245661,1,1,0,0,0,0.25087279302727644,32.48146182981323,0.2216024659140937,0.11070915778313928
952,9,downLeft,lowC,6.413354999105508,0,0,0,0,0,0.2048099622607612,26.51753062284079,0.18091396892058542,0.09038181523741445
953,9,downLeft,lowC,6.049424865258593,1,0,0,1,0,0.16720474203312147,21.648638660957168,0.33130660726748473,0.07378678231489735
954,9,downLeft,lowC,7.04622616290992,1,0,0,1,0,0.13650422786938307,17.673725451230645,0.4540856069845875,0.060238768496566425
955,9,midLeft,lowB,5.826225623270497,1,1,0,0,0,0.2950509524435756,14.428647279739263,0.37071080888215946,0.049178309666585054
956,9,downRight,lowA,5.354955593119368,1,0,0,0,1,0.24087655622505114,11.779398910410876,0.30264448312877146,0.2237589729679184
957,9,downRight,lowA,6.426376084228134,0,0,0,0,0,0.19664913757543634,9.616579849826111,0.2470758364032401,0.18267451905031148
958,9,midLeft,lowB,6.266836883022188,0,0,0,0,0,0.1605423288808258,7.850876662844579,0.20171016601147213,0.1491335943656081
959,9,downLeft,lowC,6.169498210540688,1,0,0,1,0,0.13106510244720582,6.409374781649855,0.34828440820777545,0.12175112918885123
960,9,downRight,lowA,5.785471408035093,0,0,0,0,0,0.1070001986345185,5.232547504671246,0.28433580078685683,0.09939636687371876
961,9,downLeft,lowC,6.805989173460131,1,0,0,1,0,0.08735385921998717,4.271797846340551,0.4157391247432511,0.08114616934985747
962,9,midLeft,lowB,5.635981920625283,1,1,0,0,0,0.25492509811432285,3.4874517285717945,0.33940513605127914,0.06624689621222762
963,9,downLeft,lowC,7.464808124008899,1,0,0,1,0,0.20811822236315036,2.8471196429712347,0.4606971624050124,0.05408328320258987
964,9,midLeft,lowB,6.324161622821074,1,1,0,0,0,0.3535158793598081,2.3243591287533927,0.3761084145762728,0.04415303492258786
965,9,downLeft,lowC,7.465493811563125,1,0,0,1,0,0.2886067199099982,1.8975828334987241,0.4906613406598176,0.03604608258660429
966,9,downRight,lowA,5.338757013048695,1,0,0,0,1,0.23561555121101577,1.5491670652117555,0.40057086083633464,0.21303795814524623
967,9,downRight,lowA,6.387725798083913,1,0,0,0,1,0.1923541073117875,1.2647240234102894,0.3270219217503204,0.3575323009402639
968,9,midLeft,lowB,6.361969147225165,1,1,0,0,0,0.34064621832648556,1.032507656088384,0.2669773260141547,0.2918856850874896
969,9,midRight,high,11.548217872605456,1,0,100,0,0,0.27810006130131837,19.203959395489793,0.2179575369876512,0.23829246458273937
970,9,downRight,lowA,6.591467968903454,1,0,0,0,1,0.22703802342426826,15.677914498364187,0.17793828651652865,0.3781498196754053
971,9,downRight,lowA,7.374908767690243,0,0,0,0,0,0.18535150204281609,12.79928779039938,0.14526698294554558,0.308717614859945
972,9,midRight,high,86.0843688703469,1,0,100,0,0,0.15131905568666876,28.810237406580796,0.11859446748207964,0.25203387854745557
973,9,midLeft,lowB,6.078230006282009,1,1,0,0,0,0.3071456251641366,23.52038084625554,0.09681930079480128,0.20575786051110495
974,9,midLeft,lowB,7.019677076854485,0,0,0,0,0,0.2507505223636792,19.201796477613943,0.07904227916711776,0.16797859639388046
975,9,midRight,high,126.57282489911462,1,0,100,0,0,0.20471014175135177,34.03717950252995,0.06452930195368699,0.13713599459270864
976,9,downRight,lowA,5.990587308281551,1,0,0,0,1,0.16712324959817745,27.78760249469526,0.05268105695467322,0.29556672028432285
977,9,midLeft,lowB,6.308515581766217,1,1,0,0,0,0.32004800616575413,22.6855122453904,0.04300827186776894,0.24129762377376407
978,9,downRight,lowA,6.54303359842198,0,0,0,0,0,0.26128389321720147,18.520218357593198,0.035111509828730604,0.1969928927818917
979,9,midRight,high,122.41200422622127,1,0,100,0,0,0.21330947713944204,33.48074615097065,0.028664674698937128,0.16082296708798846
980,9,midLeft,lowB,6.344153964901299,1,1,0,0,0,0.35775396624834005,27.3333360421306,0.02340154495217821,0.1312942125867484
981,9,midRight,high,178.17363659071304,0,0,0,0,0,0.29206665036010354,22.3146537960408,0.019104780078635374,0.10718724179080118
982,9,midLeft,lowB,6.847866055957482,1,1,0,0,0,0.42205051064617816,18.21745334230867,0.015596945526412762,0.0875065593247579
983,9,downLeft,lowC,5.127074023922736,1,0,0,1,0,0.34455768644541873,14.872541125333374,0.19634349343656177,0.07143945302559818
984,9,midRight,high,99.2662688843783,1,0,100,0,0,0.28129334355467045,30.502820058373814,0.1602928041563918,0.05832243306077179
985,9,downLeft,lowC,5.954922011970947,0,0,0,0,0,0.22964498613993387,24.902187876240085,0.13086139303424887,0.0476138331701585
986,9,midLeft,lowB,6.467818538667191,1,1,0,0,0,0.3710901074118711,20.32988949339194,0.10683389236959268,0.03887144260242707
987,9,midLeft,lowB,7.504497790934907,0,0,0,0,0,0.30295413853866426,16.597112224338886,0.0872180884995668,0.031734245058446166
988,9,downLeft,lowC,5.718588981494941,0,0,0,0,0,0.2473286358879857,13.549711338905045,0.07120394841743488,0.02590751055291772
989,9,midLeft,lowB,6.639658704745624,1,1,0,0,0,0.3855268567852367,11.06184466828024,0.058130169526220576,0.0211506245638858
990,9,downRight,lowA,5.211555585242553,1,0,0,0,1,0.3147401519147962,9.030775963013859,0.047456871202380374,0.20087745975609633
991,9,downRight,lowA,6.317277529219111,1,0,0,0,1,0.2569506157194454,7.372632408047368,0.03874330046987818,0.34760459540432304
992,9,midRight,high,51.72571141310555,1,0,100,0,0,0.20977183405717947,24.37997188974243,0.031629631142307005,0.28378080862154725
993,9,midRight,high,159.659922041004,1,0,100,0,0,0.17125556302133707,38.26458853297961,0.02582210483012943,0.23167572698004005
994,9,downLeft,lowC,5.268563436817902,1,0,0,1,0,0.13981127636878465,31.238815651528327,0.20469120809239846,0.1891376754208553
995,9,midRight,high,202.8502885748515,1,0,100,0,0,0.11414048486958207,43.8640778799615,0.16710779235417386,0.1544100486050782
996,9,midLeft,lowB,5.698540762134802,1,1,0,0,0,0.2767934231813227,35.81018103553872,0.13642507915083593,0.1260587720408962
997,9,downRight,lowA,5.756895188413092,0,0,0,0,0,0.22597129753177309,29.235062670356143,0.11137602836536414,0.10291308209546161
998,9,midRight,high,190.31021385275125,1,0,100,0,0,0.18448063801986575,42.2282346005783,0.09092624150672073,0.08401717940700897
999,9,midRight,high,272.55838805299936,1,0,100,0,0,0.15060809127509417,52.835726232351405,0.07423124630927821,0.06859075922885827
1000,10,midLeft,lowC,5.887200074648191,1,1,0,0,0,0.30656520114706315,43.13454227175302,0.06060162432009734,0.05599678880910784
1001,10,midRight,high,278.27450215539994,1,0,100,0,0,0.2502766701790816,53.57562647298751,0.04947454142064132,0.04571520117556249
1002,10,downLeft,lowB,5.223471751687261,1,0,0,1,0,0.20432329371225788,43.73858920140526,0.22400081351840848,0.03732141901291012
1003,10,midLeft,lowC,6.385383887635022,1,1,0,0,0,0.3504177387268895,35.70773337188768,0.18287195518286814,0.03046882177742206
1004,10,downLeft,lowB,6.268394754985486,1,0,0,1,0,0.2860774298325461,29.15142545376968,0.3329050870693244,0.024874432030121282
1005,10,downRight,lowA,5.262894187451608,1,0,0,0,1,0.2335506648634031,23.798923251055015,0.27178028153762596,0.20391753778696953
1006,10,midRight,high,155.88878622768266,1,0,100,0,0,0.19066835538219773,37.790226413734985,0.22187862036872277,0.16647617589172253
1007,10,midRight,high,244.2857850498929,0,0,0,0,0,0.15565967994745242,30.851551307044936,0.18113941857077756,0.13590943398151753
1008,10,midLeft,lowC,5.903418486138384,1,1,0,0,0,0.31068926606800534,25.186888472975237,0.14788035415774853,0.11095506096434125
1009,10,midLeft,lowC,7.03385221200661,1,1,0,0,0,0.4372538221504165,20.562316125906857,0.12072799680140464,0.09058256805980719
1010,10,midRight,high,135.15478009715764,1,0,100,0,0,0.35696951324356463,35.14789371932268,0.09856109213893349,0.07395067484976274
1011,10,midRight,high,227.56648218867204,1,0,100,0,0,0.29142623101305254,47.05540892020022,0.08046425966629071,0.060372568672645906
1012,10,downLeft,lowB,5.660913379035125,1,0,0,1,0,0.23791737101236654,38.41555080093143,0.2493005000558522,0.049287542751140154
1013,10,midLeft,lowC,6.588486793957055,0,0,0,0,0,0.19423328927072742,31.362059690983212,0.20352635848589812,0.04023784185194257
1014,10,midLeft,lowC,6.479358855911967,1,1,0,0,0,0.34218036310738154,25.60366225536316,0.16615682114255723,0.03284975932107078
1015,10,downLeft,lowB,6.067948693826648,1,0,0,1,0,0.27935252128666116,20.902565945794123,0.3192590239364146,0.026818204898337025
1016,10,downRight,lowA,5.343518705023083,1,0,0,0,1,0.22806051884609457,17.06463937699974,0.26063977625790297,0.20550441392040295
1017,10,downLeft,lowB,6.675408984790124,1,0,0,1,0,0.1861862567654347,13.931395687123464,0.3963939345735963,0.16777168520972843
1018,10,downRight,lowA,6.161510530482687,1,0,0,0,1,0.15200054083766287,11.373447835809205,0.32361192220467655,0.32057738231502775
1019,10,midRight,high,76.96520664525372,0,0,0,0,0,0.12409167473649582,9.28516557701637,0.26419343753495794,0.26171607044872247
1020,10,midLeft,lowC,5.855520731572179,1,1,0,0,0,0.28491747201299766,7.580313466701341,0.215684799129224,0.21366230217642462
1021,10,midLeft,lowC,6.93098951749885,1,1,0,0,0,0.4162139951364751,6.18848977725154,0.17608284675601837,0.17443170109140935
1022,10,midRight,high,44.33555299704663,1,0,100,0,0,0.33979281534540007,23.413250051961143,0.14375222105071583,0.1424042427499408
1023,10,downRight,lowA,5.909055587966521,1,0,0,0,1,0.2774033519043359,19.114336001443395,0.11735783148512485,0.29986766377541607
1024,10,downRight,lowA,6.846333852202423,0,0,0,0,0,0.22646923705416883,15.60474688329192,0.09580972391398315,0.24480886970628213
1025,10,downRight,lowA,6.637967283910585,0,0,0,0,0,0.18488715071324868,12.739554503657395,0.07821807100821543,0.19985943776769688
1026,10,midLeft,lowC,6.212096808673692,0,0,0,0,0,0.15093996404768784,10.400440978983697,0.06385642690859812,0.16316318486639736
1027,10,midRight,high,70.83896107174013,1,0,100,0,0,0.12322583077745874,26.85184359676669,0.05213172870377805,0.1332047422583568
1028,10,midRight,high,174.93564323713287,1,0,100,0,0,0.10060029804961057,40.28259911483668,0.04255980594614796,0.10874697852119121
1029,10,downRight,lowA,5.781790849865812,0,0,0,0,0,0.08212904635187715,32.88629868914503,0.034745386873052245,0.08877991231386889
1030,10,downLeft,lowB,5.248724001113285,1,0,0,1,0,0.06704930686529807,26.84803526178941,0.21197608357211795,0.07247900528033827
1031,10,downLeft,lowB,6.36606306930267,0,0,0,0,0,0.05473836298860366,21.91845924139258,0.1730550896041928,0.05917111280596145
1032,10,downRight,lowA,5.4248661620706295,1,0,0,0,1,0.044687835307405534,17.894004191819885,0.14128039132172357,0.23191699444628722
1033,10,midLeft,lowC,5.1647705572253555,1,1,0,0,0,0.2200929959883562,14.60848057294944,0.1153398551737004,0.18933464369334335
1034,10,midRight,high,97.87559184115194,1,0,100,0,0,0.17968165323264856,30.287243745312118,0.0941622688543944,0.15457085147241206
1035,10,downRight,lowA,6.191687208127283,1,0,0,0,1,0.14669024956217053,24.726193596391333,0.07687310567933663,0.30980035772449593
1036,10,midLeft,lowC,6.062635141844566,1,1,0,0,0,0.30336671555727546,20.186209577451375,0.06275841107784301,0.25291781866129115
1037,10,midLeft,lowC,6.9683894948492915,0,0,0,0,0,0.2476654595131854,16.479813422000376,0.05123531989776527,0.20647950010849148
1038,10,downRight,lowA,6.4050025857945725,1,0,0,0,1,0.20219152824066705,13.453949805777892,0.041827987036993745,0.3521780434028573
1039,10,midRight,high,90.22538477050963,1,0,100,0,0,0.1650670794896209,29.344696727758155,0.034147937459120425,0.28751452442499636
1040,10,downLeft,lowB,5.227914576867433,0,0,0,0,0,0.13475906220363873,23.95670792692206,0.027878024148775972,0.23472389407528055
1041,10,downLeft,lowB,5.318489810339635,0,0,0,0,0,0.11001590930277552,19.558009408662794,0.022759331551726308,0.19162616761726825
1042,10,midLeft,lowC,5.699511011856639,1,1,0,0,0,0.2734261622042129,15.966957279613489,0.018580483678365265,0.15644162798315017
1043,10,downLeft,lowB,5.2538986856994345,1,0,0,1,0,0.22322230037938354,13.035259337592937,0.1987792232298618,0.1277173325038772
1044,10,downRight,lowA,5.936751964561088,1,0,0,0,1,0.18223638508098838,10.641851357318657,0.16228130885243092,0.28787742164144176
1045,10,downLeft,lowB,6.116806117684232,1,0,0,1,0,0.14877590630928522,8.687897753185574,0.316095095651072,0.2350201596220855
1046,10,midLeft,lowC,5.754653741486262,1,1,0,0,0,0.30506942422691996,7.092710171891081,0.25805677781914316,0.19186803575581005
1047,10,midLeft,lowC,7.080833195172545,0,0,0,0,0,0.2490555333197661,5.7904154735248135,0.2106748933931863,0.1566390866383079
1048,10,downLeft,lowB,6.311402299261648,1,0,0,1,0,0.2033263701676452,4.727235505676387,0.35560311923487065,0.1278785357145678
1049,10,downLeft,lowB,7.360707706711211,1,0,0,1,0,0.1659935527409912,3.85926633905672,0.4739210289092256,0.1043987184007411
1050,10,downLeft,lowB,8.119919494883275,1,0,0,1,0,0.1355154254160821,3.1506652583506494,0.5705145507605253,0.08523003757287802
1051,10,downRight,lowA,5.56703670211537,1,0,0,0,1,0.11063339643291288,2.572170640237295,0.4657621984452255,0.25319123201372207
1052,10,downLeft,lowB,8.263334209176843,1,0,0,1,0,0.09031996445202854,2.099893597062798,0.5638537656699629,0.206702711951104
1053,10,midRight,high,18.383358848455607,1,0,100,0,0,0.0737362879712588,20.07536227521485,0.46032440215586545,0.1687499633700802
1054,10,midRight,high,132.38143617551356,1,0,100,0,0,0.06019754543490956,34.7503496150797,0.37580409695123723,0.13776573064091968
1055,10,downLeft,lowB,7.380257533913864,1,0,0,1,0,0.04914465558397077,28.36982722330876,0.49041289888760814,0.1124705224225935
1056,10,midLeft,lowC,5.208220764096199,0,0,0,0,0,0.04012119024152929,23.160834512327682,0.4003680355344109,0.0918197751731291
1057,10,midRight,high,151.8177563682926,1,0,100,0,0,0.03275452614876021,37.2692973447803,0.32685633726452884,0.07496071798409598
1058,10,midRight,high,241.26412057389888,1,0,100,0,0,0.02674045751811481,48.787300972849295,0.26684214454677946,0.061197157476111895
1059,10,midLeft,lowC,5.2255578958785085,1,1,0,0,0,0.20544094176060018,39.82944962057826,0.21784717623112043,0.04996072855052715
1060,10,midLeft,lowC,6.369387493506074,0,0,0,0,0,0.16771986719272888,32.516352113043176,0.1778481891324824,0.04078742379944351
1061,10,downLeft,lowB,6.218601089170633,1,0,0,1,0,0.1369247707398381,26.54601469042486,0.32880373625016834,0.03329843235798565
1062,10,midRight,high,173.3543937610403,1,0,100,0,0,0.11178397142786446,40.032923548146954,0.2684319810051,0.02718449694080639
1063,10,midLeft,lowC,5.871705520268863,1,1,0,0,0,0.27486958989816285,32.68246613012538,0.2191451023278495,0.02219314308793535
1064,10,midRight,high,212.1422731479418,0,0,0,0,0,0.22440069987004446,26.681628461687374,0.17890780261898526,0.018118253252729206
1065,10,downLeft,lowB,6.04250113839005,1,0,0,1,0,0.18319841827836314,21.782606445090646,0.32966879377818037,0.014791555194743344
1066,10,downRight,lowA,5.10542124000235,1,0,0,0,1,0.14956130029509895,17.783095369273344,0.26913820505405966,0.19568598107165397
1067,10,midLeft,lowC,5.928953203503784,1,1,0,0,0,0.3057106117811911,14.517935753457305,0.21972165636174723,0.15975601783923976
1068,10,downRight,lowA,5.979821438451968,1,0,0,0,1,0.24957899222978852,11.852293099979391,0.1793784953892094,0.31403347409830007
1069,10,midRight,high,80.01659887892205,1,0,100,0,0,0.20375371662603575,28.037120702829778,0.14644275462370154,0.25637369123440823
1070,10,downLeft,lowB,6.031345188669384,1,0,0,1,0,0.16634243398458512,22.88921633850761,0.3031646632406576,0.20930083885446366
1071,10,downRight,lowA,6.343481224407901,1,0,0,0,1,0.1358002484671261,18.68652027945669,0.24750050608462965,0.3544813552730471
1072,10,downRight,lowA,7.224060378782475,1,0,0,0,1,0.11086592303586329,15.255482537735205,0.20205686196191433,0.47300523237380143
1073,10,midRight,high,101.74823657717386,0,0,0,0,0,0.09050979677382087,12.45441869211994,0.16495713932777106,0.3861565960286809
1074,10,downRight,lowA,7.490283920516094,1,0,0,0,1,0.07389126512200121,10.16765904159032,0.13466930818875453,0.49886457242211246
1075,10,midRight,high,69.5484341934646,0,0,0,0,0,0.060324067183289753,8.300772034542563,0.1099426350501977,0.4072678946891416
1076,10,midRight,high,57.80321965499043,1,0,100,0,0,0.049247946635177335,25.13769551366098,0.08975603397946548,0.3324893111555291
1077,10,midLeft,lowC,5.388938426302723,1,1,0,0,0,0.22381582387126764,20.522155500997833,0.07327590094638609,0.2714408463673718
1078,10,downLeft,lowB,5.410843875360747,0,0,0,0,0,0.18272093154179347,16.754076211093356,0.059821690213417794,0.22160150899458436
1079,10,downRight,lowA,6.523761313538317,1,0,0,0,1,0.14917148504523958,13.677855119725415,0.04883781125541551,0.3645234955816069
1080,10,downLeft,lowB,5.308739140043239,1,0,0,1,0,0.12178206274912977,11.166459930051245,0.22348099357485643,0.2975932243282849
1081,10,downLeft,lowB,6.625993403238591,0,0,0,0,0,0.09942162071347073,9.116182784362117,0.18244757953919397,0.24295204078629368
1082,10,midLeft,lowC,5.753174913161563,1,1,0,0,0,0.26477709420456247,7.442357656632799,0.14894832328799706,0.19834354177738844
1083,10,midRight,high,52.19856851611568,1,0,100,0,0,0.2161612904180261,24.436894863968057,0.12159987579084164,0.16192562300558389
1084,10,midLeft,lowC,6.272972653923871,1,1,0,0,0,0.3600821572128263,19.9500290743577,0.09927288515868565,0.13219440951182815
1085,10,downRight,lowA,6.051503016098964,1,0,0,0,1,0.29396736146479646,16.28699809379504,0.08104536015053918,0.2915324611615593
1086,10,midRight,high,108.29712262933164,1,0,100,0,0,0.2399919237195019,31.657568147372878,0.06616459662103333,0.2380040962105998
1087,10,downLeft,lowB,5.346421766212916,1,0,0,1,0,0.19592693271659187,25.844912313093904,0.23762640254491824,0.1943040908286121
1088,10,downRight,lowA,6.380848391584078,1,0,0,0,1,0.15995272827846638,21.099520006148794,0.19399574561317073,0.3422381647694246
1089,10,downRight,lowA,7.2209167932439975,0,0,0,0,0,0.130583758592972,17.225430641694423,0.15837612703367876,0.2793997099677405
1090,10,midRight,high,114.23770701299597,0,0,0,0,0,0.10660723447355681,14.062664018203103,0.1292966375881442,0.2280990431989125
1091,10,midLeft,lowC,5.769239635213221,1,1,0,0,0,0.27064335520985067,11.480613948204386,0.10555644215270457,0.18621770764997087
1092,10,midRight,high,77.82344167164709,0,0,0,0,0,0.22095044543402745,9.372654886520342,0.08617519131030321,0.15202621701560626
1093,10,downLeft,lowB,5.705772134107642,1,0,0,1,0,0.18038166612160839,7.651738837151059,0.25396284578242445,0.12411263650350184
1094,10,midLeft,lowC,6.131861461925466,1,1,0,0,0,0.33087204074931337,6.246800713442524,0.2073326494781703,0.10132427710326491
1095,10,downLeft,lowB,6.370218928102242,0,0,0,0,0,0.27012052347836696,5.099823711180807,0.16926423787385653,0.08272009538859118
1096,10,downRight,lowA,5.507110734427452,0,0,0,0,0,0.22052361099773105,4.1634435094359254,0.1381855790447227,0.06753183320640871
1097,10,downRight,lowA,5.619350162388346,1,0,0,0,1,0.18003320288757424,3.398992364826387,0.11281328233171123,0.23874260039990772
1098,10,downRight,lowA,6.516839523683597,1,0,0,0,1,0.1469772510767201,2.774902330238012,0.09209960082980471,0.3785173059165954
1099,10,downRight,lowA,7.176281383410031,0,0,0,0,0,0.11999071275513144,2.265401659045401,0.0751891647657966,0.3090176268392484
1100,11,downLeft,lowC,5.5409419074975075,1,0,0,1,0,0.09795918104339171,1.849450562955657,0.24499396695413528,0.2522788052348713
1101,11,downLeft,lowC,6.5588648075779,1,0,0,1,0,0.0799728656523179,1.5098723756820762,0.383620857133129,0.2059578161340362
1102,11,midLeft,high,5.670133874982186,1,100,0,0,0,18.42631981119234,1.2326442439232133,0.3131841134456317,0.1681418381033229
1103,11,midLeft,high,121.76113763963002,1,100,0,0,0,33.40408834558396,1.0063180547896602,0.25568028195267767,0.13726926344162146
1104,11,downRight,lowA,5.997496762211645,1,0,0,0,1,27.27075339999238,0.8215476869242814,0.20873474666443864,0.29567551959885596
1105,11,midLeft,high,177.85550040524328,0,0,0,0,0,22.26356197209354,0.6707030631898109,0.1704088955640761,0.24138644641265858
1106,11,midLeft,high,146.1260970925619,1,100,0,0,0,36.53677329191104,0.5475550672613062,0.13912006578402356,0.19706540666871206
1107,11,midLeft,high,236.53820208751708,0,0,0,0,0,29.82824509883254,0.4470183127800695,0.11357618767309904,0.16088216667772415
1108,11,downLeft,lowC,5.788088638029093,1,0,0,1,0,24.351471832708484,0.36494114274241324,0.2763327367668219,0.1313425425215863
1109,11,downRight,lowA,6.09374193375915,1,0,0,0,1,19.880290592167764,0.2979341871653103,0.22559519789167504,0.2908370057316687
1110,11,downRight,lowA,6.97136113306867,1,0,0,0,1,16.2300643157911,0.2432303993318371,0.18417359415047976,0.42104664144655346
1111,11,downLeft,lowC,6.255028796327865,1,0,0,1,0,13.250057209852518,0.19857079082468354,0.33396773170534394,0.34373813797860864
1112,11,downRight,lowA,7.168066018479666,1,0,0,0,1,10.817210126120635,0.16211114678533967,0.2726478136648587,0.46423458051441924
1113,11,downLeft,lowC,6.7496445997988035,1,0,0,1,0,8.83105884445832,0.13234586921326386,0.40619717253522336,0.3789963262575103
1114,11,downLeft,lowC,7.644743291200357,1,0,0,1,0,7.209585411118767,0.10804580342033783,0.515225492506191,0.309408694107887
1115,11,downLeft,lowC,8.338559604589019,1,0,0,1,0,5.885831214094328,0.08820748018916116,0.6042350890796234,0.2525980685219133
1116,11,downRight,lowA,6.5438255146566755,1,0,0,0,1,4.805131932743311,0.07201167759428867,0.49329129834166646,0.3898287672708946
1117,11,downLeft,lowC,8.01307677897756,1,0,0,1,0,3.922860179167115,0.05878959130022838,0.5863282390587523,0.31825218729170923
1118,11,midRight,lowB,5.403427164934785,1,0,1,0,0,3.2025826138990876,0.23160552422168473,0.4786723305662929,0.2598178051995171
1119,11,midLeft,high,25.329319245194878,1,100,0,0,0,20.975586222173668,0.18908036261257566,0.39078315657726137,0.21211257799406422
1120,11,downLeft,lowC,7.5931561648571675,1,0,0,1,0,17.124252377951734,0.15436325901917225,0.5026416487639415,0.1731665222433016
1121,11,midRight,lowB,5.95178967550859,1,0,1,0,0,13.980063126616997,0.3096308813855091,0.4103514608809602,0.14137136377965767
1122,11,midLeft,high,93.4904537159756,1,100,0,0,0,29.774210219778098,0.2527794599250841,0.33500670280949874,0.1154141241506246
1123,11,midRight,lowB,6.751585422546168,0,0,0,0,0,24.3073583144335,0.20636654546243735,0.2734960189647009,0.09422290128159959
1124,11,midLeft,high,159.14107748197964,1,100,0,0,0,38.20530755858944,0.16847552051389664,0.2232793307185708,0.07692260536791515
1125,11,midRight,lowB,5.965279734894409,1,0,1,0,0,31.190419275097376,0.3211519862023006,0.18228294406203896,0.06279882211336166
1126,11,midLeft,high,202.4568570244329,1,100,0,0,0,43.824567577107324,0.262185171139344,0.1488139165814905,0.05126831105061058
1127,11,midLeft,high,282.71122608543186,1,100,0,0,0,54.13895601958055,0.21404527114481428,0.12149014754109794,0.0418549206741078
1128,11,downLeft,lowC,5.699498046549859,1,0,0,1,0,44.19848563651031,0.1747443530096044,0.2827936120269056,0.03416992580283163
1129,11,downLeft,lowC,6.787860154698448,1,0,0,1,0,36.083188080950066,0.1426594885531767,0.414480097736324,0.027895975205928583
1130,11,midRight,lowB,5.82706014454591,1,0,1,0,0,29.457942808106036,0.3000760438181347,0.3383772793807235,0.022773986609748352
1131,11,downRight,lowA,5.198905330044058,1,0,0,0,1,24.049160859591037,0.24497898902520107,0.27624772293394917,0.20220275579691696
1132,11,downLeft,lowC,6.7719030433763345,1,0,0,1,0,19.63348702989999,0.19999832142609272,0.40913610135507517,0.16507624555081102
1133,11,midRight,lowB,6.097849361004392,0,0,0,0,0,16.028576431577253,0.16327656805351562,0.33401449582034665,0.13476654528151166
1134,11,midRight,lowB,6.160792770639117,1,0,1,0,0,13.085564578093313,0.3169076150038249,0.27268599140630795,0.11002201841041631
1135,11,downLeft,lowC,6.881398255985465,1,0,0,1,0,10.68292003712277,0.25872011024337843,0.40622834044981093,0.08982084173647378
1136,11,midLeft,high,72.73785110805062,1,100,0,0,0,27.082456588071125,0.21121643114678076,0.33164062979014014,0.07332880933117707
1137,11,midRight,lowB,6.398299203299139,1,0,1,0,0,22.109838395782013,0.35604522507479885,0.2707479916487741,0.05986488407338786
1138,11,downRight,lowA,5.451364736320514,1,0,0,0,1,18.050244160750015,0.2906716516795239,0.22103586954418467,0.232483382157703
1139,11,downLeft,lowC,6.33063947928123,1,0,0,1,0,14.736033273081109,0.23730134022258717,0.3640617133648443,0.18979703678268647
1140,11,downLeft,lowC,7.475514716947044,1,0,0,1,0,12.030345666877151,0.19373036808392316,0.4808265379667608,0.1549483444242592
1141,11,downRight,lowA,5.922741452206938,0,0,0,0,0,9.821450195076066,0.15815947555428084,0.39254182929369147,0.1264982311989867
1142,11,downRight,lowA,5.782649170827894,0,0,0,0,0,8.018130700927657,0.12911976555358123,0.3204671031612022,0.10327185202223434
1143,11,midRight,lowB,5.92865450111694,0,0,0,0,0,6.545919254306284,0.10541204564686313,0.2616260396842836,0.08431007547706879
1144,11,midLeft,high,46.52861675011986,1,100,0,0,0,23.70505179268839,0.08605730749135615,0.21358880198836308,0.06882987656131749
1145,11,downLeft,lowC,6.485667759211672,0,0,0,0,0,19.35255993471572,0.07025629876752333,0.17437169629550703,0.05619200173453472
1146,11,midRight,lowB,5.458264786179229,1,0,1,0,0,15.799230446831672,0.24096682600053693,0.1423552554530884,0.04587457099564954
1147,11,downLeft,lowC,5.863763565597617,0,0,0,0,0,12.898328880217967,0.1967228328896529,0.11621736317097589,0.037451526891264166
1148,11,midLeft,high,86.5847812655032,1,100,0,0,0,28.891093531404998,0.16060249297570972,0.09487865733812276,0.030575040508173876
1149,11,downLeft,lowC,5.606575645557177,0,0,0,0,0,23.58639095310677,0.13111421979410476,0.07745795785300577,0.024961147907017107
1150,11,midRight,lowB,5.865595912051947,1,0,1,0,0,19.255686448423006,0.29065060541047616,0.06323587836384034,0.02037802385476536
1151,11,midLeft,high,127.00354173642437,1,100,0,0,0,34.0811747192071,0.237284158265479,0.051625119268377886,0.016636408620800916
1152,11,midLeft,high,220.91664718727472,1,100,0,0,0,46.18455052411757,0.1937163409112496,0.04214621522515665,0.013581792511914097
1153,11,downRight,lowA,5.240071463361368,0,0,0,0,0,37.70459098307361,0.15814802391510052,0.03440773567167857,0.011088035407235942
1154,11,midRight,lowB,6.323599607214049,1,0,1,0,0,30.781639424172752,0.31272072443364163,0.028090120731539575,0.009052157812326293
1155,11,downRight,lowA,5.05704809127199,1,0,0,0,1,25.129813132441704,0.2553019759398474,0.022932485015628338,0.19100039620966958
1156,11,midLeft,high,164.09774807064994,1,100,0,0,0,38.876751194245564,0.20842590153509707,0.018721844381449713,0.15593075465636336
1157,11,downRight,lowA,6.034869214504512,1,0,0,0,1,31.73857893808645,0.17015675758402027,0.015284320770485695,0.31091056866615463
1158,11,midLeft,high,206.17502591161187,1,100,0,0,0,44.27207947560744,0.13891422293611408,0.012477961928076393,0.2538241834301399
1159,11,midLeft,high,285.4713375928055,1,100,0,0,0,54.50430012061699,0.11340813969386918,0.01018687949674431,0.20721944696308012
1160,11,midRight,lowB,5.757350743290258,1,0,1,0,0,44.49674879467322,0.2761955441287971,0.00831646341600813,0.16917182050741486
1161,11,midRight,lowB,6.858446325728832,1,0,1,0,0,36.32668704881335,0.4090935031164019,0.006789475007720083,0.13811013045938686
1162,11,downLeft,lowC,5.1102816675705,0,0,0,0,0,29.656732855511418,0.3339797190573914,0.005542857411207369,0.11275168688435802
1163,11,midLeft,high,192.99154072691033,1,100,0,0,0,42.57248179321329,0.272657600015506,0.004525131655399286,0.09204931494150406
1164,11,midRight,lowB,6.646776012394822,1,0,1,0,0,34.755735303935275,0.4062051620110153,0.00369427083895278,0.07514811188492886
1165,11,downLeft,lowC,5.084804216886722,0,0,0,0,0,28.374224044175417,0.331621707151628,0.0030159646328196486,0.061350143925117964
1166,11,downLeft,lowC,4.983128944343429,0,0,0,0,0,23.164424031561317,0.2707325434017451,0.0024622024380317026,0.050085625110529705
1167,11,midRight,lowB,6.7798478844856565,1,0,1,0,0,18.911197003257797,0.4046335656347939,0.002010116690321212,0.04088938806361081
1168,11,downRight,lowA,5.341239111872663,0,0,0,0,0,15.438906299105664,0.3303386720699081,0.001641038545936115,0.03338167493221641
1169,11,midRight,lowB,7.121312076994469,1,0,1,0,0,12.604163960192619,0.45329539466664603,0.0013397269532734353,0.027252455320353895
1170,11,downRight,lowA,5.561293361439281,1,0,0,0,1,10.289909534888563,0.37006568769120596,0.0010937392749074371,0.20585893148873616
1171,11,midRight,lowB,7.093678930469111,1,0,1,0,0,8.400576077127806,0.4857281207185541,0.0008929174699009666,0.16806110969819105
1172,11,downRight,lowA,6.095687695669659,1,0,0,0,1,6.858143717234948,0.3965434309273275,0.0007289686183408006,0.32081366548405565
1173,11,midRight,lowB,7.634177198977989,1,0,1,0,0,5.598917837826471,0.5073442773671173,0.0005951224658922094,0.2619089695923382
1174,11,downLeft,lowC,5.083141057121343,0,0,0,0,0,4.570898809826956,0.41419063839846043,0.00048585184670329014,0.21381978304889127
1175,11,midRight,lowB,7.79481949391518,1,0,1,0,0,3.731634672065183,0.5217512756412489,0.0003966444395459134,0.17456026685239712
1176,11,downRight,lowA,6.249418643320571,1,0,0,0,1,3.0464680810306977,0.42595236328384856,0.000323816431881901,0.3261195103922158
1177,11,midRight,lowB,7.551022890256964,1,0,1,0,0,2.487105138725312,0.5313534265992282,0.00026436039712738273,0.26624060668334626
1178,11,midLeft,high,20.718662300394268,1,100,0,0,0,20.391477786497926,0.43379146034812077,0.00021582110321948013,0.2173560869199938
1179,11,midLeft,high,134.16369354763216,1,100,0,0,0,35.00842306001037,0.3541428767577812,0.00017619412401029722,0.17744726888096843
1180,11,downLeft,lowC,5.263723761073826,0,0,0,0,0,28.580515723559998,0.2891185941226893,0.00014384306665407646,0.14486612120922518
1181,11,midLeft,high,185.9348727003998,1,100,0,0,0,41.69386922020547,0.23603344004191873,0.00011743199689928287,0.11826720809258244
1182,11,downRight,lowA,5.747764198582918,1,0,0,0,1,34.03844505596487,0.19269526744578866,9.587027179361356e-05,0.28016243748281144
1183,11,downRight,lowA,6.927834927460766,1,0,0,0,1,27.788635679474353,0.15731443006300125,7.82675016730254e-05,0.41233203396035756
1184,11,midRight,lowB,6.064952446859138,0,0,0,0,0,22.686355726794105,0.12842987912512832,6.389678159382361e-05,0.3366236222560086
1185,11,midRight,lowB,5.933396724515152,1,0,1,0,0,18.52090696711668,0.2884591373581859,5.216467385282488e-05,0.2748160553338196
1186,11,downRight,lowA,6.625966495895246,0,0,0,0,0,15.12027753666301,0.23549506633697947,4.258670202623513e-05,0.22435699480354251
1187,11,downRight,lowA,6.442212895545153,0,0,0,0,0,12.344038722921562,0.19225574470256793,3.476734455559384e-05,0.18316273791257753
1188,11,midLeft,high,83.22794788324828,1,100,0,0,0,28.43857676054477,0.15695560822598364,2.8383701717562694e-05,0.14953217121226053
1189,11,midRight,lowB,6.114768153908573,1,0,1,0,0,23.216960925865163,0.31174724855632474,2.3172161506419967e-05,0.12207652321797585
1190,11,downRight,lowA,5.75739209616889,1,0,0,0,1,18.95408758222344,0.2545072402680787,1.8917513797975434e-05,0.2832723230852185
1191,11,midRight,lowB,6.76421002313034,1,0,1,0,0,15.473921725662265,0.3913873954049503,1.544406326520038e-05,0.23126060462958928
1192,11,midLeft,high,103.0093001807746,0,0,0,0,0,12.632750193498604,0.31952463523420016,1.2608374054154955e-05,0.18879877381297877
1193,11,downRight,lowA,6.19920523129918,0,0,0,0,0,10.3132470410961,0.26085661858352566,1.029334661220227e-05,0.154133372825765
1194,11,downLeft,lowC,5.064032179825299,0,0,0,0,0,8.419628576635418,0.21296065453280486,8.403382071617732e-06,0.1258328967866057
1195,11,downRight,lowA,5.991448422980379,1,0,0,0,1,6.8736979814420796,0.17385888318765805,6.860434502212669e-06,0.286338987746399
1196,11,downRight,lowA,6.836715416002278,0,0,0,0,0,5.61161617879368,0.14193660011785658,5.6007880110691455e-06,0.23376419804816495
1197,11,downRight,lowA,6.488016864378932,1,0,0,0,1,4.581265604499608,0.11587557727074171,4.572425599984754e-06,0.3744529895534079
1198,11,downLeft,lowC,4.924527635340532,0,0,0,0,0,3.740098016376258,0.0945996268522597,3.7328811278120396e-06,0.30569956085482847
1199,11,midLeft,high,28.772030652087025,1,100,0,0,0,21.414408256111628,0.07723016024056,3.047485674654115e-06,0.24956997036741768
